{"type": "FeatureCollection", "features": [{"type": "Feature", "id": 8605, "geometry": {"type": "Polygon", "coordinates": [[[-75.55588572184283, 6.286526078571675], [-75.55597414006323, 6.286528142336276], [-75.55597602974952, 6.286491963672471], [-75.55606577856008, 6.286496179002006], [-75.55611312384062, 6.286498402052907], [-75.55612534448986, 6.28649897695536], [-75.5561275966549, 6.2864990816639565], [-75.55614609301013, 6.2864999504408505], [-75.55614769720198, 6.28650002938765], [-75.55621037430896, 6.2865028781121515], [-75.55622035962755, 6.286500691072574], [-75.55626766035317, 6.286490096905344], [-75.55628177646801, 6.286486934929126], [-75.55628458787562, 6.286437834891572], [-75.55628998009507, 6.286343293932213], [-75.55632504108875, 6.286344125978371], [-75.5563233640356, 6.286382395680245], [-75.55632249506789, 6.286402234973757], [-75.55634664889008, 6.286402986564353], [-75.55641049276059, 6.286404971570975], [-75.55643507940356, 6.286405727368796], [-75.5564590091395, 6.2864064782420614], [-75.55648589209952, 6.286407314118024], [-75.5565038447956, 6.286407871820305], [-75.55650383484996, 6.28640805540116], [-75.55659480842579, 6.286411818026872], [-75.55660651003812, 6.286130680771073], [-75.55669249901885, 6.286137474818169], [-75.55672199012263, 6.286138415460723], [-75.5567234812389, 6.2861384678363805], [-75.55674848821722, 6.286139264964631], [-75.55676712600172, 6.286139865418836], [-75.5567798291906, 6.286140267073488], [-75.55682405319409, 6.286141678090978], [-75.55683806045471, 6.286142130322326], [-75.55686072688191, 6.286142855718981], [-75.55691148642262, 6.286144482476846], [-75.5569135262291, 6.28609891222209], [-75.55695326331752, 6.286099979926335], [-75.55698548996196, 6.286100837554942], [-75.55701587409624, 6.2861016607997335], [-75.55701919688802, 6.286101749417545], [-75.55704809986229, 6.286102523853268], [-75.55705279080142, 6.286102647365311], [-75.55707688442055, 6.286103288017544], [-75.55712677605064, 6.286104629690578], [-75.55730387798998, 6.286092521535422], [-75.55734473662339, 6.286094194892511], [-75.5573718196743, 6.2860953054996624], [-75.5573700115606, 6.286135954499906], [-75.55736981768834, 6.286140101646437], [-75.55736852863696, 6.28616900566942], [-75.5573957526641, 6.286170120104388], [-75.55741019792191, 6.286170712120026], [-75.5574097640722, 6.286179740766815], [-75.55740845295814, 6.286207088038626], [-75.55742432908333, 6.286207791488308], [-75.55744204975002, 6.2862085754166985], [-75.55744306917904, 6.286208621057481], [-75.55746371255006, 6.286209531721758], [-75.55746215438046, 6.286245302786887], [-75.55749825355777, 6.286246697449441], [-75.5575163108217, 6.286247393838108], [-75.55752190703134, 6.286117915769215], [-75.55754583129887, 6.286118848347847], [-75.55754614624092, 6.286104902890223], [-75.55757232965165, 6.286106074847439], [-75.55758445359284, 6.2861066483837735], [-75.55761180398537, 6.286107922215637], [-75.55761090534057, 6.286121680668456], [-75.55763058695263, 6.2861225146652755], [-75.55765432900608, 6.286123509609223], [-75.55768548803547, 6.286124818139068], [-75.55773831839703, 6.286126981661001], [-75.55773884735278, 6.2861144898527], [-75.5579167044128, 6.286117875855709], [-75.55791384979122, 6.286193038501791], [-75.55791297464268, 6.286216222064674], [-75.55791252424483, 6.286227963085151], [-75.55791236890636, 6.28623204404237], [-75.55791194742982, 6.286243416953174], [-75.55791111378443, 6.286265109454374], [-75.557950505405, 6.286266855937421], [-75.55795739015886, 6.286267163083764], [-75.55798666979167, 6.286268469037684], [-75.55801629458988, 6.2862697769167495], [-75.55806371960804, 6.286271878255773], [-75.55808538063414, 6.286272842679041], [-75.55809047325107, 6.286273069090244], [-75.55810621201226, 6.286273768669862], [-75.55812825619614, 6.286274743873118], [-75.55814949804125, 6.286275722098808], [-75.55817934997161, 6.28627710028021], [-75.55820495329175, 6.286278270520738], [-75.55822574775183, 6.286279222906202], [-75.55823928596259, 6.286279840131709], [-75.55823979346512, 6.286266289733552], [-75.55824079855905, 6.286239564186554], [-75.55824104952607, 6.286232866301524], [-75.55824140941378, 6.28622331274069], [-75.55826237102843, 6.286224265211382], [-75.55826668012533, 6.286224462909018], [-75.55827798515227, 6.286224976245617], [-75.55829325219698, 6.286225663663687], [-75.55829465916773, 6.286193537779331], [-75.55829561116917, 6.286171846512699], [-75.55829568506681, 6.286170143733814], [-75.55829590100079, 6.286165151149944], [-75.55829700336002, 6.286139839137615], [-75.55832500131662, 6.286140872886904], [-75.55835208832102, 6.286141871313747], [-75.55853052578244, 6.286166957136748], [-75.55853304959429, 6.286103616321615], [-75.5585718485309, 6.286105562756711], [-75.55858899397704, 6.286106419982575], [-75.55860884622102, 6.286107413132018], [-75.55862148096125, 6.286108048333918], [-75.5586411922146, 6.286109034035462], [-75.55865291232712, 6.286109621276806], [-75.55868994618316, 6.286111476893653], [-75.55871519664845, 6.286112739249254], [-75.55871509203332, 6.286114811954133], [-75.55871497406257, 6.286117109844816], [-75.55871274860549, 6.286160528295297], [-75.55871182692752, 6.286178439373442], [-75.55871168408805, 6.28618119485949], [-75.55871088712728, 6.28619670946726], [-75.55871039183651, 6.286206472534556], [-75.55870856585537, 6.286241967322393], [-75.55870683339674, 6.286275707702191], [-75.5587067195194, 6.286277918779431], [-75.5587050417427, 6.286310646301776], [-75.55871550496364, 6.286311037175875], [-75.5587219439475, 6.286311279591017], [-75.55874323188029, 6.286312075842106], [-75.55877673981642, 6.286313320362557], [-75.55877563054186, 6.286335734766448], [-75.55885281057886, 6.286339357495365], [-75.5588542210851, 6.286303712856822], [-75.55885645550015, 6.28624716415236], [-75.55885693243546, 6.286235126465498], [-75.55885698882494, 6.286233723933517], [-75.55885755129897, 6.286219592841116], [-75.5588775791646, 6.286220099617894], [-75.5588992264143, 6.286220651806401], [-75.55890032965233, 6.286195156268328], [-75.55889780964763, 6.286194786174001], [-75.55889886369859, 6.2861764151681765], [-75.5589339499168, 6.286175215410129], [-75.55895010084485, 6.286174654442573], [-75.55896597085929, 6.286174112027907], [-75.55896546736939, 6.2861834908921095], [-75.55896530215223, 6.2861866587558755], [-75.55905381112106, 6.286191256661686], [-75.55912313581881, 6.284681164336034], [-75.56095579917591, 6.284770547377441], [-75.56217215993662, 6.284834752602256], [-75.56257765635934, 6.284861987904991], [-75.56281939544188, 6.285169751047693], [-75.5628716524845, 6.28504604785623], [-75.56288039265864, 6.284981877531074], [-75.56298868018604, 6.285014967153816], [-75.56302957563473, 6.285034170314336], [-75.5630529680082, 6.285045154280626], [-75.56311741974945, 6.28507541744075], [-75.56313320469425, 6.285043687670504], [-75.56314584149862, 6.285048816112754], [-75.56316584706671, 6.285056967877405], [-75.56317045168697, 6.285058843896881], [-75.56319495142455, 6.285068827016339], [-75.56326481413824, 6.285099937878918], [-75.56328462421027, 6.2851087596263815], [-75.56333337833908, 6.285130470147458], [-75.56336314551503, 6.285143725562041], [-75.56337552759913, 6.28514923858224], [-75.56338240321746, 6.285152300483229], [-75.56339525391829, 6.285109418625828], [-75.56340461880734, 6.2850781714823265], [-75.56320034693823, 6.284985164542287], [-75.56323264704504, 6.2848702692699705], [-75.56325655608632, 6.284785661643673], [-75.56323911796237, 6.284780924712785], [-75.56320598426043, 6.284771924186684], [-75.5631622396399, 6.2847600355721625], [-75.56317067300864, 6.284732850575428], [-75.56317936344826, 6.284704837975538], [-75.56317914285415, 6.284696694065626], [-75.56318765548474, 6.284656912829609], [-75.56320527705154, 6.284660917451746], [-75.56321251635948, 6.284630683374046], [-75.56321672659756, 6.284613099780596], [-75.56322963431822, 6.284559164182113], [-75.56323027183713, 6.284556503016921], [-75.5632526954308, 6.284562105134138], [-75.5632555125208, 6.284562810075876], [-75.56325694366937, 6.284563165600218], [-75.563357551742, 6.284588297013845], [-75.56337043912045, 6.284535930122211], [-75.5633710964895, 6.284533263435227], [-75.56337303129963, 6.284525396459147], [-75.56338225275391, 6.284487922617297], [-75.56335494074514, 6.284481717034339], [-75.56335785889841, 6.284470218911812], [-75.56336413955847, 6.284445523501876], [-75.56336466252792, 6.284443456888869], [-75.56337183574412, 6.284415226611929], [-75.56337999656009, 6.284382574084933], [-75.56338409061834, 6.284366175427011], [-75.56338698840673, 6.284354577954227], [-75.56341701844454, 6.284362479852942], [-75.5634365810161, 6.284367633097904], [-75.56352100319161, 6.2843898612548035], [-75.56353992765747, 6.284335756927015], [-75.56355943578954, 6.28427998801169], [-75.56356577072039, 6.28426176294366], [-75.56361107130085, 6.284131445182781], [-75.5636353030121, 6.284078046245184], [-75.56365823110394, 6.284027454586446], [-75.56368323302299, 6.283972291601064], [-75.5637188689924, 6.283893568199574], [-75.5637402635393, 6.283836474582615], [-75.56374520369216, 6.28382329125953], [-75.56382003692491, 6.283849303044627], [-75.56389660937943, 6.283866255396393], [-75.56390640163971, 6.2838342747553035], [-75.56392464867265, 6.28377118615577], [-75.56393110512974, 6.283748997848522], [-75.56394107416583, 6.283714554492204], [-75.56421763919421, 6.283784401838399], [-75.56422681517341, 6.283786718326241], [-75.56423518930016, 6.283788766614477], [-75.56424474906386, 6.283747694640263], [-75.56425482673535, 6.2837044457795], [-75.56426827650246, 6.283707691508043], [-75.56428117354976, 6.283710803428955], [-75.56431739780611, 6.283719541929851], [-75.56432508971584, 6.283721397374722], [-75.56436726904116, 6.283731574911071], [-75.56438803890637, 6.283736582973796], [-75.5644124978152, 6.2837424887876425], [-75.56442532698807, 6.283745578434877], [-75.56446092255898, 6.283754169023932], [-75.56447880400653, 6.2837584815368235], [-75.56449637156047, 6.2837627196448205], [-75.56453150394022, 6.283771192255705], [-75.56457753410666, 6.283650606228246], [-75.56463533205863, 6.283505137866378], [-75.56465406846833, 6.283457120839003], [-75.564600465162, 6.283443514978612], [-75.56457716638509, 6.283437602573978], [-75.5645729036178, 6.283436525009505], [-75.5645700383877, 6.283435766967737], [-75.56456974618315, 6.283435693361264], [-75.56454506240335, 6.283429437864214], [-75.56453705884648, 6.2834274121719655], [-75.56452697183907, 6.283424856954964], [-75.56452567274125, 6.283424527908279], [-75.56451613212427, 6.283422105625037], [-75.56450217943339, 6.2834185603999835], [-75.56448725967951, 6.283414774908447], [-75.56448313077497, 6.2834137256175016], [-75.56445816738287, 6.283407384693978], [-75.56443578321253, 6.283401701955983], [-75.5643936827451, 6.283391015927227], [-75.56441498027147, 6.283329443008867], [-75.5644171193466, 6.2833232521294775], [-75.5644179354512, 6.283320896577734], [-75.56441946693558, 6.283316466237502], [-75.56442507619677, 6.2833002509193845], [-75.56442655868727, 6.283295963666368], [-75.56442665936777, 6.283295673862409], [-75.56442813742481, 6.28329140380892], [-75.56443165476657, 6.283281229963414], [-75.56443697268205, 6.283265854169705], [-75.56444693496935, 6.283237048784408], [-75.56445198026938, 6.283222462698098], [-75.56445198918057, 6.283222437339748], [-75.56446644262111, 6.283180649737311], [-75.56446859686949, 6.283174420811793], [-75.56448046845205, 6.2831401055539], [-75.56448052725612, 6.28313993619988], [-75.5644877143047, 6.2831191519890375], [-75.5644898676626, 6.283112925780269], [-75.56448955803451, 6.283112799821663], [-75.564474163035, 6.28310661809547], [-75.5644848025409, 6.283069608352087], [-75.56448533735386, 6.2830677469114615], [-75.56449542425932, 6.283032656558319], [-75.56450587790542, 6.283036832829674], [-75.56451673407514, 6.283008638749901], [-75.5645286283883, 6.28297730418022], [-75.56453968684325, 6.282948166138649], [-75.56454191872251, 6.282942291237623], [-75.56455288540289, 6.282913970043402], [-75.56456127441703, 6.282892316528632], [-75.56457823647352, 6.2828519007937205], [-75.5645580690257, 6.282844252527999], [-75.56448882044982, 6.282817995528064], [-75.56447796326358, 6.282813888136663], [-75.56447437316729, 6.282812529713194], [-75.56445623105131, 6.282805720453369], [-75.56440588090294, 6.282786834952441], [-75.56443335357078, 6.282717584929256], [-75.56444399871098, 6.282690762493524], [-75.56444402550655, 6.2826906990755065], [-75.56445134420892, 6.2826722585372226], [-75.56445571752458, 6.282661227934404], [-75.56447218820536, 6.282619734219806], [-75.56447751503951, 6.282606363665601], [-75.56448310943941, 6.282592279373026], [-75.56448782604302, 6.282580499401003], [-75.56451343204445, 6.282516241903339], [-75.56450584172134, 6.282513355288823], [-75.56446929778774, 6.282499468616011], [-75.56445973409718, 6.28249583675998], [-75.56441980825686, 6.282480667485123], [-75.56434482227878, 6.282454968379961], [-75.5643714953874, 6.282385362454612], [-75.56437416110937, 6.282378409554744], [-75.56442163981006, 6.282240321340705], [-75.56449799841094, 6.282043957347906], [-75.5645073461469, 6.282019918656747], [-75.56451068423607, 6.282011333282695], [-75.56445587810123, 6.281990086416049], [-75.5644451203618, 6.281985802230827], [-75.5643881295929, 6.28196310414765], [-75.5643872378703, 6.281962749595014], [-75.5643310518899, 6.281940365798288], [-75.56432983063166, 6.281939879055475], [-75.5642890584539, 6.281923649782907], [-75.56428662680187, 6.281922680764223], [-75.56427405027115, 6.281917665039553], [-75.56427270590437, 6.281917131887331], [-75.56425197894241, 6.281908876073149], [-75.56426393342939, 6.281878201205922], [-75.564284705907, 6.281886341976883], [-75.56428572163713, 6.281886742030507], [-75.56428766707731, 6.281887504587615], [-75.56428862666982, 6.281887880505979], [-75.56430497145882, 6.28189428994809], [-75.5643071359753, 6.281895138223911], [-75.56431941332629, 6.2818999474732395], [-75.56432059470123, 6.281900408192949], [-75.56436770620458, 6.2819188711336444], [-75.56437732888246, 6.281884923126477], [-75.56438053436885, 6.2818736143670755], [-75.56438402143061, 6.281861316051982], [-75.56436352180857, 6.281858891439117], [-75.56426202519182, 6.281847029254595], [-75.5642615143813, 6.28184696576041], [-75.564254853936, 6.281846134104991], [-75.56424893574778, 6.281845394643906], [-75.56424597377044, 6.281844989667804], [-75.56424185447175, 6.281844423108991], [-75.56423298118011, 6.281843206310313], [-75.56418119348858, 6.2818359200932035], [-75.56418148298185, 6.2818282447208755], [-75.56412398344473, 6.281822870636311], [-75.56410689241015, 6.281821273723763], [-75.56409834734679, 6.281820475717076], [-75.56401090436725, 6.281812302893055], [-75.56398359685848, 6.281809751617304], [-75.56398294420453, 6.281809690626438], [-75.56396143011503, 6.281807677812481], [-75.56395630686035, 6.28174195084912], [-75.56395594908224, 6.281737342625284], [-75.56395556981093, 6.281732404512312], [-75.56394643667493, 6.281678859990813], [-75.56394514465383, 6.281671302670374], [-75.56394201833623, 6.281653020028514], [-75.56394191602315, 6.281652422923642], [-75.56394152151046, 6.281650092293903], [-75.56394146014297, 6.281649738189723], [-75.56393876053272, 6.281633902647822], [-75.56393875309212, 6.281633859287752], [-75.56393769737782, 6.281627692210169], [-75.56393601000758, 6.281617817825362], [-75.5639467167319, 6.281568875519075], [-75.56394772993183, 6.281563961318524], [-75.56395907051858, 6.281509028087266], [-75.56395924259189, 6.281508187339855], [-75.56397047860915, 6.281453487878272], [-75.56400869578403, 6.281453160381289], [-75.56400874696907, 6.281414529981189], [-75.56400874839584, 6.281414267786801], [-75.56400880842419, 6.281376705078897], [-75.56400880818514, 6.281376656258966], [-75.56400885225841, 6.281349305376477], [-75.56400885284454, 6.281348686972964], [-75.56400890719998, 6.281311626065251], [-75.56397901590859, 6.281312644153478], [-75.56397898157938, 6.281312645225869], [-75.56395995627625, 6.2813133017468346], [-75.56393910246308, 6.28131400972359], [-75.56393072624265, 6.281314293084146], [-75.5638928029196, 6.281315582895639], [-75.56386326668499, 6.281316594716341], [-75.56386286971343, 6.281302135669417], [-75.56386286956294, 6.2813021049309405], [-75.56386112603198, 6.281238868445017], [-75.56386302973874, 6.28120379561218], [-75.56385447582376, 6.281159296420023], [-75.56385247324938, 6.281141327411577], [-75.56385199307842, 6.281137002768633], [-75.56384926226708, 6.281112577573991], [-75.56384834660392, 6.281104380116353], [-75.56384674110664, 6.281090003841353], [-75.56389830368988, 6.281086943864533], [-75.56392129658039, 6.281085581691608], [-75.56391705307558, 6.281036946837036], [-75.56391473625763, 6.281010342554528], [-75.56391238037348, 6.280983325292175], [-75.5640009960005, 6.280976918437243], [-75.56409148939602, 6.2809703730770385], [-75.56417134473162, 6.280964606747566], [-75.56417258483843, 6.280964514778917], [-75.56416704332528, 6.2808742563684135], [-75.56416696439112, 6.280872713466255], [-75.56411916828834, 6.280875691709269], [-75.56408310880975, 6.280878603370773], [-75.56403262511685, 6.280882593806044], [-75.56398208584248, 6.280886305144013], [-75.56398155837952, 6.280886346605765], [-75.56394530522502, 6.280889009677653], [-75.56393159267571, 6.280890022580003], [-75.56392368152814, 6.2808906228033], [-75.5639155743839, 6.28089123754869], [-75.56390804616758, 6.280891803347254], [-75.56389782819686, 6.280892569478362], [-75.5638721411428, 6.280894521665793], [-75.56379012517894, 6.280900235250742], [-75.56378937639978, 6.2808903210027545], [-75.56378808630512, 6.280873189308224], [-75.56378770171615, 6.28086808667496], [-75.5637876830622, 6.280867782990587], [-75.56378482958993, 6.280829928068753], [-75.56379024511233, 6.280780593105131], [-75.56379010067863, 6.280756442732579], [-75.56378996146425, 6.28073317382671], [-75.5637899560621, 6.2807328085989464], [-75.56378983269308, 6.280712776274252], [-75.56378977821228, 6.280704785248625], [-75.56378949863655, 6.280664103263486], [-75.56378940453908, 6.28064949626732], [-75.56378939353114, 6.2806422644680895], [-75.56378931242661, 6.2806089019645075], [-75.56378930325816, 6.280602599565566], [-75.56378930299515, 6.280601807579932], [-75.56378928561418, 6.280594565866887], [-75.56378943985531, 6.280580115870014], [-75.56378172425933, 6.280582271077768], [-75.56377488435447, 6.280536841298886], [-75.56377232642218, 6.280511920713544], [-75.56381309414125, 6.280501241530779], [-75.56381912575155, 6.280495253079018], [-75.56381924083882, 6.280482587053062], [-75.56383654171023, 6.280480914662428], [-75.56383725344855, 6.280453178975127], [-75.56383871629468, 6.280395598154778], [-75.56383903605015, 6.280385611766399], [-75.56384071500716, 6.280333047612037], [-75.56384196707417, 6.280293686235805], [-75.56390896955688, 6.280295863976007], [-75.56394087941966, 6.280296901876939], [-75.56395372613808, 6.280297318981663], [-75.56399537495041, 6.2802986707803345], [-75.56413544537979, 6.280303218886008], [-75.56413905648887, 6.280303336798633], [-75.56416965991427, 6.280304022163824], [-75.5641903162268, 6.2803045067586885], [-75.56421373198282, 6.280164376684683], [-75.56421919326625, 6.280071796868125], [-75.56422441343632, 6.2799833029323215], [-75.56423654346519, 6.2799157691012555], [-75.5641407679105, 6.279912106859415], [-75.56397014689092, 6.279914318288209], [-75.5638954836466, 6.2799205011782835], [-75.56389567552067, 6.2798363995493895], [-75.56389840007826, 6.279831312417009], [-75.56389724462043, 6.279814180062709], [-75.56388345828327, 6.2796096220878], [-75.56387637802834, 6.27961014499884], [-75.56387023980191, 6.2796105945817695], [-75.56374564539207, 6.2796197271917045], [-75.56374030921965, 6.27962011859688], [-75.56372121804466, 6.279621519477343], [-75.56371717942953, 6.279621742690487], [-75.5637124290534, 6.279622011884126], [-75.56370358134691, 6.279622507290772], [-75.56363681747385, 6.279626236579312], [-75.5636087450614, 6.279627803521075], [-75.5636019686028, 6.279628184805151], [-75.56357261174196, 6.279629829462868], [-75.5635699072802, 6.279629977425865], [-75.5634424665093, 6.279632795251027], [-75.56344662494463, 6.279494219614345], [-75.56309851223588, 6.2794300881453], [-75.56309050479429, 6.279509054885093], [-75.56308168997118, 6.279553385174401], [-75.56308021026096, 6.279560828606915], [-75.56307654448058, 6.279579265698107], [-75.56307498276082, 6.279587121799867], [-75.56307041044218, 6.279610115451904], [-75.56307039544961, 6.279610190565267], [-75.56306471116139, 6.2796387814941435], [-75.56303842908716, 6.279631022933421], [-75.56302950733577, 6.27962838961819], [-75.56302700906062, 6.279627651459042], [-75.5630182185091, 6.279625056376878], [-75.56299887565791, 6.279619342331174], [-75.56298962363287, 6.279616610278612], [-75.56297381961156, 6.279611938493775], [-75.56296123685728, 6.279608222829185], [-75.56292542224523, 6.279597646789183], [-75.56288003889686, 6.279584241696354], [-75.56283058282806, 6.279569629693141], [-75.56282095191263, 6.279566834398166], [-75.56279061781548, 6.27955803607259], [-75.56278409093129, 6.2795806188978], [-75.5627819691285, 6.279587944327915], [-75.56277638764595, 6.279607265066235], [-75.5627756520188, 6.27960982002715], [-75.56276523604126, 6.279645827831219], [-75.56276051807104, 6.2796621391265015], [-75.56274562501571, 6.279713647881051], [-75.56274163563883, 6.279727444030294], [-75.56273534675476, 6.279749179457239], [-75.5627278220839, 6.279775213583292], [-75.56272029566321, 6.279801259471343], [-75.56270844039295, 6.279842262222568], [-75.56270665265343, 6.279848429678569], [-75.56270367439247, 6.279858729258376], [-75.5626932835838, 6.279894341851704], [-75.56269264823108, 6.279896523834243], [-75.56268058580874, 6.2799378467469635], [-75.56261262659687, 6.28017077541107], [-75.56260409569586, 6.280200013159242], [-75.56259077675875, 6.280245462193978], [-75.56259411205681, 6.280261597520573], [-75.56259787009785, 6.280279371709336], [-75.56260834127774, 6.280328877500991], [-75.56264481720572, 6.2804457873009065], [-75.56266383612818, 6.280492022685546], [-75.56263215961297, 6.280506736526414], [-75.56257051140919, 6.280537612350156], [-75.56250119477028, 6.28057271531634], [-75.56251834500604, 6.280603220464893], [-75.56252126254543, 6.280608393871773], [-75.5625278014916, 6.280620035518282], [-75.56255918070387, 6.28067584891511], [-75.56256571046217, 6.2806874589621], [-75.5625349992844, 6.28071406687463], [-75.56252752169023, 6.280720547901888], [-75.5625226011095, 6.2807248131209725], [-75.56249570929745, 6.280748120454125], [-75.5625173018768, 6.280785752519878], [-75.56253885343013, 6.280823308840451], [-75.56252953092356, 6.2808307364541776], [-75.5624899056332, 6.280862372319829], [-75.56246647802689, 6.2808810725895245], [-75.562441381779, 6.280901105533832], [-75.56240406318908, 6.28093089026159], [-75.56240042619248, 6.2809337930488125], [-75.56239939883514, 6.280935448056474], [-75.56239901585771, 6.280934919228595], [-75.56236827177513, 6.280959607906501], [-75.56237744790936, 6.280970829791503], [-75.56238456157698, 6.280979530312725], [-75.56244032832245, 6.28104773330072], [-75.56240071152037, 6.281087201306821], [-75.56236736095099, 6.281144435735234], [-75.56234414164989, 6.281184289919621], [-75.56233090696408, 6.281275211851853], [-75.56225569994173, 6.2812702235378906], [-75.56226197625926, 6.281321071679167], [-75.56226179298216, 6.281359323962054], [-75.56226141999832, 6.281440053398402], [-75.56226125645158, 6.281474397178808], [-75.56226124196544, 6.281478084152033], [-75.56226110414431, 6.281506790769718], [-75.56226098686066, 6.281533231622945], [-75.56226095028558, 6.281540344322983], [-75.56226093545794, 6.2815441461180175], [-75.56225708238993, 6.281549055249074], [-75.56225591406557, 6.281549045603456], [-75.56224622137454, 6.28154896018893], [-75.56224618756973, 6.2815595934241255], [-75.56224617689895, 6.281562952191953], [-75.56224607689784, 6.281593294133737], [-75.56224257293414, 6.281593286890235], [-75.56222242365139, 6.281593217446057], [-75.56220479167675, 6.281593157366454], [-75.56218840842183, 6.281593102921751], [-75.56217498069049, 6.281593057503317], [-75.56216986203742, 6.281593037375811], [-75.56213220459534, 6.281592914472931], [-75.56212359276724, 6.281592876198714], [-75.56210455668374, 6.281592814857719], [-75.56210060001709, 6.281592801694234], [-75.5620802076724, 6.281592730723036], [-75.56206076770667, 6.281592669550875], [-75.56200751852188, 6.281592495544894], [-75.56198939047285, 6.2815924297513455], [-75.56198886636292, 6.281638584605447], [-75.561988298118, 6.281687906723613], [-75.56198808248469, 6.28170662166061], [-75.56198754008706, 6.281754208692115], [-75.56198721348346, 6.281782928897726], [-75.56198714261875, 6.2817896819370045], [-75.56198684116603, 6.281814309177347], [-75.5619862467266, 6.281864924280841], [-75.56198551605337, 6.281895083074326], [-75.56198449307009, 6.28193733377401], [-75.56197804612472, 6.2819372966469205], [-75.56195249961354, 6.281937153284446], [-75.5619357240094, 6.28193705826573], [-75.56189401721143, 6.28193682138718], [-75.56166135346093, 6.281935498380539], [-75.56136772250305, 6.281930148688808], [-75.56117230253525, 6.281926588032743], [-75.5611527872979, 6.2819266601024735], [-75.56079866795338, 6.281928004616639], [-75.56058828669032, 6.281928802421366], [-75.56028790934687, 6.2819311491791865], [-75.56028916303298, 6.282020124273066], [-75.56028916064676, 6.28215600012594], [-75.56028915138748, 6.282706183903409], [-75.56029888642065, 6.283023824175656], [-75.56001690350253, 6.283126102135831], [-75.55993938803971, 6.283050448893191], [-75.5591756894021, 6.282952612046568], [-75.55876559208599, 6.2828984312200316], [-75.55795671778841, 6.282795050754602], [-75.55794311751873, 6.283062423094517], [-75.55793063442096, 6.283278461579214], [-75.55794776822023, 6.283352210969257], [-75.55794782637483, 6.28335246292825], [-75.557891400968, 6.283350088166705], [-75.557890878815, 6.283349738122767], [-75.5578842399558, 6.283349449647286], [-75.55787059712506, 6.283348856400329], [-75.55735150705247, 6.28332628795509], [-75.55677307675727, 6.283302315783603], [-75.55623220039932, 6.283285006996796], [-75.55611589603886, 6.283281353463094], [-75.55610126307938, 6.283461210694221], [-75.556071996107, 6.284214246605112], [-75.55607169903466, 6.284221872332197], [-75.55607161963871, 6.284223931355907], [-75.55600662145635, 6.284223091010346], [-75.5559233177283, 6.284217698507728], [-75.55588440133558, 6.284215182806464], [-75.55588219779408, 6.284215041691135], [-75.555879997902, 6.28421490779074], [-75.55585153521638, 6.284213059736527], [-75.55582653154832, 6.284211444301001], [-75.55580129470803, 6.2842098173467775], [-75.55578829123498, 6.284208975012306], [-75.55577461600828, 6.284208047359831], [-75.55575032958112, 6.2842063958663035], [-75.55569979090903, 6.2842029704875095], [-75.55569304003843, 6.284202507140137], [-75.55564424308047, 6.284199199814834], [-75.55563221824147, 6.284198376198617], [-75.5555807856597, 6.2841948900824764], [-75.55557255973285, 6.284194331781025], [-75.55540376596252, 6.28418657247766], [-75.55540430643762, 6.284162359835897], [-75.55540527402346, 6.284118659935068], [-75.5553259318188, 6.284114825618437], [-75.55531364518713, 6.284114235627342], [-75.5553038601378, 6.284113759982349], [-75.55529817730384, 6.284113490310817], [-75.55529639820246, 6.284158831507625], [-75.55529010550379, 6.284319397958712], [-75.55528849467251, 6.284360524321053], [-75.55528667782765, 6.2844070166225245], [-75.55528667441916, 6.284570288138767], [-75.55526926287497, 6.284569150003258], [-75.55526180893774, 6.284568666582206], [-75.55524787083617, 6.28456775376582], [-75.55524582183531, 6.284567620029788], [-75.55520483367276, 6.284564942635062], [-75.55517309539368, 6.284562870071238], [-75.55514202709033, 6.284561258938219], [-75.55511046888418, 6.284559611321562], [-75.5550680057666, 6.284557415777851], [-75.55504791833943, 6.284556366658361], [-75.55504670425479, 6.284575488895904], [-75.55504438555046, 6.284611910169136], [-75.55504262172909, 6.284639468544287], [-75.55503856549488, 6.284703280805773], [-75.55503728040567, 6.284723405134023], [-75.55503579910497, 6.284746646856175], [-75.55503399424917, 6.284775053478472], [-75.55503220074557, 6.284803194239759], [-75.55503081793783, 6.284824956371986], [-75.55502938388597, 6.284847511650945], [-75.55505193379157, 6.284848805494529], [-75.55509051173672, 6.284851015500835], [-75.55514307609214, 6.284854037729428], [-75.55514161503021, 6.284875686325973], [-75.55514066046808, 6.284889851918819], [-75.55513819334986, 6.28492714818078], [-75.55511377322806, 6.284925697129935], [-75.55511147753809, 6.284960722358086], [-75.55510900204011, 6.284998523149854], [-75.55513316146352, 6.2849998760229004], [-75.55512987991432, 6.285049132995979], [-75.55512827255852, 6.285072093253711], [-75.55512629410823, 6.285100474504176], [-75.55512476470437, 6.285122374775109], [-75.55512121359214, 6.285173234228365], [-75.55515036807202, 6.285174816731562], [-75.55515186834165, 6.28517489347886], [-75.55520160602151, 6.285177463894802], [-75.55520842594923, 6.285177818414015], [-75.55522723450261, 6.285178791496418], [-75.55533638575805, 6.285184441026144], [-75.55544016007079, 6.285189925150996], [-75.5554101102584, 6.285757140068525], [-75.55539382349791, 6.286054970680422], [-75.55539291030438, 6.2860716829196805], [-75.55536974326132, 6.286495361782087], [-75.55536973818896, 6.2864954332308125], [-75.5553690522602, 6.286507986401685], [-75.55545010398434, 6.286512299516379], [-75.55550517424788, 6.286514436929776], [-75.55553003752244, 6.286515402975425], [-75.55555606660411, 6.286516414852436], [-75.55556163626613, 6.286516632626268], [-75.55561147215812, 6.286518567792484], [-75.5556176102561, 6.286518806292416], [-75.55563339109814, 6.286519419849816], [-75.5556356675799, 6.286519508167815], [-75.55564839111653, 6.286520001965411], [-75.55566546156714, 6.286520664365108], [-75.5556658087037, 6.28651367035705], [-75.55588572184283, 6.286526078571675]]]}, "properties": {"t_id": 8605, "fecha_adopcion": 1418774400000, "fecha_actualizacion": 1418774400000, "shape_length": 4263.74614877874, "shape_area": 340520.970388677, "caracter": "Económica", "nombre": "Aranjuez", "orden": "Primer Orden o General", "accion": "Redelimitada", "estado": "En Consolidación", "jerarquia": "Ciudad"}}, {"type": "Feature", "id": 8615, "geometry": {"type": "Polygon", "coordinates": [[[-75.55050964802432, 6.2875861748611905], [-75.55050468348638, 6.2876183417888045], [-75.55049765459306, 6.287663908569025], [-75.55049759155281, 6.287664322052136], [-75.55049722942945, 6.2876665876954165], [-75.55047871349797, 6.2877823717077455], [-75.55047736051924, 6.287790824448932], [-75.55048639052588, 6.287792459289051], [-75.55049522047626, 6.287794388939278], [-75.55051100170222, 6.28779784152248], [-75.55055028690536, 6.287806421359468], [-75.55055267049691, 6.287791226207183], [-75.55055818235122, 6.287731028491495], [-75.55055847496824, 6.287729147431615], [-75.55058011969554, 6.287590711204275], [-75.55058070242623, 6.287586991589668], [-75.55058160760822, 6.287581209044753], [-75.55061897758694, 6.287585781299746], [-75.55061854129505, 6.2875885870548], [-75.55061489434014, 6.287612082619978], [-75.55060528304362, 6.287672465796554], [-75.55059536581571, 6.287734778920186], [-75.55059453020185, 6.287740004197716], [-75.55061251370789, 6.28774444686998], [-75.55063074597766, 6.287748947997922], [-75.55064218376508, 6.2877516532930935], [-75.55064083850331, 6.2877615028359655], [-75.55066638616043, 6.287767337062551], [-75.55068400168024, 6.28777136021595], [-75.55070386775753, 6.287775896761545], [-75.55071134299536, 6.28770327702894], [-75.5506952388238, 6.287700673172773], [-75.55071032834284, 6.28763694609876], [-75.55072402519414, 6.287579090743954], [-75.55072585454609, 6.287571976463809], [-75.55073010292257, 6.287555452218369], [-75.55073689093862, 6.28752905270973], [-75.55077114845304, 6.287535910353126], [-75.55078621190776, 6.287538923423789], [-75.55079152820885, 6.287539986914596], [-75.55080878675585, 6.287543442224012], [-75.55081942748987, 6.287545569165329], [-75.5508631716749, 6.287554323405952], [-75.55091447165357, 6.287560162088275], [-75.55091889162775, 6.2875200905374635], [-75.55090640783446, 6.287463897268286], [-75.55089576555513, 6.287441069984318], [-75.55088894455295, 6.287426422453805], [-75.55088894588275, 6.287391302550504], [-75.5509039196245, 6.287288270153252], [-75.55091874863183, 6.287195951185276], [-75.550931382814, 6.287117327442419], [-75.55093331922811, 6.2871025214330825], [-75.55093756754586, 6.28707004971059], [-75.55093875828797, 6.287060939576501], [-75.55086663095872, 6.287052423336815], [-75.5508527357307, 6.287050689291078], [-75.55084378686828, 6.2870495712036645], [-75.55084135300689, 6.287049266648768], [-75.55083060767257, 6.287047922263981], [-75.55081055365244, 6.287045417246369], [-75.55079670180714, 6.287043685699518], [-75.55079363958274, 6.287043301034265], [-75.55077697580572, 6.28704137165327], [-75.55077431513473, 6.2870410636847], [-75.55075849303883, 6.2870392305498495], [-75.55073535610514, 6.287036545291941], [-75.55073516987096, 6.287036524502553], [-75.55073277137082, 6.287036245089374], [-75.55067124600956, 6.287029691409654], [-75.55066469724682, 6.2870289955729035], [-75.55066659911475, 6.287013959183842], [-75.55067042892986, 6.286983675622377], [-75.55067088046758, 6.286980104921505], [-75.55067265002751, 6.286966100760541], [-75.55066874178969, 6.286965657840807], [-75.55063172639278, 6.286961155265183], [-75.55060474010727, 6.286957873094699], [-75.55060591985932, 6.286948546027883], [-75.55060998272508, 6.2869163943540896], [-75.55061157130254, 6.286903816847535], [-75.55061301900352, 6.286892367445842], [-75.55061348191754, 6.286888720744647], [-75.55061401170636, 6.286884520405634], [-75.5506239643345, 6.286807594087993], [-75.5506336808595, 6.286734317885707], [-75.55063390663315, 6.286732626109975], [-75.55058733924768, 6.286725981312959], [-75.55058908546097, 6.286711820855658], [-75.5505610092734, 6.286708307122208], [-75.55052476627966, 6.286703772734067], [-75.55051474631804, 6.28670276022166], [-75.55052345505261, 6.286640349028016], [-75.55052644605111, 6.286618894515078], [-75.55053430851633, 6.286562488892768], [-75.55053637233623, 6.286547680450934], [-75.55053879591382, 6.286530306215265], [-75.55053974674347, 6.286523507235471], [-75.55054188831176, 6.28650815143154], [-75.55054192064956, 6.286507927055991], [-75.55055826725692, 6.28639067272639], [-75.55055838422314, 6.286389829530909], [-75.55056106882229, 6.286370579814801], [-75.55056004074508, 6.286370429326613], [-75.55056804658824, 6.2863267536901395], [-75.5505294768396, 6.286322193579427], [-75.5504313051538, 6.286303041893926], [-75.55033722508765, 6.286284696570349], [-75.54992438037016, 6.2862270773361395], [-75.54986286393185, 6.286207692429083], [-75.54945086041411, 6.286120962835929], [-75.54926898069705, 6.286085156983723], [-75.54924291354862, 6.286269597607838], [-75.54919705909016, 6.286265921881188], [-75.54916144962263, 6.286259744245092], [-75.54916073791898, 6.286259620237917], [-75.54912118382825, 6.286252763871148], [-75.5491229541702, 6.28623835375274], [-75.54910359301638, 6.286234885114883], [-75.54908458186436, 6.286231854163861], [-75.54907804771369, 6.286230818287681], [-75.54907540365676, 6.28623039631014], [-75.54907057311951, 6.286229629684327], [-75.54906734220982, 6.286229116542322], [-75.54905841899745, 6.2862276981291805], [-75.5490592417591, 6.286220572483325], [-75.54905037481838, 6.286218834646548], [-75.54904254705318, 6.28621729968503], [-75.54904178925602, 6.286217173190157], [-75.54902265115172, 6.286213863487352], [-75.54900484333761, 6.2862107914035334], [-75.54900133005354, 6.286210182899101], [-75.54899037059519, 6.286208284391631], [-75.54896547557973, 6.286203790361133], [-75.5489637690619, 6.286203481343777], [-75.54895842018651, 6.286202591574361], [-75.54893577042822, 6.286198822532472], [-75.54891644668423, 6.2861956140862905], [-75.54884941205131, 6.286184356736523], [-75.54884563769821, 6.286183760353438], [-75.5488313685631, 6.286181501876438], [-75.5488110544996, 6.286178289214723], [-75.54881257460576, 6.286168710042684], [-75.54880058224676, 6.286166969361882], [-75.54877789868554, 6.2861636805566246], [-75.54877812481833, 6.286162061105987], [-75.54874349524334, 6.286155787342936], [-75.54872883125076, 6.286153342734506], [-75.5487076084257, 6.286149803597615], [-75.5487053304892, 6.286165742323741], [-75.54870529883902, 6.286165737053459], [-75.54866507747609, 6.2861587889700195], [-75.54863944547388, 6.2861543599951615], [-75.54863736283845, 6.286154002180952], [-75.54863391647312, 6.28615340510075], [-75.5486404768297, 6.286113259777107], [-75.54864196140417, 6.286104176227191], [-75.54863210286021, 6.286102912448235], [-75.54857702644314, 6.28609584603304], [-75.54857601980966, 6.2861023243340695], [-75.54857568511292, 6.286104472311624], [-75.54856838174575, 6.2861514237461265], [-75.5485216263817, 6.2861460679996135], [-75.54849762265727, 6.286143322657325], [-75.54846075203697, 6.286135148523823], [-75.54844784427175, 6.286259723016767], [-75.54843949411239, 6.286318266570715], [-75.54832603329247, 6.2871135102348825], [-75.54831722267, 6.287175277368647], [-75.54831055267401, 6.28722203857454], [-75.54831081241657, 6.287222125005994], [-75.54830953158071, 6.287231484220768], [-75.54835931801068, 6.287238224720386], [-75.54838746509394, 6.2872429244071935], [-75.54842916759065, 6.287249894187625], [-75.54842810635932, 6.287258519101565], [-75.54842726764316, 6.2872653383364785], [-75.5484247053513, 6.287286154291895], [-75.54842006855654, 6.287323863624087], [-75.548444431688, 6.287327481465078], [-75.54845490519973, 6.287329037881485], [-75.54845953296028, 6.28732972412884], [-75.5484766470056, 6.287332264370821], [-75.54848571355947, 6.2873336115676635], [-75.54852525574627, 6.2873394879613524], [-75.54854164640602, 6.287341917811994], [-75.54855952088589, 6.287344569163264], [-75.54857437351312, 6.287346777775972], [-75.54863027198905, 6.287355076944474], [-75.54862751715537, 6.287373462698683], [-75.5486264207384, 6.287380799433847], [-75.54862524556204, 6.287388661838154], [-75.54862321188223, 6.287402248702141], [-75.54861978514968, 6.287425157354562], [-75.54861629755317, 6.28744966837796], [-75.5486129059809, 6.28747348819686], [-75.54860976350884, 6.287495580864401], [-75.54862491965864, 6.287497773527685], [-75.548645493769, 6.287500752553086], [-75.54865698972687, 6.2875024151814225], [-75.54868126108279, 6.287505925866516], [-75.54868222589677, 6.287499396235017], [-75.54870686355635, 6.2875026103939184], [-75.54874727467146, 6.2875078677347345], [-75.5487548626218, 6.28746147455124], [-75.5487625962254, 6.2874141910184145], [-75.54880411746986, 6.287423088292902], [-75.54882502145486, 6.28742756742097], [-75.54886463329144, 6.28743605540354], [-75.54887347276028, 6.28739264960869], [-75.54887616861087, 6.2873794066924], [-75.54885636485005, 6.287375234114938], [-75.54885743677413, 6.287369918174313], [-75.54886811974508, 6.287316918067792], [-75.54887065438993, 6.287304340455006], [-75.54887494205977, 6.287283071268366], [-75.54895897601291, 6.287300553570182], [-75.5490371806095, 6.287316821150295], [-75.54906902538711, 6.287323443869937], [-75.54914884106634, 6.287332301666452], [-75.54914275129325, 6.287373882216045], [-75.54920959272002, 6.287384583478471], [-75.54923726495498, 6.2873889997327845], [-75.54923295538948, 6.287428208266099], [-75.54923040224715, 6.287451450784869], [-75.54922835713198, 6.2874701043027095], [-75.54922202819756, 6.287527686860415], [-75.54922730273714, 6.287528338300576], [-75.54925836407655, 6.287532166621335], [-75.54929193791571, 6.287536304542597], [-75.5492974439006, 6.287487292392438], [-75.54936389323784, 6.287495592431343], [-75.54936217552351, 6.287510786150847], [-75.54936170428803, 6.287514951851121], [-75.54935924867586, 6.287536698503715], [-75.54935373624616, 6.287585499123339], [-75.54934637177237, 6.287623783195648], [-75.54934008061, 6.287656480994389], [-75.54933826786292, 6.2876658943339425], [-75.5493479243325, 6.287667218743899], [-75.54937548777465, 6.287671000833903], [-75.54940818505648, 6.287675486580428], [-75.5494155567081, 6.287676498468141], [-75.54941866133339, 6.287663519366196], [-75.54942805207646, 6.287624224564227], [-75.54943311807057, 6.287603034761059], [-75.5494338758384, 6.28759518253328], [-75.549434350662, 6.287590270025394], [-75.54943729709923, 6.287559849713381], [-75.54944130866268, 6.287518455609733], [-75.54944235054745, 6.28750771880676], [-75.54944435557594, 6.2874869598275405], [-75.54944441906274, 6.287486266973794], [-75.54944591256707, 6.287467339493719], [-75.54944620873094, 6.287463589631798], [-75.54944760968912, 6.287445881336032], [-75.54944776629534, 6.287443901487364], [-75.54945048835533, 6.2874095268138355], [-75.5494509164122, 6.287404102811144], [-75.54946435641074, 6.28740531021251], [-75.54947743934889, 6.287406485903844], [-75.5494831433138, 6.2874070005349125], [-75.54950902443454, 6.287409324374329], [-75.54951352431911, 6.287409728250767], [-75.54952364985448, 6.287411634421838], [-75.54952308937791, 6.287418068050877], [-75.5495206264451, 6.287446283603769], [-75.54958634394583, 6.287455893616631], [-75.54958153005845, 6.287492287414394], [-75.54957911359898, 6.2875105711537875], [-75.54957631454693, 6.287531741756979], [-75.5495746291409, 6.287544478865685], [-75.54956653959711, 6.287605662914312], [-75.54963617370892, 6.287617057488793], [-75.54963971354493, 6.287583995204297], [-75.54964260000595, 6.287557029770951], [-75.54964590895821, 6.287557610332858], [-75.54965105967844, 6.287514133043817], [-75.54969116369254, 6.287521641217144], [-75.54969627489838, 6.287487668969821], [-75.54969762269592, 6.287478706336346], [-75.54973872002341, 6.287487204174284], [-75.5497553279009, 6.287490636478262], [-75.5498194215568, 6.28750169914044], [-75.5498307373002, 6.2874404369730055], [-75.54983204545768, 6.287428161896052], [-75.54989366457131, 6.287438177017349], [-75.5499468245298, 6.287444291519677], [-75.5499867055686, 6.287448877790574], [-75.54999919795175, 6.287450315827855], [-75.55000812287071, 6.287451339113675], [-75.55003713977453, 6.287454680107967], [-75.55003180313622, 6.287502643555132], [-75.55002943887673, 6.287523847291495], [-75.55002807024066, 6.287536133511582], [-75.5500213682074, 6.287596306314709], [-75.5500473695393, 6.28759937903816], [-75.55007675945772, 6.2876028719039905], [-75.55010209090221, 6.287605872853286], [-75.55015947293911, 6.287612674632807], [-75.55015764871187, 6.287628070480854], [-75.55015507013562, 6.287649793313468], [-75.5501521179132, 6.287674754661824], [-75.5501810187517, 6.287678750780451], [-75.55021092233584, 6.287682890276003], [-75.55021822245338, 6.2876338287084375], [-75.5502188873602, 6.287629357381802], [-75.55022755184677, 6.287571027515378], [-75.55027623881134, 6.287577804818901], [-75.55027839617163, 6.287578106204672], [-75.55028555541237, 6.287579103746968], [-75.550285545782, 6.287579167081236], [-75.55029276877718, 6.2875797122603405], [-75.55028763007144, 6.287611556372163], [-75.55033487458789, 6.287620110944239], [-75.55034827532766, 6.2876225327227395], [-75.55035686892315, 6.28762379901409], [-75.55035525360327, 6.287633856916247], [-75.55035429170559, 6.2876730427564524], [-75.5503783759733, 6.287676915909431], [-75.55038997320092, 6.287678779616562], [-75.55038883159916, 6.2876861093334755], [-75.55038719150141, 6.287696644723266], [-75.55037472161818, 6.287776734144093], [-75.55041196726731, 6.287782117996976], [-75.55041402268564, 6.287767811371459], [-75.55042494447439, 6.287691739208965], [-75.55043037907413, 6.287653869611466], [-75.55043451066199, 6.287624879248468], [-75.55043710353424, 6.287606647093787], [-75.55044561768628, 6.287546769237743], [-75.5504832834964, 6.287551416908712], [-75.55050360043003, 6.287553912511437], [-75.55051420739471, 6.287554672619506], [-75.55051293295304, 6.287563481193849], [-75.55050964802432, 6.2875861748611905]]]}, "properties": {"t_id": 8615, "fecha_adopcion": 1418774400000, "fecha_actualizacion": 1418774400000, "shape_length": 1224.9178281913, "shape_area": 36850.6554790841, "caracter": "Predominancia Dotacional", "nombre": "Villa Guadalupe", "orden": "Segundo Orden o Local", "accion": "Conserva", "estado": "En Consolidación", "jerarquia": "Barrial"}}, {"type": "Feature", "id": 8616, "geometry": {"type": "Polygon", "coordinates": [[[-75.55764679052655, 6.272091400828595], [-75.55766003582622, 6.272093726586402], [-75.55771816239653, 6.272103912202426], [-75.55773062186663, 6.27210610166035], [-75.55775872751946, 6.272111030978957], [-75.55777466579455, 6.272113822754843], [-75.5577762844711, 6.27211410235351], [-75.55780044012958, 6.27211833672115], [-75.55781593440433, 6.272121052911401], [-75.55783551339262, 6.272124483281281], [-75.55787436571974, 6.272131291265284], [-75.55787354539797, 6.272136124064241], [-75.55794779186996, 6.27214929039646], [-75.55797703091987, 6.272154481779464], [-75.55800002839435, 6.272158559055164], [-75.55801246615567, 6.272086835814019], [-75.55803253871973, 6.2720905033521115], [-75.55807245539276, 6.272097681324129], [-75.55807832645282, 6.272064884490485], [-75.55808609576802, 6.272021518511305], [-75.55808744346267, 6.2720140341274995], [-75.55809003628121, 6.2719995242390265], [-75.55809264776468, 6.271984950972503], [-75.5580978179017, 6.27195608768054], [-75.55813705102962, 6.271963725559749], [-75.55815470467118, 6.271967171651443], [-75.55819220718135, 6.271974549461072], [-75.55826937844571, 6.271984219784078], [-75.55828576607873, 6.271891688414229], [-75.55829147891441, 6.271859427583523], [-75.55830339701802, 6.2717921297426775], [-75.55857442202438, 6.2718354295011975], [-75.55858706587647, 6.271837448972731], [-75.55859924133529, 6.271754016245598], [-75.5586049533142, 6.2717215836451725], [-75.55860900632688, 6.271698577142674], [-75.55861245801069, 6.271678990165856], [-75.55861498097856, 6.2716794271786425], [-75.55863732139986, 6.271683286138135], [-75.558661714817, 6.271687553665497], [-75.55869984021945, 6.271694271121555], [-75.55875197684709, 6.271703448892075], [-75.55875431181326, 6.271689797353071], [-75.55876187268008, 6.2716455708005245], [-75.55876772751081, 6.271611307609744], [-75.55877148806765, 6.271589287100909], [-75.55878390129544, 6.271516443829937], [-75.5587901886353, 6.271479715763143], [-75.55879627239274, 6.271444409933719], [-75.55880193444837, 6.271411561695705], [-75.55880357129581, 6.27140204710542], [-75.55881115042432, 6.271358044682305], [-75.5588230589616, 6.271288797670608], [-75.5587513630893, 6.27127595890438], [-75.55876401658892, 6.271202358635113], [-75.55869335424354, 6.271189866501376], [-75.5587012130927, 6.271145784958314], [-75.55870230782196, 6.271139602810457], [-75.55870605586777, 6.271118349942735], [-75.5587098438637, 6.271096396203656], [-75.55871511635598, 6.271065738690706], [-75.55871876105414, 6.2710457113814595], [-75.5587233948706, 6.271021374828269], [-75.55873005578103, 6.270986396176311], [-75.5587328090931, 6.270985155866233], [-75.55873621029097, 6.270982445943919], [-75.55873856579548, 6.270979300833315], [-75.55874006768974, 6.2709765712569725], [-75.55874031547323, 6.270974948998189], [-75.55872767277839, 6.270972050732872], [-75.5587448711005, 6.27088161293957], [-75.5587535728524, 6.270833438948781], [-75.55875063749065, 6.270832921676408], [-75.5587451673759, 6.270831958406827], [-75.55861183642011, 6.27080848737746], [-75.55862319087177, 6.270740111004387], [-75.55863388019023, 6.27068170827901], [-75.55864071928453, 6.270644358210611], [-75.5586503314988, 6.270591305777202], [-75.55865035086428, 6.270591200807206], [-75.55866234996431, 6.270524580663955], [-75.5586830388027, 6.2705288328535405], [-75.5587325129903, 6.27053641890173], [-75.5587372653728, 6.2705091597248614], [-75.55873917872336, 6.270498167391949], [-75.55874492736964, 6.2704652852817055], [-75.5587572601057, 6.270394825614653], [-75.55874654794769, 6.270392975710431], [-75.55872446548068, 6.270389011502523], [-75.5586503271571, 6.270375728934919], [-75.55866314191775, 6.270304060844135], [-75.55866679224205, 6.270284999989925], [-75.5586749528314, 6.270242388849319], [-75.55867693966958, 6.270232013656778], [-75.55869063169568, 6.270160519390941], [-75.55869246876628, 6.27015092968749], [-75.55871715934639, 6.270022004907476], [-75.5587176444933, 6.270019402350948], [-75.55874295009454, 6.26988041737944], [-75.55874330019657, 6.269877728689053], [-75.5587456100027, 6.2698600278183925], [-75.55875285787958, 6.269804417490563], [-75.55876091357459, 6.269752340955328], [-75.55877483361054, 6.269751677174504], [-75.5587854402858, 6.269751168805745], [-75.5587857921674, 6.269748104001803], [-75.5587859568786, 6.2697466774341875], [-75.55881124530184, 6.269747366718618], [-75.55881135944084, 6.269743166624087], [-75.5588116062985, 6.269734129858975], [-75.55885433398898, 6.269735270103885], [-75.55887675210103, 6.269738033843406], [-75.55888702124523, 6.269739272031002], [-75.55888783262809, 6.269729273260994], [-75.55888823575235, 6.269724303271729], [-75.5588887558035, 6.269717927742561], [-75.55889024560057, 6.269699566365893], [-75.55889038989164, 6.269697843353844], [-75.55889216716031, 6.269675993465888], [-75.55889472063865, 6.269644528317535], [-75.55889733737376, 6.269612324211949], [-75.55889776936084, 6.269606973456372], [-75.5588984086132, 6.269599102870531], [-75.55889882627267, 6.269593963743941], [-75.55890107065927, 6.269566370550362], [-75.55887259075247, 6.2695669255226445], [-75.5588405630383, 6.269567546640788], [-75.55884863436577, 6.269461433879684], [-75.55885061927002, 6.269431025686069], [-75.5588521229966, 6.269407924053246], [-75.55885311355412, 6.269392794553859], [-75.5588543884349, 6.269373160351895], [-75.55887205958427, 6.269372806441779], [-75.55889336435784, 6.269372383252485], [-75.55889605566739, 6.269372325808495], [-75.55892056218764, 6.26937183454448], [-75.55895062753952, 6.26937123385895], [-75.558978324968, 6.269370675475324], [-75.55897842501166, 6.26932616622708], [-75.55897851654971, 6.2692865816438115], [-75.5590141254633, 6.269285706160859], [-75.55903317480524, 6.269285234311711], [-75.55905045346434, 6.2692848072734755], [-75.55905312629125, 6.2692502106534], [-75.55905607616204, 6.269212025218536], [-75.55906500379263, 6.269210160764336], [-75.55909968804049, 6.269202914092821], [-75.55913550414124, 6.269195429538322], [-75.55917192047161, 6.269187819997024], [-75.55916210109682, 6.269139491468537], [-75.55916010970523, 6.269129667318287], [-75.55914817862724, 6.269070928465981], [-75.55914108273241, 6.269035990794262], [-75.55912652075165, 6.2689643135812565], [-75.55911221689705, 6.268899801892131], [-75.55914066179822, 6.26889356031468], [-75.55912957651114, 6.268815201108962], [-75.55911387983413, 6.268744842183963], [-75.55911174234171, 6.26873525742786], [-75.55910850840536, 6.268720758827675], [-75.55910340029932, 6.268697868498961], [-75.55909967402276, 6.268681162686724], [-75.5591059642664, 6.268643728520613], [-75.55913433172925, 6.2686266137378945], [-75.55913393470995, 6.268614866016245], [-75.55913270340062, 6.268579520884728], [-75.5591325943838, 6.268576620165921], [-75.5591312823028, 6.2685412012926625], [-75.55913004850096, 6.268503677296366], [-75.55912940694415, 6.268484028046175], [-75.55912779104617, 6.268443373215226], [-75.55912735983246, 6.268433691524835], [-75.55911650071269, 6.2683802083757465], [-75.5591149314996, 6.268371356779905], [-75.55911275919235, 6.268358893544305], [-75.55910951941449, 6.268340231599152], [-75.55910889485241, 6.268336664365033], [-75.55910514570866, 6.268310821846458], [-75.55910518187466, 6.268310641754306], [-75.55911221987807, 6.268276283296851], [-75.55911413933836, 6.268266913794768], [-75.55911475883654, 6.268263884752866], [-75.55911749992535, 6.268250506987582], [-75.55912295558885, 6.268223872735755], [-75.55912983832867, 6.268190284424678], [-75.55918636896332, 6.268159749114431], [-75.55913704108488, 6.268077991896058], [-75.55898048482567, 6.2678395445767565], [-75.55896313680888, 6.267941358426164], [-75.5588049473118, 6.267886401243196], [-75.55860526935614, 6.267817030881746], [-75.55844245438718, 6.267780895967949], [-75.55829273393576, 6.267801622756538], [-75.5579638397509, 6.267896032915951], [-75.55787516560608, 6.267928648007527], [-75.55765795327916, 6.2678839886721205], [-75.55757089415721, 6.267866089232914], [-75.55692845247984, 6.267733999478494], [-75.5568554758782, 6.267719861868719], [-75.55683705894069, 6.26775981709157], [-75.55683566040942, 6.267762808347704], [-75.55681279089887, 6.267811659936496], [-75.55679474797005, 6.267850122475112], [-75.55677651553374, 6.267852656105564], [-75.55676125373543, 6.267854791001273], [-75.55674742396943, 6.267856730857954], [-75.5567013605189, 6.267863183007174], [-75.55667846709149, 6.267866514185491], [-75.55667217054912, 6.267867459850183], [-75.55664928201271, 6.26787086785201], [-75.55664652829286, 6.267871281801243], [-75.55660775203171, 6.26787705467624], [-75.55660433695755, 6.267857072643258], [-75.55660209848173, 6.267843996715165], [-75.55659671507024, 6.267812419255889], [-75.55659417668373, 6.267797500426541], [-75.55659159823587, 6.267782333165033], [-75.55658221275894, 6.267727123970457], [-75.55654474065244, 6.267732230482257], [-75.55653435882604, 6.267654254576489], [-75.55655882564345, 6.26765118425089], [-75.55655161413799, 6.267587647632924], [-75.55655016367665, 6.267578309929876], [-75.55653784505948, 6.2675796023046315], [-75.55651989951883, 6.267581491708339], [-75.5564753486356, 6.26758610203224], [-75.55645993044854, 6.267587663575788], [-75.55645909232112, 6.267582354267493], [-75.55643370006045, 6.267584633493092], [-75.5564217291572, 6.2675857117057925], [-75.55638160455933, 6.267589569016103], [-75.55637687421455, 6.267590039617386], [-75.55634442726921, 6.267593246498257], [-75.55631356413856, 6.267596256695668], [-75.55630997165544, 6.267596609638321], [-75.55626288186939, 6.267601219670827], [-75.55625150925599, 6.267602331125973], [-75.55622719893955, 6.267604699996012], [-75.55616366830658, 6.26761089914712], [-75.55617454409969, 6.267688276871635], [-75.55618020841386, 6.267728559461897], [-75.55618775964017, 6.267782271395555], [-75.55618288391197, 6.267808357674214], [-75.55617949346365, 6.267827187632911], [-75.55617837415889, 6.267833155633358], [-75.55617363376918, 6.267858461013638], [-75.55617258232667, 6.267864820158578], [-75.55616103913059, 6.267934787820709], [-75.55615942139956, 6.267934885216683], [-75.55615719153809, 6.2679458348017425], [-75.55615385696512, 6.26796259500281], [-75.55607447428345, 6.267961800505947], [-75.55607364540397, 6.267961913944607], [-75.55565696869128, 6.268019058113988], [-75.55526703529746, 6.268072533850615], [-75.55526540191805, 6.268072757894486], [-75.55525848769388, 6.268010128370905], [-75.55525299364396, 6.267955258149327], [-75.5552517052577, 6.267943575309994], [-75.55525041957398, 6.267930220774833], [-75.55525028917363, 6.2679288616428055], [-75.55524860002421, 6.267911323087392], [-75.55524391990065, 6.267862730589779], [-75.55524410234595, 6.267862717042872], [-75.55524365856361, 6.267856747619818], [-75.55524115207572, 6.267835197936755], [-75.55524017506663, 6.2678267855203345], [-75.55523783841846, 6.267803189932769], [-75.55523661482526, 6.267790154242151], [-75.55523070436129, 6.267727509876039], [-75.5552261360672, 6.267679429456718], [-75.555231240568, 6.267678977835329], [-75.55523134429619, 6.267642941674028], [-75.55523140627034, 6.267621711273395], [-75.55523155583525, 6.267620511706373], [-75.55521808763888, 6.267619333323643], [-75.55521493604009, 6.26758108171098], [-75.55521313608999, 6.2675604552856115], [-75.55521216276728, 6.267549273589461], [-75.55520972232934, 6.267521431944301], [-75.5552025833157, 6.2674350789955415], [-75.55519255834193, 6.267368371763134], [-75.5550379258606, 6.26738555127418], [-75.55503786526894, 6.2673855398162335], [-75.55495251633792, 6.267354240892518], [-75.5549110140292, 6.267339021939177], [-75.554908636301, 6.267372313493579], [-75.55490655453838, 6.267394389134356], [-75.55489090196315, 6.267560315561683], [-75.55488810650603, 6.267590018062988], [-75.55488777574904, 6.267593530300186], [-75.55488722071013, 6.2675994123757865], [-75.55488424968503, 6.267630912182097], [-75.55485240607176, 6.2676285160310865], [-75.55484822032359, 6.267628199204733], [-75.5548272292412, 6.267626615376312], [-75.55482417348826, 6.267658528771034], [-75.554767821158, 6.2676541319642585], [-75.5547371964104, 6.26765173981051], [-75.55471017537243, 6.267649629347064], [-75.55468588220529, 6.267647733419506], [-75.55465371910145, 6.267645225801027], [-75.5546493524951, 6.267700560005062], [-75.55464878274537, 6.267707875153826], [-75.55459083907567, 6.2677028749134065], [-75.55453205114391, 6.267697798315972], [-75.55452988973906, 6.267725788981656], [-75.55452857964237, 6.267742867514357], [-75.55452231003787, 6.267824152380473], [-75.55452078293244, 6.267843981343482], [-75.55448171337835, 6.267839634986986], [-75.55447257077581, 6.267891634642441], [-75.5544718261333, 6.267895874891296], [-75.55446231335847, 6.267949972058703], [-75.55445760966727, 6.267976709374859], [-75.55445353825361, 6.267999881449579], [-75.55445165496928, 6.268010576204114], [-75.55444970840648, 6.2680216356199905], [-75.55444254478476, 6.268062367759817], [-75.5544362050039, 6.268098424392113], [-75.55443338543031, 6.268114452484533], [-75.55442920140985, 6.268138249842825], [-75.5544265699836, 6.2681532083703475], [-75.55442325286077, 6.268172080479043], [-75.55441395516277, 6.2682345377314705], [-75.55441208550617, 6.268247103910132], [-75.55440795499851, 6.2682748410824765], [-75.55445004692406, 6.2682827249146325], [-75.55450343236302, 6.268292729866768], [-75.5545429477936, 6.268300128993225], [-75.55453062357589, 6.268370435034102], [-75.55452449719854, 6.268405411128871], [-75.55451780810823, 6.268443579636607], [-75.55451750132478, 6.2684453350887726], [-75.55451201743658, 6.268476616606091], [-75.55450537653381, 6.268514475676739], [-75.55449448721087, 6.268576636004757], [-75.55449370481956, 6.268581102463226], [-75.55449005203697, 6.268601921834675], [-75.554481735671, 6.268649363507575], [-75.5544761736868, 6.268681120964065], [-75.55447480933489, 6.268688909215836], [-75.55446731582124, 6.268731658208286], [-75.55446528774542, 6.268743233360072], [-75.5544617967532, 6.268763136992814], [-75.55445321311768, 6.268812098860349], [-75.55444647388025, 6.268850545174461], [-75.55444626641527, 6.268851729654602], [-75.5544391351493, 6.268892423668021], [-75.55443806346379, 6.268898526152404], [-75.5544364854546, 6.268907526037848], [-75.55442965215721, 6.2689465098473995], [-75.55444331633694, 6.268948962065141], [-75.55444798891826, 6.268949799088057], [-75.55447261518808, 6.268954218534263], [-75.55448123148976, 6.268955765037782], [-75.55448874362501, 6.268957113500939], [-75.55453674006446, 6.2689657252528415], [-75.55455236298589, 6.268968528655079], [-75.55456125419865, 6.268970124446586], [-75.55458457372372, 6.268974307053809], [-75.554604770661, 6.268977930778304], [-75.55461125368647, 6.268979094395115], [-75.55470371170996, 6.268989953050566], [-75.55463963875226, 6.269169295561763], [-75.55463740268351, 6.269180831946782], [-75.55463715947967, 6.269182098874318], [-75.55463392659713, 6.269198784455619], [-75.55463005129597, 6.269218807494635], [-75.55462458232266, 6.2692470249408485], [-75.55462290415933, 6.269255680851568], [-75.5546197119003, 6.269272173661497], [-75.55461923498652, 6.269274616156079], [-75.5546087758972, 6.2693286365723155], [-75.55457452424591, 6.26932233652235], [-75.5545492553316, 6.269317686059065], [-75.55452131772894, 6.269312545020164], [-75.5545179673671, 6.269328299046675], [-75.55451044876955, 6.269363666175517], [-75.55450168552004, 6.269404869018383], [-75.55440556773812, 6.269363308636458], [-75.55441023565093, 6.269332937002361], [-75.55441381587447, 6.269309648881231], [-75.55436796992879, 6.269304592422917], [-75.55434255279614, 6.269301789750488], [-75.55431702981699, 6.269298959565536], [-75.55431425154433, 6.269311592558181], [-75.5543067310349, 6.2693458277637], [-75.55430403207865, 6.269361575903751], [-75.55429628754959, 6.26940677172064], [-75.55429178013094, 6.269405527047085], [-75.55408094852719, 6.269347336102299], [-75.55404493339364, 6.269558972906328], [-75.55412011637418, 6.269569876053964], [-75.55416681507846, 6.269576747421203], [-75.554205871937, 6.269582354129665], [-75.5542625074371, 6.2695904898033294], [-75.55425710788226, 6.269621834203776], [-75.55425115797293, 6.269656311286963], [-75.55432253427148, 6.269667928209383], [-75.55431511245457, 6.269709628101652], [-75.55431412575084, 6.269715184095267], [-75.55430714437865, 6.269754373863059], [-75.55430173175525, 6.269784517680293], [-75.55429457376415, 6.2698243610709286], [-75.55428860262448, 6.269857631282203], [-75.55428237730732, 6.269894182813234], [-75.55427478873557, 6.269938747713884], [-75.55427422300325, 6.269942062195889], [-75.55426967020587, 6.269968797879997], [-75.5542580643654, 6.270039116712887], [-75.55444360320054, 6.2700713763887], [-75.5545525063147, 6.270091844973146], [-75.55460727575489, 6.270102139636523], [-75.55472720386261, 6.270124685388691], [-75.55523988590949, 6.270209856780325], [-75.55564354777381, 6.270283175048846], [-75.55636582056763, 6.270414357668421], [-75.55706477799279, 6.270541298801475], [-75.55723897121888, 6.2705713307733735], [-75.55722601313565, 6.270652561365225], [-75.55715302856783, 6.270638175376155], [-75.55712231534993, 6.270632119553161], [-75.55696963544275, 6.2706021751188805], [-75.55696479043502, 6.270630470867154], [-75.55695496362472, 6.270687914693691], [-75.55694485831488, 6.27074698273904], [-75.55694152524576, 6.270766451616045], [-75.55693375238478, 6.270811896152906], [-75.55692190562966, 6.270881085958547], [-75.55691877913287, 6.270899373977661], [-75.55691297043894, 6.270933306972219], [-75.5569097200519, 6.270952314355438], [-75.55686951284589, 6.270945389010645], [-75.55683752289224, 6.270939882772419], [-75.55679339111224, 6.270932285843885], [-75.55679147516723, 6.270945720172704], [-75.5567883178264, 6.270967876082361], [-75.55678296155823, 6.271005468475036], [-75.55677953867497, 6.271029497167503], [-75.55677502269025, 6.271061159085164], [-75.55677497733421, 6.2710614929193484], [-75.55676814256917, 6.271109397458215], [-75.55668926368219, 6.271095642324539], [-75.55667925877762, 6.271152699171089], [-75.55667799370075, 6.2711598992680315], [-75.5567332411712, 6.271169265515224], [-75.55674592723936, 6.271171420449615], [-75.55676751948407, 6.271175083349072], [-75.55677835089594, 6.27117692547537], [-75.55682024767117, 6.271184027010095], [-75.55682666800772, 6.2711851149480164], [-75.55686415244256, 6.271191573502], [-75.55685041641279, 6.271268917568587], [-75.5568488993624, 6.27127743707242], [-75.55687019537588, 6.271281124918098], [-75.55688383748168, 6.271283486740581], [-75.5568931227481, 6.271285099536331], [-75.55692127507308, 6.271289972638982], [-75.55691708189899, 6.271317976800244], [-75.55691424336358, 6.271336951434432], [-75.55691294404154, 6.271345651599314], [-75.55691117496809, 6.271357519310222], [-75.55691924960584, 6.271358966235418], [-75.55697023947093, 6.271368104602591], [-75.55699144301688, 6.271371914042211], [-75.55701066876492, 6.271375357030024], [-75.55704059082991, 6.2713807304929485], [-75.55706104010812, 6.271384390818505], [-75.55705586950565, 6.271412431393016], [-75.55705317519138, 6.2714270719727585], [-75.55704502823662, 6.271471392732607], [-75.55703892053161, 6.2714703077933125], [-75.55701470187604, 6.271612709598696], [-75.55700545131768, 6.271671218358188], [-75.55700354411798, 6.27168329378198], [-75.55700325496657, 6.27168514226905], [-75.55704886181975, 6.271692832307035], [-75.55706144745635, 6.271694956074907], [-75.55709084166386, 6.271699914410289], [-75.5571452515695, 6.27170908577493], [-75.55714183203008, 6.2717269385443295], [-75.55725473030655, 6.271746196180345], [-75.55727270821659, 6.271749622642029], [-75.55733565424141, 6.2717603796865165], [-75.55734505151878, 6.271761985594671], [-75.55736464544192, 6.271765330930606], [-75.55735835476789, 6.271801025652103], [-75.55735570806948, 6.271816164156904], [-75.55734816717482, 6.271859138462345], [-75.55734014136175, 6.271904763242818], [-75.5573385694911, 6.271913711556195], [-75.55733487360669, 6.271934739966824], [-75.55733001015604, 6.27196239570205], [-75.557325720202, 6.271986851741883], [-75.55732170064944, 6.272009690835976], [-75.55731748888552, 6.272033690828158], [-75.55736471952338, 6.272041961464841], [-75.55737589848393, 6.272043922118916], [-75.55743118829477, 6.272053616230893], [-75.55743730768987, 6.272054688448041], [-75.55748598524524, 6.272063220524669], [-75.55749583035372, 6.272064945390284], [-75.55750294629347, 6.272066193560345], [-75.55751687433501, 6.2720686380418895], [-75.55752221333042, 6.272069575741414], [-75.55755363323183, 6.272075083786431], [-75.55755584694842, 6.272075469876265], [-75.5575937126571, 6.272082099169668], [-75.55760203134346, 6.272083563873394], [-75.55764679052655, 6.272091400828595]]]}, "properties": {"t_id": 8616, "fecha_adopcion": 1418774400000, "fecha_actualizacion": 1418774400000, "shape_length": 2516.16403621466, "shape_area": 174547.363772756, "caracter": "Mixto", "nombre": "Campo Valdés - Manrique", "orden": "Segundo Orden o Local", "accion": "Redelimitada", "estado": "En Consolidación", "jerarquia": "Zonal"}}, {"type": "Feature", "id": 8617, "geometry": {"type": "Polygon", "coordinates": [[[-75.54815847490094, 6.265818818095808], [-75.54820054022072, 6.265822545599301], [-75.54823025364061, 6.265825188537347], [-75.54823219794052, 6.265825358100089], [-75.5482451084754, 6.265826496001164], [-75.54825837608627, 6.265827671946978], [-75.54828522857268, 6.265830050322715], [-75.54829708430896, 6.265831108363409], [-75.54830122873112, 6.265831473368079], [-75.54830878182712, 6.2658321454743025], [-75.54834032109903, 6.265834940461704], [-75.54836911880537, 6.265837492007074], [-75.54838898135247, 6.265839252493111], [-75.54847097606091, 6.265848755693547], [-75.54846764833933, 6.2658729404222475], [-75.54844418071907, 6.266043516391083], [-75.54843965217972, 6.266076440618627], [-75.54843846871988, 6.266085033567301], [-75.54842845593777, 6.2661578139265135], [-75.54836610108596, 6.266656384168123], [-75.5483600893421, 6.266735351768194], [-75.54856194559021, 6.266751350430014], [-75.5490927750271, 6.266799401974332], [-75.54916761869553, 6.265996300208354], [-75.54919434056424, 6.265787397022025], [-75.54919585099822, 6.265770040803724], [-75.54886395320145, 6.265732657697457], [-75.54886991794679, 6.265668580064477], [-75.5488754681661, 6.265601005559229], [-75.54887709493532, 6.265581182372646], [-75.54888219362618, 6.2655190518733725], [-75.54888374347505, 6.265500134070364], [-75.54888540220858, 6.265480008757358], [-75.5488865129736, 6.265466493310515], [-75.54890015453991, 6.265467651151266], [-75.54890403427694, 6.265414989849979], [-75.54890578478079, 6.265391248573709], [-75.54890776407309, 6.265364384309359], [-75.54891149849772, 6.26531380134907], [-75.54891535145995, 6.26526157957375], [-75.54891556318789, 6.265258664612827], [-75.54891923771044, 6.265208769968309], [-75.54891935577791, 6.265207220661821], [-75.5489230595327, 6.265157019383657], [-75.54892326719978, 6.265154198469464], [-75.54892532599895, 6.265126216344816], [-75.54892714697998, 6.265101544401997], [-75.54891706154548, 6.265100544667463], [-75.54886212450936, 6.265095093259221], [-75.54886384927988, 6.265065491696287], [-75.54886505157047, 6.265044772796642], [-75.54887263920898, 6.265045490840448], [-75.548904117883, 6.2650484714477965], [-75.54890471626715, 6.265041265531295], [-75.54890715093786, 6.265011981475689], [-75.54890939688664, 6.264984954080514], [-75.54889141978907, 6.264983144655984], [-75.54887011249721, 6.264981000626115], [-75.54887057618156, 6.2649724762744405], [-75.54887156184748, 6.264954035869488], [-75.54887286384913, 6.2649296611870895], [-75.5488391813173, 6.264926085537115], [-75.54883540628146, 6.2649256870947365], [-75.54879229249484, 6.2649211175648745], [-75.54878783221152, 6.26492064108352], [-75.54875892802511, 6.2649177329376995], [-75.54875745003147, 6.264917580999341], [-75.54874447456777, 6.264916277062564], [-75.54874610096498, 6.264891163051238], [-75.54874780559908, 6.264864856144485], [-75.54874809475714, 6.264860395690608], [-75.54874984809923, 6.264833327290328], [-75.54875130058255, 6.2648109146875886], [-75.54875306362626, 6.264783611172796], [-75.54875793559609, 6.264708269174602], [-75.54876865936785, 6.264709363456045], [-75.548791613825, 6.2647117056243475], [-75.54880189555308, 6.26471275413608], [-75.54880646284565, 6.264649471675967], [-75.54881623499885, 6.264514092245717], [-75.54881800582132, 6.264514262651358], [-75.54890553596384, 6.264522795072223], [-75.54891176685078, 6.264450065669809], [-75.54891588246589, 6.264404854860509], [-75.54891713481557, 6.26439109642593], [-75.54892240285689, 6.2643333192789985], [-75.54892495157745, 6.264306867232256], [-75.54892778934698, 6.264277421191755], [-75.54893374624757, 6.2642199074082585], [-75.54894032142542, 6.264161890649671], [-75.54894070786654, 6.26415848571866], [-75.54894056472982, 6.264135885587763], [-75.54894035796805, 6.264103342414969], [-75.54894031799337, 6.264096968666233], [-75.54894015742792, 6.26406984718891], [-75.54893994166804, 6.264032844107842], [-75.54889412994494, 6.2640295552262275], [-75.5488781004512, 6.264028404455896], [-75.54888163206311, 6.263990009823456], [-75.54888356305524, 6.263969011630509], [-75.5488851568909, 6.263951706538774], [-75.54888875676896, 6.263912670564058], [-75.54889129623601, 6.2638850549785685], [-75.5488951732043, 6.263842980767216], [-75.54892129994886, 6.263845524512098], [-75.54893928300964, 6.263847267922554], [-75.54894145530358, 6.263828888655102], [-75.54894193792208, 6.263824822355651], [-75.54894329700437, 6.263813320954033], [-75.5489446491396, 6.263801877448944], [-75.54894693024941, 6.263783951513616], [-75.54894937135374, 6.263764737354627], [-75.54895197929886, 6.26376500404787], [-75.54894078976666, 6.263565941873703], [-75.54892813271383, 6.263563590330755], [-75.54892859922468, 6.263540941126858], [-75.54892890918595, 6.263525502020419], [-75.54892926394986, 6.26350849678565], [-75.54892129903293, 6.2635078547039775], [-75.54890328937107, 6.263506398922994], [-75.54889969919468, 6.263506109879437], [-75.54888538367263, 6.26350495529358], [-75.54885739616802, 6.263502694527076], [-75.54885263185346, 6.263502309025447], [-75.54883495573054, 6.263500882360581], [-75.54882163807652, 6.2634998070051795], [-75.54881861552411, 6.263499562215967], [-75.54880293333964, 6.2634982958316145], [-75.54879613077539, 6.263497742126089], [-75.54869033761403, 6.263498439779613], [-75.54864852864907, 6.263498715280047], [-75.5486304632459, 6.263498247947562], [-75.54862323689774, 6.263498059749559], [-75.54857579172993, 6.263496834694388], [-75.54852508355499, 6.263495526943091], [-75.54852670940697, 6.263495800219544], [-75.5484050747972, 6.263492952040895], [-75.54831532417423, 6.263487815225105], [-75.54831996870472, 6.263493306799548], [-75.54845855477652, 6.2636571291218095], [-75.5480444781102, 6.263683122472831], [-75.54786135967788, 6.263675769382232], [-75.54786309571234, 6.263612902968228], [-75.54786348186086, 6.263588392582735], [-75.5478640587907, 6.263551806028626], [-75.5475275239614, 6.263540581713471], [-75.5471812079812, 6.263526836113316], [-75.54717296428728, 6.263777377877637], [-75.54717295083543, 6.263777771229342], [-75.54716982702902, 6.263872698610604], [-75.54714908973655, 6.264502876664161], [-75.54714851726665, 6.264520272648033], [-75.5471484542583, 6.264522184235488], [-75.54714694786577, 6.264567955621532], [-75.5471469439535, 6.264568080407256], [-75.5471465879914, 6.264578888018635], [-75.54735599404023, 6.264576963978983], [-75.54748191318927, 6.2645790049160945], [-75.54756083561324, 6.264580284149554], [-75.54756009589198, 6.264649424754579], [-75.54755949307535, 6.264717358616574], [-75.54755931905464, 6.264737729881759], [-75.54755919394046, 6.26475160761767], [-75.54755895651459, 6.264778835933282], [-75.54755845088646, 6.264835887499172], [-75.54749996435112, 6.264833880643168], [-75.54749951708924, 6.264893837725793], [-75.54749950977428, 6.26489475090876], [-75.54749770979707, 6.264951512218589], [-75.54749765438677, 6.2649531272217684], [-75.54749677581935, 6.264980987911476], [-75.54749592151465, 6.265008076376478], [-75.54749580140084, 6.265011811823449], [-75.54749492601859, 6.265039583895283], [-75.54749412383536, 6.265064751785153], [-75.54749398470541, 6.265069595758924], [-75.54749237992607, 6.265122266847454], [-75.5474922555674, 6.265126430861468], [-75.54749009184178, 6.26518177720414], [-75.54748997447321, 6.265184774886996], [-75.54748943687187, 6.265212704440495], [-75.54748890108247, 6.2652406348892935], [-75.54748883549911, 6.265244063579275], [-75.54748854542932, 6.265277572074589], [-75.54748836261676, 6.2652983646968545], [-75.5474883566355, 6.265299366475765], [-75.54748781134134, 6.265362764159237], [-75.54748760974611, 6.26539160251525], [-75.54748746517396, 6.265414130835885], [-75.54748744451001, 6.265416203148065], [-75.5475474428454, 6.2654158185054944], [-75.54760912984739, 6.265415431075521], [-75.54762804812931, 6.265415313836835], [-75.54763699093698, 6.26541526134254], [-75.54766081606577, 6.2654151066985975], [-75.54766030035476, 6.265425946725988], [-75.54765860964018, 6.2654612756598596], [-75.5476574542328, 6.265485520362448], [-75.54765679497132, 6.265499361816018], [-75.54765640279935, 6.265507544979011], [-75.54765592823635, 6.26551755483696], [-75.54765554355981, 6.2655256068681355], [-75.54765412055515, 6.265555404987531], [-75.54765815309091, 6.265633066200769], [-75.54783040522531, 6.265644255579409], [-75.54782222922914, 6.265833022039294], [-75.54782130470896, 6.265854386039244], [-75.54790113529452, 6.265859377510739], [-75.54793588885795, 6.265862637886124], [-75.54794582855133, 6.265863576863558], [-75.54797312277401, 6.265866122176168], [-75.54797211030991, 6.2658823964844705], [-75.54797121045858, 6.265896741787368], [-75.54796980292176, 6.265919297032032], [-75.54797890903917, 6.265920127046336], [-75.5479944501632, 6.265921539673777], [-75.54800748017962, 6.265922721300473], [-75.54801067465462, 6.265923014979183], [-75.5480224039443, 6.26592408177699], [-75.54803960468223, 6.265925648171968], [-75.54804633527854, 6.265926259183452], [-75.5480689523071, 6.2659283164017605], [-75.54807614844793, 6.265928974876001], [-75.54809054609348, 6.265930280044702], [-75.5481042621873, 6.265931524334035], [-75.54810494012933, 6.265931586134642], [-75.5481351130188, 6.2659343262942935], [-75.54813953453144, 6.265875998110652], [-75.54814397526445, 6.265817534217959], [-75.54815847490094, 6.265818818095808]]]}, "properties": {"t_id": 8617, "fecha_adopcion": 1418774400000, "fecha_actualizacion": 1418774400000, "shape_length": 1323.62800029279, "shape_area": 50126.9702711686, "caracter": "Predominancia Dotacional", "nombre": "Gaitán", "orden": "Segundo Orden o Local", "accion": "Redelimitada", "estado": "En Consolidación", "jerarquia": "Barrial"}}, {"type": "Feature", "id": 8636, "geometry": {"type": "Polygon", "coordinates": [[[-75.5485825982097, 6.273056054911365], [-75.5486738959197, 6.273077255774168], [-75.54868885728709, 6.273080733380792], [-75.54868891881388, 6.273080751163457], [-75.54873332591848, 6.2730930568956556], [-75.54878570432052, 6.273108772987841], [-75.54881244581216, 6.27312522864445], [-75.54885372035207, 6.2731326990859895], [-75.54886972429001, 6.273135596600966], [-75.54889550765418, 6.273140263767254], [-75.54889897941746, 6.273118967849676], [-75.54890525609073, 6.273080455870713], [-75.54897988293904, 6.273086840875024], [-75.54900651215232, 6.2730891216023394], [-75.54901399470367, 6.273089757835186], [-75.54902169757065, 6.273046686747203], [-75.54902885164599, 6.273006704041445], [-75.54910953206445, 6.273021433385973], [-75.54912156300641, 6.272948285165115], [-75.54920739249096, 6.2729544320798585], [-75.5491614081992, 6.273052597613446], [-75.54916016970104, 6.273059710811538], [-75.54916014158418, 6.2730598745914], [-75.54914314490829, 6.273157571736324], [-75.54914311589671, 6.273157737328752], [-75.5491332141751, 6.273214630226836], [-75.54913318607143, 6.27321479671895], [-75.54910291382308, 6.273210475991327], [-75.54909636875618, 6.273256409263821], [-75.54909634427534, 6.273256577546526], [-75.54909255513269, 6.273283211939466], [-75.54909253065185, 6.273283380222171], [-75.54907945305044, 6.273375222296629], [-75.54907942677136, 6.273375392396297], [-75.54907639678383, 6.273396675312893], [-75.54907637050036, 6.273396844508479], [-75.54907107947359, 6.273434028981924], [-75.54907105500595, 6.27343419997688], [-75.5490694395938, 6.273445558879393], [-75.54906941602965, 6.273445729869951], [-75.54906624956007, 6.273467932021885], [-75.54906622418892, 6.273468103021239], [-75.54906507877551, 6.27347614970731], [-75.54906505431225, 6.273476321606365], [-75.54906087004372, 6.273505685608553], [-75.54906084558486, 6.273505858411674], [-75.54905196169334, 6.27356823337264], [-75.54905193723887, 6.273568407079845], [-75.54902785534934, 6.2736347608545255], [-75.54904018990452, 6.273636886032262], [-75.5490494896337, 6.273638484424287], [-75.54908360039518, 6.273644346944407], [-75.54911659163041, 6.2736500142006895], [-75.54909993025771, 6.273719851533085], [-75.54909017513735, 6.27376768368535], [-75.54908601852374, 6.2737880535163955], [-75.54907444637385, 6.273844801757776], [-75.54907083434026, 6.273862518102051], [-75.54906757961875, 6.273878461565158], [-75.54909466858511, 6.273883119637904], [-75.54911752457836, 6.2738870533340085], [-75.54917523088838, 6.273880031391556], [-75.54916153874959, 6.273948237729887], [-75.5491895240358, 6.273952897760971], [-75.5491992114616, 6.273954511438364], [-75.549202955928, 6.273934300928545], [-75.549211771711, 6.273886727403948], [-75.54924532141273, 6.273894080794469], [-75.54925871495449, 6.273904947119339], [-75.54931441290329, 6.273916177063244], [-75.54930883643364, 6.273947982595503], [-75.54930407564292, 6.273973426491178], [-75.54929397366739, 6.274027406435029], [-75.54930597927259, 6.274029516930032], [-75.54935517822513, 6.274038171067744], [-75.54936618004112, 6.274040103819317], [-75.54936888594672, 6.2740250156006585], [-75.54937016144335, 6.274017894085413], [-75.54937585300608, 6.273986160321747], [-75.5493783161055, 6.273972423113925], [-75.54938458208258, 6.273937482406305], [-75.54938993845855, 6.273907611826911], [-75.54940596559734, 6.273910816597391], [-75.54942345340197, 6.273914320746958], [-75.54942449348968, 6.273914530859794], [-75.54943291088925, 6.2739162158120605], [-75.54943301128922, 6.273916237925834], [-75.54945922493033, 6.273921495140417], [-75.54945828516875, 6.273926680236432], [-75.54946837156356, 6.273928584896061], [-75.549484499096, 6.2739316246278065], [-75.54949912086158, 6.27393438056895], [-75.54950888799934, 6.273936221686619], [-75.54952752516218, 6.273939738317829], [-75.5495452787475, 6.273943085662476], [-75.54960073803483, 6.273953918023665], [-75.54968206056738, 6.273970786815734], [-75.54971520297961, 6.273789610128478], [-75.549721216398, 6.273756806151335], [-75.54972198824672, 6.273753323398456], [-75.54972203436549, 6.2737533313108305], [-75.54972203692654, 6.2737533005588055], [-75.54972824381395, 6.273725164435896], [-75.54973577758405, 6.273690998707367], [-75.5497394461968, 6.273670801229404], [-75.54974447260953, 6.273643128332016], [-75.54975197792601, 6.273601811275453], [-75.54975725511758, 6.273572754781403], [-75.54976414974284, 6.273534802159777], [-75.54977481416803, 6.273476092831838], [-75.54977998400663, 6.273447628145574], [-75.54978670001572, 6.27341066277262], [-75.54979621338306, 6.273358279645667], [-75.54980400558208, 6.273315385340158], [-75.54981020059185, 6.273281276762963], [-75.54981603306204, 6.273249166214077], [-75.5498224252181, 6.273213978984752], [-75.54982856569629, 6.273180176261065], [-75.54986598837391, 6.272974147529134], [-75.54987190266866, 6.272941583627289], [-75.54987846284577, 6.272905459833716], [-75.54988339601529, 6.272878307254304], [-75.54989530257319, 6.272821409135545], [-75.54990352433832, 6.2727821246402], [-75.54991118007989, 6.272745542557091], [-75.54992139216333, 6.272696748041705], [-75.5499321993606, 6.272645101796048], [-75.54993907011163, 6.272612272857272], [-75.5499467470447, 6.272575589412564], [-75.54996083469528, 6.272508278956067], [-75.54996484011045, 6.272486364756561], [-75.5499721177563, 6.272446537877497], [-75.5499833550307, 6.2723850429389545], [-75.54999658225277, 6.272312661031946], [-75.55000525930267, 6.272265181329556], [-75.55001383071853, 6.272218275344082], [-75.55001842227898, 6.2721931514335605], [-75.55002472123792, 6.272158679811585], [-75.55002941312578, 6.272133005717392], [-75.55003343261946, 6.272111013697878], [-75.55003774452278, 6.27208170605008], [-75.55004192003297, 6.272053335718632], [-75.55004516059522, 6.272031325793302], [-75.55004755884275, 6.272015030292442], [-75.55005013376582, 6.271997534184898], [-75.55005437581556, 6.271968725943326], [-75.55005851460106, 6.271940607132205], [-75.55006262626588, 6.271912671082325], [-75.55006746742964, 6.271879789646272], [-75.55007090564904, 6.271856434355947], [-75.55007381730212, 6.271836649225312], [-75.55007704648015, 6.271814713492688], [-75.55008068852257, 6.271789980259293], [-75.55013349352777, 6.271446750277946], [-75.55013540717965, 6.271435223575988], [-75.55013744540221, 6.271422929587097], [-75.55013887359881, 6.271414322793368], [-75.55014142363035, 6.271398954166193], [-75.55014343819234, 6.271386811278009], [-75.5501449436603, 6.271377743919016], [-75.5501464227703, 6.271368830386091], [-75.55014782460894, 6.2713603774184925], [-75.55014920190104, 6.27135207917226], [-75.5501506291854, 6.271343470574853], [-75.55015246557046, 6.27133240534249], [-75.55015443012269, 6.271320569189269], [-75.55015657198356, 6.27130766261742], [-75.55015909745991, 6.271292446903713], [-75.5501612884008, 6.2712792281769945], [-75.55016307298668, 6.271268473304716], [-75.55016524208274, 6.271255407478026], [-75.55016827667524, 6.271237120755768], [-75.55017041760635, 6.27122420876401], [-75.55017275875713, 6.271210106900319], [-75.55017271626583, 6.271210101682562], [-75.55016609464498, 6.271208873597035], [-75.55015391944086, 6.271206616553794], [-75.55013693131312, 6.271203467986994], [-75.55012061872644, 6.2712004436096205], [-75.55010620436792, 6.27119777253665], [-75.5500870467175, 6.271194222257959], [-75.55007497280306, 6.2711919846098105], [-75.55006106759046, 6.271189407796017], [-75.55004173810185, 6.271185823091854], [-75.55003024296947, 6.271183692925751], [-75.55001891514888, 6.271181595396744], [-75.55000724999415, 6.271179432605846], [-75.54999226137544, 6.2711766549280945], [-75.54997967831062, 6.27117432211265], [-75.54996228141866, 6.271171097776156], [-75.54994786976617, 6.271168425780891], [-75.54993311809537, 6.271165693961205], [-75.54991572028668, 6.271162466915083], [-75.54991114249955, 6.271161620354208], [-75.54988546993883, 6.2711568613485325], [-75.54984091193425, 6.271148602261294], [-75.5498190013364, 6.271144331238655], [-75.54979492291741, 6.271139636796629], [-75.54977576256317, 6.271135902080626], [-75.5497546234058, 6.271131780997672], [-75.54973383876685, 6.271127728708312], [-75.54971087455236, 6.271123251248289], [-75.54969062530947, 6.271119303035339], [-75.54966165415473, 6.271113655063443], [-75.54961899509347, 6.2711053387942135], [-75.54959838861284, 6.2711013199874674], [-75.54958472602652, 6.27109865608825], [-75.5495710390279, 6.271095988691005], [-75.54955372723522, 6.271092612939168], [-75.54953932938396, 6.271089806152147], [-75.54952402172344, 6.271086822971714], [-75.54951325135475, 6.27108472000466], [-75.54950851147467, 6.2710837991879105], [-75.54948825951247, 6.271079849170914], [-75.54946985793202, 6.271076260830468], [-75.54945654987293, 6.271073667530309], [-75.54943977076577, 6.271070395865995], [-75.54941807450616, 6.271066166273691], [-75.54940038558978, 6.27106271821473], [-75.54938106876584, 6.271058950791598], [-75.54937252522022, 6.271154549025506], [-75.54937156362409, 6.271159890636557], [-75.5493272789956, 6.271153039671509], [-75.5492844221289, 6.271146412300719], [-75.54927358941735, 6.271146912550442], [-75.54926692556032, 6.271149821842251], [-75.54926617036057, 6.271148180046385], [-75.54926164003044, 6.271138322034072], [-75.549177678129, 6.271171706050519], [-75.54919293516457, 6.271184721436613], [-75.54920314763052, 6.2711934288997915], [-75.54920861517985, 6.27119534611812], [-75.54920353735277, 6.271209850070863], [-75.54919333271258, 6.271239003775837], [-75.54917242896055, 6.27123070907882], [-75.54916958458314, 6.271229581036015], [-75.54914143229324, 6.271218413105591], [-75.54913472691102, 6.27121575331124], [-75.54910389589898, 6.271203520720394], [-75.54907021607731, 6.271253573133401], [-75.54906971910506, 6.271254310589242], [-75.54906085970867, 6.271250908156315], [-75.54904208450324, 6.271243693446297], [-75.54901055503161, 6.271297826470564], [-75.54900545211395, 6.271296014160373], [-75.54900502219097, 6.27129586074634], [-75.54896579918187, 6.271341077855014], [-75.54894912483549, 6.271345607191059], [-75.54892115964216, 6.271387069015433], [-75.54889201301505, 6.2714302842243095], [-75.54898723298763, 6.271441518186744], [-75.54888726426545, 6.271429770293255], [-75.54888128595535, 6.271429100510353], [-75.54885945286955, 6.271426653556248], [-75.5488546950233, 6.271426127011666], [-75.548757422361, 6.271450061858288], [-75.54870930216576, 6.271552344176924], [-75.54870928913593, 6.271552451828863], [-75.54872687879586, 6.271703546215088], [-75.54870989162279, 6.271669550430029], [-75.54871104755355, 6.271673519252525], [-75.54871413645427, 6.271682758644673], [-75.54871779019037, 6.2716925820526965], [-75.54872010933806, 6.271696441242942], [-75.54872458397983, 6.271704693841849], [-75.54855031198896, 6.271694182622174], [-75.54839183585037, 6.271659190873613], [-75.54830729115862, 6.271640542745528], [-75.54831577332295, 6.271687920010677], [-75.54829509434572, 6.271793948343544], [-75.5482950619935, 6.271794356252595], [-75.54830064971465, 6.271795900403041], [-75.54830659576226, 6.271797553110993], [-75.54838007266825, 6.271812763421794], [-75.54838012834769, 6.271812693534767], [-75.54838459364126, 6.271807122409678], [-75.54839192654194, 6.271797976060916], [-75.54839734406615, 6.2718024268335375], [-75.54840761485954, 6.271810863701229], [-75.54841556788587, 6.271817398758116], [-75.5484199793703, 6.271821021743919], [-75.54842847569812, 6.271822779575762], [-75.54843215976138, 6.271831035120949], [-75.54843220237139, 6.271831064749116], [-75.54843566081169, 6.271838815996979], [-75.54843718908039, 6.271842244162276], [-75.54843848257664, 6.2718451445680925], [-75.5484408064672, 6.271850351758393], [-75.54844342267094, 6.271856213907011], [-75.5484442064505, 6.271857973099321], [-75.54844670755546, 6.2718635772337405], [-75.5484495987022, 6.27186986659055], [-75.54845345326794, 6.271878253305129], [-75.54845676906402, 6.271885470016182], [-75.5484573845635, 6.27188681142634], [-75.54845994148006, 6.2718923727960725], [-75.54845996339716, 6.2718924206070295], [-75.54844885639167, 6.271890400630397], [-75.5484451676209, 6.271889729649757], [-75.54843947303854, 6.271888693224546], [-75.54844150195913, 6.27189660331723], [-75.5484429995195, 6.271902451018212], [-75.54844398589557, 6.271906297708517], [-75.54844518317807, 6.271910967012755], [-75.5484469413396, 6.271917823331595], [-75.54844835230945, 6.271923329701924], [-75.54844942248678, 6.271927501462418], [-75.54845066124902, 6.271932339632529], [-75.54845120553978, 6.271934459824004], [-75.54845224622932, 6.271938513290125], [-75.54845519986256, 6.271950038017706], [-75.54845715880788, 6.271957679027155], [-75.54845716802313, 6.271957716050649], [-75.54846072063941, 6.27195825840639], [-75.54846899043399, 6.271959510135671], [-75.5485212520897, 6.271967403646857], [-75.54853170753256, 6.271968284002196], [-75.54853162595468, 6.271968974231605], [-75.54852592476847, 6.272019010757498], [-75.54852462486784, 6.27203041061956], [-75.54852216122403, 6.272052037960506], [-75.54851952959233, 6.272075166933985], [-75.54851645753513, 6.272102116992039], [-75.54851402679299, 6.272123449434705], [-75.54851347228374, 6.272128337014678], [-75.54850758896352, 6.272179938530236], [-75.54850621392009, 6.2721920511932465], [-75.54850548515113, 6.272198451285538], [-75.54850328584084, 6.272217764638909], [-75.54849247484928, 6.27221604700515], [-75.54848811700444, 6.272243170579796], [-75.5484872590941, 6.272248468291869], [-75.54848234621522, 6.272279069948861], [-75.54848021956025, 6.272292324538169], [-75.5484793336778, 6.2722978158649765], [-75.54846956297455, 6.2723586346669045], [-75.5484675275214, 6.27237132013024], [-75.54846561829444, 6.272383206654254], [-75.54846288466915, 6.272400221659703], [-75.54845770683878, 6.272432451996614], [-75.54845704306439, 6.272436608687164], [-75.5484505348783, 6.272477132528758], [-75.54844795825434, 6.272493173952988], [-75.5484446071726, 6.272514022658296], [-75.54844363991306, 6.272520059556888], [-75.5484436806634, 6.272520078344814], [-75.54848409481497, 6.27252676825998], [-75.54850079291276, 6.272529534033734], [-75.54850999015717, 6.272531056997783], [-75.54851773154256, 6.272532339321182], [-75.54854952185194, 6.272537621914274], [-75.54854238662624, 6.272591346032886], [-75.54854242556516, 6.272591363925512], [-75.54851752300695, 6.272667905523847], [-75.54850071054389, 6.272723037414481], [-75.54850066798652, 6.272723018635377], [-75.54849223872039, 6.272743986079324], [-75.54849182806961, 6.2727450097168465], [-75.54847463297179, 6.272787781636414], [-75.54843472167002, 6.2727826832196305], [-75.54842444660592, 6.272781367116301], [-75.54839796219505, 6.272778204144483], [-75.54839672667624, 6.2727848173598435], [-75.54838893520102, 6.272783826401784], [-75.54837903082301, 6.272782559123645], [-75.54837342451395, 6.272781840517194], [-75.54835915832136, 6.272831606811216], [-75.548318058806, 6.272826496086205], [-75.54831613479878, 6.272826231504383], [-75.54831071676291, 6.272857002883032], [-75.54830955091909, 6.272863637458176], [-75.54830585706682, 6.272884604463073], [-75.54830492075257, 6.272889944146269], [-75.54829531908774, 6.272944458709581], [-75.54828241920545, 6.2729873815108785], [-75.54827219661524, 6.273021404830772], [-75.54826720493342, 6.273038023074883], [-75.54826725283283, 6.273038025554132], [-75.54828671203296, 6.2730390935442415], [-75.54836730623752, 6.2730435139138265], [-75.54839617283679, 6.273045097570478], [-75.54844806854905, 6.273047945205731], [-75.54845618715653, 6.273048388489631], [-75.5485825982097, 6.273056054911365]]]}, "properties": {"t_id": 8636, "fecha_adopcion": 1418774400000, "fecha_actualizacion": 1418774400000, "shape_length": 1179.77295156693, "shape_area": 41627.1140006536, "caracter": "Predominancia Dotacional", "nombre": "Santa Inés", "orden": "Segundo Orden o Local", "accion": "Redelimitada", "estado": "En Consolidación", "jerarquia": "Barrial"}}, {"type": "Feature", "id": 8637, "geometry": {"type": "Polygon", "coordinates": [[[-75.54819471928904, 6.281325135109776], [-75.54821318150759, 6.281265717759496], [-75.54821509871543, 6.281259565022089], [-75.54821514851945, 6.281259587382064], [-75.54824192917914, 6.28117425129452], [-75.54824509363687, 6.281175226776148], [-75.54824909661609, 6.281162282181959], [-75.54825541053656, 6.281141841239856], [-75.54825974168841, 6.2811430461044795], [-75.54826812766717, 6.281144931894716], [-75.54827139992766, 6.281145779372134], [-75.5482720821825, 6.281143381072851], [-75.54830319852061, 6.281152091506479], [-75.54834681078522, 6.2811642978032785], [-75.54834958658928, 6.28115763458373], [-75.54835415137491, 6.281146691653984], [-75.54835519637221, 6.281144193943957], [-75.548358887271, 6.281144916422683], [-75.54839082020243, 6.281151169129885], [-75.54840828437025, 6.281154588348042], [-75.5484102056582, 6.281145189853094], [-75.54841192755345, 6.281136779612704], [-75.54841641731053, 6.281136041684954], [-75.54845561085557, 6.281129606961644], [-75.54848393685764, 6.281125099399548], [-75.54849160836979, 6.281123878545304], [-75.54849638209924, 6.281151971149071], [-75.54850192975337, 6.281184619384114], [-75.54850546159096, 6.2811838490548295], [-75.54851429886264, 6.281181922742067], [-75.54852924847245, 6.2811786620214445], [-75.54851610986971, 6.281130184633421], [-75.54851546581565, 6.281127807262662], [-75.54851089472871, 6.2810990229355665], [-75.54853193662676, 6.2810893802869385], [-75.54858106673878, 6.281066659409313], [-75.54862918746589, 6.28104428610318], [-75.54863871641115, 6.281039855664188], [-75.54864622418813, 6.281053262218956], [-75.54866023166433, 6.281078276550288], [-75.5486767411446, 6.2811077621456795], [-75.5487277716877, 6.28108751195553], [-75.54877526070581, 6.2810686415066295], [-75.54880209061386, 6.281057862210959], [-75.5487956726557, 6.281039843934075], [-75.5488048420723, 6.281036173788819], [-75.54879026244058, 6.280979372110711], [-75.5488276132316, 6.2809639459805], [-75.5488580873877, 6.280951360605809], [-75.54887104172828, 6.280946012078677], [-75.54887267775159, 6.280949848360313], [-75.54888096487939, 6.280969295957721], [-75.54888640859052, 6.280982070651224], [-75.54889559366563, 6.280978276566327], [-75.54893316892694, 6.280962746267958], [-75.54893603372825, 6.280961560586735], [-75.5489904391788, 6.280939121369291], [-75.5489922236848, 6.280943019309819], [-75.54903436427678, 6.280928728887742], [-75.54903503811606, 6.280930171267445], [-75.54905930175183, 6.280920283260179], [-75.54909330979903, 6.280906424850694], [-75.54909695380722, 6.280904939729005], [-75.54910532843859, 6.280901525698965], [-75.54912123008026, 6.28089504984999], [-75.54912816099943, 6.280892225099366], [-75.54911802582357, 6.280878844017992], [-75.5491249668136, 6.280873633285839], [-75.54910472164059, 6.280846660343057], [-75.54907864872175, 6.28081191880028], [-75.54910622090023, 6.280791585819937], [-75.54917497075841, 6.280836097067361], [-75.54920336292324, 6.280873588434607], [-75.54920772892802, 6.280879355234081], [-75.54923890327602, 6.280855254464634], [-75.54926178264895, 6.280837567157469], [-75.5492747600818, 6.280795944021629], [-75.54926007381641, 6.280793901803896], [-75.54923365608636, 6.280790229703337], [-75.54920502045285, 6.280786249261851], [-75.54913611355137, 6.2807766697751495], [-75.54913905473892, 6.280748483535427], [-75.54914143396815, 6.280725690307345], [-75.54917567633146, 6.280730829614092], [-75.54917329602111, 6.280695671539119], [-75.54916914586524, 6.280632525580845], [-75.54919503232773, 6.28063026302127], [-75.54922328966748, 6.280629850457292], [-75.54922271199176, 6.280621619590798], [-75.54922005280339, 6.280583742424959], [-75.54921677491595, 6.280543684861211], [-75.5492103003796, 6.280544671150037], [-75.54920999159819, 6.280544718764238], [-75.5491471314557, 6.280554297613054], [-75.54911988982911, 6.280558448215241], [-75.54908954301189, 6.2805632178909345], [-75.54906311188996, 6.280567373581688], [-75.54905679970841, 6.280530988807323], [-75.54904915263607, 6.280486920221716], [-75.54907126188566, 6.280482908553139], [-75.54906253708137, 6.280438138209911], [-75.54907772863594, 6.2804263017738995], [-75.54906821256377, 6.280372854975797], [-75.54908951381452, 6.280368797520165], [-75.54910015857773, 6.280366771080905], [-75.54911250223574, 6.28036441992563], [-75.54910666150053, 6.280334860654251], [-75.54911127904381, 6.280333832787367], [-75.5491063101242, 6.280311491256671], [-75.54910116935217, 6.28028837032073], [-75.54909987239843, 6.280282540644275], [-75.54909459679975, 6.280258821847653], [-75.54908920290138, 6.280252381070878], [-75.54908350553494, 6.280234084437694], [-75.54907749833944, 6.280235669675769], [-75.54905676143431, 6.280241506369416], [-75.54905129227538, 6.280222386791976], [-75.54904597107075, 6.28020377731261], [-75.54903517537811, 6.280165881021478], [-75.54902066417553, 6.28011514827133], [-75.54902614127812, 6.2801136225760885], [-75.54902617285751, 6.280113613381155], [-75.54903090645853, 6.280112297444783], [-75.54905813952999, 6.280104722148628], [-75.54907049955212, 6.28010127875829], [-75.54906658364816, 6.280090896113882], [-75.54906213041424, 6.280079085793858], [-75.54905059687943, 6.280048501881614], [-75.54905366372986, 6.280046874918169], [-75.54904759292877, 6.280035947653482], [-75.54902920000583, 6.280002833123293], [-75.54900873427195, 6.279965989313871], [-75.54899439861437, 6.279940184589049], [-75.54898986466256, 6.2799320245320605], [-75.54897666836142, 6.27990825843554], [-75.54897476598568, 6.2799048321063795], [-75.54896182676814, 6.2798815348908095], [-75.54895910494335, 6.279876637055076], [-75.54895530749543, 6.279869799730637], [-75.54893177569583, 6.279832513376318], [-75.54891044078623, 6.279810712674752], [-75.54886228513492, 6.279773340156011], [-75.54880883723253, 6.27972905892915], [-75.54875875535355, 6.279687440157066], [-75.54872567927168, 6.279660521548293], [-75.54868291549481, 6.279613201987316], [-75.54868289823544, 6.279613183085192], [-75.54863739478846, 6.279560452233438], [-75.54860152471079, 6.279514727368613], [-75.5486015092453, 6.279514705745417], [-75.54856898820258, 6.2794677810869075], [-75.54856897272829, 6.279467757655561], [-75.54853795555552, 6.279419236249584], [-75.54853794098037, 6.279419211909735], [-75.5485093712971, 6.279374916118407], [-75.54847544480918, 6.279396427310865], [-75.54847515954441, 6.279396665576062], [-75.5485324325391, 6.279461094296392], [-75.54851427797189, 6.279467857744385], [-75.54844689624761, 6.279492972032074], [-75.54835974559617, 6.2794951948285735], [-75.54835812211643, 6.279495234380484], [-75.54835650133845, 6.2794952721110056], [-75.54820476770543, 6.279621518223239], [-75.5480939494388, 6.279687616503204], [-75.54809397840438, 6.279687627211383], [-75.54819772508573, 6.279722103522235], [-75.54818832788496, 6.27975305433372], [-75.54798561243771, 6.279678337344737], [-75.54781628598408, 6.279615922549804], [-75.54781625520705, 6.279615910946306], [-75.54779287145175, 6.279493502224951], [-75.54778494143535, 6.2794386010493515], [-75.54778006860892, 6.279402191125592], [-75.5477747176393, 6.2793598019661605], [-75.54777338666281, 6.279343257887528], [-75.54777206813915, 6.279331317454837], [-75.54776994724071, 6.279317885538619], [-75.54776688509415, 6.279301346273987], [-75.5477637320462, 6.279288595655173], [-75.5477594121293, 6.279273906891285], [-75.5477544184565, 6.279260020637849], [-75.54774849122984, 6.279245909287594], [-75.5477420064789, 6.2792327192236375], [-75.54772824344127, 6.279213352491765], [-75.54771876811128, 6.279200752001702], [-75.54770860417318, 6.2791885011371065], [-75.54769904835858, 6.279177186676743], [-75.54769902021742, 6.279177159690618], [-75.54768959026867, 6.2791675732673555], [-75.5476895612152, 6.279167544477446], [-75.54768024812515, 6.279158763043141], [-75.54768021907606, 6.2791587351573135], [-75.54767112108416, 6.279149035911933], [-75.54767109383772, 6.279149007113223], [-75.54766799624905, 6.279145800867956], [-75.54766796809908, 6.279145772073646], [-75.54766050608997, 6.279138046661444], [-75.54766047703647, 6.279138017871533], [-75.54764954996232, 6.279128441449597], [-75.54764951730353, 6.279128414485449], [-75.5476372205921, 6.27911849484357], [-75.54763718703417, 6.279118468787903], [-75.54762615371239, 6.279110268931655], [-75.54762611836063, 6.279110245597052], [-75.54761786659611, 6.279106038289053], [-75.54760804787584, 6.279066488974423], [-75.54760908570358, 6.279049882728303], [-75.54760005886443, 6.278796749000982], [-75.54760096763108, 6.278759548754639], [-75.54760096836753, 6.27875951439502], [-75.54760458248214, 6.278611419618458], [-75.54763169168005, 6.278475813682015], [-75.54775338833865, 6.278132278421476], [-75.54774929469377, 6.278105029617262], [-75.54777962639164, 6.278014486722522], [-75.54778706942547, 6.277982825765989], [-75.54779908231485, 6.277950180590951], [-75.54779959275078, 6.277947751485737], [-75.54782285924294, 6.277951331475207], [-75.54783258671742, 6.277919357425283], [-75.54783342611971, 6.277913599609107], [-75.54783810740699, 6.277881461170882], [-75.54783787691494, 6.277843167084778], [-75.5478319003578, 6.2778053412748775], [-75.54782031292831, 6.277768842886895], [-75.54780337797385, 6.277734500606958], [-75.54772241658101, 6.277619604105474], [-75.54772207538647, 6.2776191175494], [-75.54769199851536, 6.277576434673764], [-75.54768964935269, 6.277573100014546], [-75.54767289135044, 6.277549316819651], [-75.54766931757253, 6.277544245005929], [-75.54766866337546, 6.277520638369257], [-75.54765639734333, 6.277532627761575], [-75.54766153498943, 6.277520755346101], [-75.54748759742108, 6.277538948276753], [-75.54721938440528, 6.277535086898556], [-75.5470883533078, 6.277533201311518], [-75.54699172993044, 6.277526832025051], [-75.54646567545217, 6.277492152831002], [-75.54648886272933, 6.277240900853004], [-75.54648614165417, 6.277126453277584], [-75.54636492207165, 6.277106512630995], [-75.54622555423514, 6.27710448833237], [-75.54622548466395, 6.27710448867085], [-75.54604408335868, 6.277108846587903], [-75.54604401469099, 6.277108846921964], [-75.54597961099086, 6.277107726321531], [-75.5459180554841, 6.27710665243276], [-75.54591805275017, 6.277148118415029], [-75.54592270973446, 6.277266230916401], [-75.54592270486026, 6.277385358805468], [-75.5458974217974, 6.2776566515575265], [-75.54589741839416, 6.277656694971219], [-75.54587837409947, 6.2777618855555355], [-75.54588268483826, 6.277892593049125], [-75.54588304521891, 6.2779035364166385], [-75.54588844295778, 6.278066973626426], [-75.54588896460282, 6.278084141890762], [-75.54589025753818, 6.278126714524645], [-75.54589243307751, 6.2782036524958915], [-75.5458971955128, 6.278372078039351], [-75.54589735931326, 6.278377895171558], [-75.54589726419483, 6.278379703848557], [-75.54589228372532, 6.278475060750722], [-75.54588990638696, 6.278519289484037], [-75.54588835083312, 6.278538326699132], [-75.54588746331596, 6.278549248110786], [-75.5458821603115, 6.278614303625285], [-75.5458774656995, 6.278671798748554], [-75.54587325332871, 6.278735377070521], [-75.54587234879654, 6.2787491184751945], [-75.54587083373865, 6.278772025976122], [-75.54587003661099, 6.278784069849158], [-75.54586622082769, 6.278841683655446], [-75.54585970314763, 6.278940139182151], [-75.54584502299889, 6.2790888268387235], [-75.54584449341692, 6.279094197099627], [-75.5458449691284, 6.27909428881195], [-75.54584159860093, 6.279123788146152], [-75.54583740202457, 6.279151943476346], [-75.54583621290469, 6.27915992710391], [-75.54611284455821, 6.279157856734116], [-75.54611331086626, 6.279201743431543], [-75.54611320543674, 6.2792062635751655], [-75.5461128663903, 6.279220904524551], [-75.5461119287812, 6.279260741326494], [-75.5461118147876, 6.279265916085211], [-75.54611143522172, 6.2792822587610555], [-75.54611055046284, 6.279320327776748], [-75.54608161894063, 6.279320898028099], [-75.54605119758256, 6.279321491802218], [-75.54603722914814, 6.279321761396632], [-75.54603634358506, 6.279375838536383], [-75.54604185499008, 6.279375976261967], [-75.54604035019085, 6.27943538070107], [-75.54613774679765, 6.279437531317809], [-75.54613610905163, 6.2795322245964185], [-75.54615814580848, 6.2795337393125505], [-75.54616346766494, 6.279534103081301], [-75.54616357247836, 6.279534103475299], [-75.54620692817879, 6.279531661126667], [-75.54622769054627, 6.279530494132695], [-75.54625926090071, 6.279528718508194], [-75.5462648949583, 6.2795799232030705], [-75.54626748847188, 6.279603411028258], [-75.5462691284309, 6.279618284644288], [-75.54627210745662, 6.2796452414589155], [-75.54627311503144, 6.279654373458147], [-75.54627315570332, 6.279654375972519], [-75.54628664804055, 6.27965523520266], [-75.54628664545743, 6.2796552614343355], [-75.54628539639424, 6.279677862950965], [-75.5462827698891, 6.279725280766722], [-75.54628276738949, 6.279725324176009], [-75.54628281438605, 6.279725326659577], [-75.54628281271962, 6.279725355599107], [-75.54628155611857, 6.279750681226286], [-75.5462804407239, 6.279773084997133], [-75.54621542263989, 6.279770177415871], [-75.54621535576135, 6.279770174124949], [-75.54620095642404, 6.279769720732112], [-75.54620088244758, 6.279818070014277], [-75.54619548475699, 6.2798296155116615], [-75.5461936506496, 6.27983353831732], [-75.54619211344536, 6.279836828611284], [-75.54618854980924, 6.27984444045403], [-75.54618041691731, 6.279858926762454], [-75.5461651714676, 6.279886459595597], [-75.54616521501708, 6.279886496452], [-75.54614970418525, 6.279912410417464], [-75.54612956134804, 6.279946045398275], [-75.54610823192289, 6.279979633716467], [-75.54609224939867, 6.280004796857145], [-75.5460901627488, 6.280007697443097], [-75.54608334273384, 6.280017170417833], [-75.54608135793451, 6.280019833632046], [-75.54606872557144, 6.2800367784089035], [-75.54606870672923, 6.280036805623825], [-75.5460593667637, 6.280050377426977], [-75.54604698231485, 6.280067578667708], [-75.54603016032969, 6.2800918001985755], [-75.54600822840625, 6.28012338071599], [-75.54599083002162, 6.280149103157689], [-75.54598795845546, 6.280153360108016], [-75.54598581523395, 6.280156333297916], [-75.54598445012763, 6.280158224101004], [-75.54598095767028, 6.280162821305186], [-75.54597724257958, 6.280167716140044], [-75.54597173546145, 6.2801749676627345], [-75.54596728776387, 6.280180827129001], [-75.54596409067263, 6.280185033225499], [-75.54595713739751, 6.280194602684287], [-75.54595331832964, 6.280199855147484], [-75.54595020294241, 6.280204140407724], [-75.54594686765435, 6.280208727805903], [-75.54594429438951, 6.280212268155735], [-75.54594067637119, 6.280217243887788], [-75.54593745954878, 6.280221666161888], [-75.54593482704654, 6.280225288169681], [-75.54593193245456, 6.2802292694794595], [-75.54592728943705, 6.280235655182557], [-75.5459228681229, 6.280241737834875], [-75.54592284926748, 6.280241762337527], [-75.5459202292826, 6.280245357161185], [-75.54592021132632, 6.280245380755373], [-75.54591523339786, 6.280252201155763], [-75.54590969089038, 6.2802597936991], [-75.54590465281647, 6.280266694857751], [-75.54590100239353, 6.280271696062524], [-75.54589482352993, 6.280280165070424], [-75.54588819227223, 6.280289250168833], [-75.54588244781074, 6.280297119447739], [-75.54587884321245, 6.280302067991288], [-75.5458767645974, 6.2803051348939025], [-75.54587400862675, 6.280309194186347], [-75.54587053048886, 6.280314321127613], [-75.54586523029006, 6.280322132189663], [-75.54586038582238, 6.28032927018624], [-75.54585321690419, 6.280339832500119], [-75.54584439818038, 6.280352826754675], [-75.54583642187005, 6.280364582803075], [-75.54583191650055, 6.280371218273969], [-75.54583179269264, 6.2803713996979535], [-75.54582753875953, 6.280377714795318], [-75.54582508972925, 6.280381347663591], [-75.54582191855793, 6.280386053605217], [-75.54581874738219, 6.2803907586427465], [-75.54581456520805, 6.280396965802131], [-75.54581017222095, 6.280403485904482], [-75.54580707729995, 6.280408078461616], [-75.54580405326541, 6.280412569413761], [-75.5458007367594, 6.280417489431995], [-75.54579750548203, 6.280422284268658], [-75.54579436287078, 6.280427289330761], [-75.54579229441522, 6.280430587635393], [-75.54578938760359, 6.280435215441316], [-75.54578799608193, 6.280437434563892], [-75.54577852075617, 6.2804525313509965], [-75.54576011268772, 6.280489881909037], [-75.54572795805468, 6.280479840977788], [-75.54572484748455, 6.280489207296854], [-75.54572447344064, 6.280490513743914], [-75.54572333354511, 6.280493938624916], [-75.54572229434196, 6.280497073701575], [-75.54572089977277, 6.280501268313125], [-75.54571971362765, 6.280504844405119], [-75.54571846600041, 6.280508598001347], [-75.54571708928643, 6.280512748224767], [-75.54571548990727, 6.280517561338323], [-75.54571375873515, 6.28052277199635], [-75.54571226446492, 6.2805272744895975], [-75.54571053238486, 6.28053248424795], [-75.54570911023688, 6.2805367675962644], [-75.54570881377242, 6.280537490516644], [-75.54570805829985, 6.2805393277227735], [-75.54570717734308, 6.2805389568057945], [-75.54570658606468, 6.280538697492396], [-75.54570649733432, 6.2805386599517306], [-75.54570358636045, 6.280537412889538], [-75.5456998595937, 6.28053581719586], [-75.54569756160048, 6.280534832957833], [-75.54569739801445, 6.28053631106511], [-75.54569694448647, 6.280540411590211], [-75.54569663897534, 6.280543176932736], [-75.54569598985026, 6.280549047747524], [-75.54569516679341, 6.280556498884052], [-75.54569421998579, 6.280565072619873], [-75.54569308624723, 6.2805753406582205], [-75.54569051910701, 6.280575680438947], [-75.54568666604558, 6.2805761711352135], [-75.54568550274156, 6.280579613308263], [-75.54568435011727, 6.280583021977363], [-75.54568248491417, 6.280588541588346], [-75.54568073727165, 6.280593709833585], [-75.5456795169416, 6.280597316831686], [-75.54567944478855, 6.280597529648045], [-75.54567806059555, 6.2806016283738595], [-75.54567624794029, 6.280606991318578], [-75.54567619636885, 6.2806069771038455], [-75.54566551558811, 6.28060513498102], [-75.54565722288525, 6.280629687494709], [-75.54565220336313, 6.280644495884937], [-75.5456498784606, 6.280651359428393], [-75.545644570137, 6.28066698020843], [-75.5456365297596, 6.280664256387999], [-75.54562874368685, 6.280661616315824], [-75.54562248258219, 6.280659487779337], [-75.54561450099138, 6.2806567754257445], [-75.54561157585206, 6.280655774349326], [-75.54560909058789, 6.280654927542659], [-75.54557987196442, 6.2806858618270125], [-75.54558025799427, 6.280687207068119], [-75.54559360965735, 6.2807334730646875], [-75.54559408855212, 6.280735148757044], [-75.54558836121622, 6.280753420610959], [-75.54558158393665, 6.280775034634704], [-75.54557395074698, 6.280799385940361], [-75.54557399876145, 6.2807994119258], [-75.54557817641148, 6.280800823699832], [-75.5455828771537, 6.280802408324831], [-75.54558992646002, 6.280804785271026], [-75.54559468431358, 6.280806408494569], [-75.54557353290502, 6.2808796048901465], [-75.54558423906857, 6.280884065183784], [-75.54556862475268, 6.280936470904811], [-75.54557471950288, 6.280939135481802], [-75.54557542486377, 6.280939443061772], [-75.54566420755077, 6.280978254632627], [-75.54566425735035, 6.280978276088816], [-75.54568876582911, 6.28098880356859], [-75.54572494816885, 6.281004347172522], [-75.5457527443117, 6.281016288039731], [-75.54575280044916, 6.281016312177393], [-75.54575371671923, 6.281016698291887], [-75.54573879205749, 6.281133644864117], [-75.54572071736321, 6.281273770899832], [-75.54571409021446, 6.281297642654342], [-75.54573176359057, 6.281304502884723], [-75.5457484339706, 6.281310980134484], [-75.54578407859628, 6.28132482481235], [-75.54579293834459, 6.2813282588823], [-75.54584164738618, 6.281347115619229], [-75.54585328752502, 6.281317316548323], [-75.54585323772103, 6.281317294188085], [-75.54586530902903, 6.281289389835186], [-75.54588750650164, 6.281233994734323], [-75.54591356313557, 6.2812449676184565], [-75.54593653591415, 6.281254631899967], [-75.54593658573575, 6.281254657876551], [-75.5459568169709, 6.281263171916572], [-75.5459632272245, 6.281265869306939], [-75.5459649121915, 6.281266580773806], [-75.54598050325247, 6.281273145543252], [-75.54598656490896, 6.281275692740207], [-75.54599585890814, 6.2812796111021525], [-75.54601756779891, 6.281288754437121], [-75.5460356224543, 6.281296354167316], [-75.54603567227149, 6.281296379239803], [-75.54606570632492, 6.281309021623102], [-75.54606706170847, 6.281309590940997], [-75.54607127725797, 6.281311363263063], [-75.54608208416771, 6.2813159143655435], [-75.54608541060519, 6.281317311290921], [-75.54608545861534, 6.281317336372182], [-75.54609097523561, 6.281319657481808], [-75.54610039505052, 6.281323621338222], [-75.54610812812199, 6.281326880065537], [-75.54610872749807, 6.281327132105775], [-75.54611666428131, 6.281330475731361], [-75.54612062180203, 6.2813321417203225], [-75.54613429611544, 6.281337897598122], [-75.54613434593263, 6.2813379226705965], [-75.54615436624053, 6.281346353645291], [-75.54616707993594, 6.281351708254598], [-75.54618290096242, 6.281358367731701], [-75.54618295168316, 6.281358392799771], [-75.54620524547997, 6.281367784618415], [-75.54623192133619, 6.281379001287769], [-75.54623196757004, 6.281379032706413], [-75.5462565499099, 6.281390251429404], [-75.54626392299312, 6.28139361859085], [-75.54634200921578, 6.281412109834972], [-75.54638274964135, 6.281427950331032], [-75.54639234451696, 6.281431680972729], [-75.54642603653245, 6.281444772941678], [-75.54644261822638, 6.281451220760272], [-75.54646698605866, 6.281460691068271], [-75.54647465724199, 6.281463671624929], [-75.5464927715443, 6.281470715018209], [-75.54651730232503, 6.281480248721291], [-75.54654425103647, 6.281490717249057], [-75.54657523979536, 6.281502913740925], [-75.5465947965959, 6.281510602870574], [-75.5466209004498, 6.281520877507675], [-75.54662803587415, 6.281523681657071], [-75.54664575225213, 6.281530650131978], [-75.5466957881308, 6.281550332990283], [-75.54673511177275, 6.281565796104016], [-75.54674778392531, 6.281570782021488], [-75.54679646280591, 6.281589934435968], [-75.54680410612706, 6.281592944957454], [-75.54681076448675, 6.2815955651808375], [-75.54684756236954, 6.281610029792394], [-75.54685351721064, 6.281594887751292], [-75.54686058054148, 6.281576924924904], [-75.54688128556188, 6.281585131022771], [-75.54688166036175, 6.281585281087404], [-75.54689800003352, 6.281591754476973], [-75.54694342596373, 6.281609757323471], [-75.54708151920848, 6.281652849852672], [-75.54709204786967, 6.28167486871041], [-75.54711310337534, 6.281718903720678], [-75.54710807152718, 6.281721509451198], [-75.54713546594202, 6.281766946593873], [-75.54714112934604, 6.281764149732872], [-75.54716705408482, 6.281751346088399], [-75.54718202248618, 6.281743953540135], [-75.5471949834992, 6.2817375517239915], [-75.54720406496654, 6.2817330692345665], [-75.54721283078534, 6.28175062586865], [-75.5472283586459, 6.281781713870048], [-75.54723159015457, 6.281780126793854], [-75.54723744651723, 6.281777247622579], [-75.54725650212467, 6.281767903994003], [-75.54730135037512, 6.281745907440277], [-75.54730784136991, 6.2817427268223165], [-75.54730979830926, 6.281741767074912], [-75.54728304632673, 6.2816931760081625], [-75.54734141845799, 6.281677029148006], [-75.54738179217944, 6.281665777083539], [-75.54739158604237, 6.28166304870398], [-75.54739617347455, 6.281661770555606], [-75.54742809508296, 6.281652871457164], [-75.54751705187851, 6.281628821990001], [-75.54753107412544, 6.2816795327920625], [-75.54753231513914, 6.281683894482319], [-75.54758186675302, 6.281669782310524], [-75.54761082456558, 6.281661596513323], [-75.54763255939801, 6.281655453919991], [-75.54764903107208, 6.281650801616501], [-75.54766519227312, 6.281646406687006], [-75.54768468138133, 6.281641110425681], [-75.54770936809298, 6.281634407369893], [-75.54770960449639, 6.281634340218519], [-75.5477104590252, 6.281634107316895], [-75.54771157254562, 6.281633807153872], [-75.54771876925932, 6.281631751418382], [-75.5477242317881, 6.281630196868644], [-75.54772675100476, 6.281629478489518], [-75.54773544014442, 6.281627002307082], [-75.54776271563235, 6.2816192071356305], [-75.54777890561722, 6.281614600502405], [-75.5477873799494, 6.281612173283356], [-75.5478136463201, 6.281604966174104], [-75.54782376610838, 6.281602186474147], [-75.54784119130035, 6.281597405658161], [-75.54785094935825, 6.281594747966106], [-75.5478660665347, 6.2815906383907425], [-75.54786907495728, 6.281589813655624], [-75.54787223048345, 6.2815889529437205], [-75.54789133659133, 6.281583493995038], [-75.5479173975632, 6.281576041965636], [-75.54794185785636, 6.2815690461700004], [-75.54798237244414, 6.281557412752733], [-75.54799365823035, 6.2815541626591935], [-75.54804620273899, 6.281539014232413], [-75.54808271474771, 6.281528712167237], [-75.54809923155852, 6.28152405420814], [-75.54812358678637, 6.281517193629528], [-75.5481520177551, 6.2815091839641415], [-75.54816831798387, 6.281504767550641], [-75.54817923921446, 6.281501802215233], [-75.54820368590477, 6.281495169926742], [-75.54820546986132, 6.281494684771076], [-75.54822845925324, 6.281488450155717], [-75.54823139734829, 6.2814876565012145], [-75.54824241152228, 6.281484666301054], [-75.54825636288746, 6.2814808824505], [-75.54819391838521, 6.28139376151848], [-75.54820216261608, 6.281397154238531], [-75.54824652339674, 6.28141537461491], [-75.54819471928904, 6.281325135109776]]]}, "properties": {"t_id": 8637, "fecha_adopcion": 1418774400000, "fecha_actualizacion": 1418774400000, "shape_length": 2017.26484717747, "shape_area": 118788.630137493, "caracter": "Predominancia Dotacional", "nombre": "San Blas", "orden": "Segundo Orden o Local", "accion": "Redelimitada", "estado": "En Consolidación", "jerarquia": "Barrial"}}, {"type": "Feature", "id": 8679, "geometry": {"type": "Polygon", "coordinates": [[[-75.57450947120344, 6.277940553470089], [-75.57447865263309, 6.277974523386048], [-75.57443647727933, 6.278020921611355], [-75.57442944652938, 6.278029294599505], [-75.5744032350595, 6.278060513312814], [-75.574383081203, 6.278086661032248], [-75.57436371291726, 6.278111788692584], [-75.57434852401876, 6.278131334749517], [-75.57433779294468, 6.278145145946496], [-75.57433018098519, 6.27815494121125], [-75.57432803333529, 6.278157705627519], [-75.57430057265674, 6.278193046796507], [-75.57428440960031, 6.278213848903094], [-75.57425256471477, 6.278254830544782], [-75.57417395808939, 6.278355994089493], [-75.57433344022748, 6.278503426453787], [-75.57441910203076, 6.278582544776509], [-75.5745067036972, 6.2786636786847705], [-75.57453005963878, 6.278685328756284], [-75.57455306432641, 6.278706655082945], [-75.5746361099336, 6.278783639009294], [-75.57472897193259, 6.278869723062037], [-75.57478999043579, 6.278926287141291], [-75.57479010117441, 6.278926390566334], [-75.57512060539534, 6.278503744276963], [-75.57513981109415, 6.2784791860684415], [-75.57519588107863, 6.278407479117371], [-75.57524109596588, 6.278350266569779], [-75.57528665249833, 6.278292343536681], [-75.57533169926099, 6.278234753004195], [-75.57541850787317, 6.278123682715578], [-75.57543357066892, 6.2781047782617865], [-75.57546466815454, 6.278065806435627], [-75.57550960634707, 6.278009295916902], [-75.57552521512886, 6.277989709806716], [-75.57555483339519, 6.277952548009782], [-75.57560596039515, 6.277888805076099], [-75.57562273164493, 6.277867858922521], [-75.57564373609746, 6.2778416220125735], [-75.57572570577483, 6.277737812753741], [-75.57573250098206, 6.277725826379831], [-75.57576455503377, 6.277674311070693], [-75.57567503585062, 6.27760615413337], [-75.57558067005502, 6.277530801893915], [-75.57553091740029, 6.277491074381315], [-75.57533644771323, 6.277335790800002], [-75.57530025366977, 6.277308625714576], [-75.57531823748646, 6.277290075764363], [-75.57535557513846, 6.277251562362723], [-75.57536767701426, 6.277239078848762], [-75.57538469713381, 6.277221522711441], [-75.57541808382554, 6.277187085389077], [-75.57551650922528, 6.277093723292599], [-75.57552314628738, 6.277087428925993], [-75.57556124910329, 6.27705128679115], [-75.57556709744213, 6.2770457385610445], [-75.57557920872257, 6.277034251303164], [-75.57558599866286, 6.277027810626067], [-75.5756414864142, 6.2769751782817185], [-75.57566972716347, 6.2769483904427625], [-75.5757197136959, 6.276900975530904], [-75.5757237570865, 6.2768971412905055], [-75.57582405208653, 6.276802007009594], [-75.5758432068943, 6.276783837337239], [-75.5758451728272, 6.276781972476335], [-75.57584914786983, 6.2767782036663045], [-75.57585333604212, 6.276774230387868], [-75.57585752602134, 6.276770257100533], [-75.57586912986649, 6.27675847489399], [-75.57601460851926, 6.276610483220694], [-75.57621259099363, 6.276409797924493], [-75.57640437116719, 6.276212159173725], [-75.57677199703933, 6.275860706974942], [-75.57704669261922, 6.275626650259304], [-75.57711488550194, 6.275563205750532], [-75.57719365177779, 6.275489926075114], [-75.57720035324024, 6.275483691055805], [-75.57723622710576, 6.275445949688256], [-75.5772413353852, 6.275440576873283], [-75.57726615315546, 6.275414466751898], [-75.57729499336969, 6.275384126500631], [-75.57736659096736, 6.275308803621097], [-75.57739761991516, 6.275276160736396], [-75.57743055176344, 6.275241515878424], [-75.57743444117031, 6.275237424728639], [-75.5774385723685, 6.275233078340426], [-75.57744904508196, 6.275222060223029], [-75.57745524143415, 6.275215082723669], [-75.5774837746796, 6.2751829557013465], [-75.5775800325844, 6.275086633358554], [-75.57761107739107, 6.275055567118146], [-75.57770864312354, 6.2749709182066455], [-75.57789069549406, 6.274716990085689], [-75.57822518457601, 6.274234537113376], [-75.57822854979577, 6.274229683688586], [-75.57837181952507, 6.2739965759712], [-75.57840074409638, 6.273944468557091], [-75.57840261675686, 6.273941095236362], [-75.57842835308077, 6.273894736323846], [-75.57843440362932, 6.273883837622987], [-75.57843465260403, 6.273883389779125], [-75.57844696852038, 6.273862099415187], [-75.57845616671231, 6.273846199187415], [-75.5784673645383, 6.2738268400298445], [-75.57847864300219, 6.273807343054401], [-75.57848239861045, 6.273800851314386], [-75.5785069335652, 6.27374096236477], [-75.57852677864257, 6.2736925187157535], [-75.57853513967912, 6.273672108516841], [-75.5785425369123, 6.273669017187985], [-75.57855431172041, 6.273664097940974], [-75.5785683595336, 6.273659313962178], [-75.5786442812217, 6.273633459365222], [-75.57866200469216, 6.273627422304031], [-75.57870235854864, 6.273613680389774], [-75.5787472188128, 6.273598403747014], [-75.57877946635294, 6.273587422140099], [-75.57885033678781, 6.273563287556095], [-75.57890320953877, 6.273545282695703], [-75.57898692447309, 6.273516771452379], [-75.5790072475232, 6.2735098527543345], [-75.57900734459119, 6.273509197719254], [-75.57900736469557, 6.273509060199426], [-75.57902526235527, 6.273385799611903], [-75.57902037513107, 6.273323874924953], [-75.57901521323294, 6.273258458208557], [-75.57900227236058, 6.273208159928096], [-75.57897223453983, 6.273091413379171], [-75.57896471540154, 6.273062186104652], [-75.57896258484028, 6.273053904335928], [-75.57896242916647, 6.2730532984620195], [-75.5789611866946, 6.273048677477431], [-75.57895729274134, 6.2730342041827125], [-75.5789528842875, 6.2730178122424745], [-75.57894582431786, 6.272991560759224], [-75.57889456487923, 6.272800976354903], [-75.57888491453508, 6.272752493532655], [-75.57885183587555, 6.272586387167082], [-75.57885147339852, 6.272573860150484], [-75.57884680164437, 6.272411882079802], [-75.57885126830247, 6.272315364445679], [-75.5788533927082, 6.272269483454995], [-75.57885345066285, 6.2722682237800615], [-75.57885932548176, 6.272141304799451], [-75.57886926524601, 6.271950086308087], [-75.57887440768769, 6.271851165908376], [-75.57887455653642, 6.271850384046574], [-75.57888444203593, 6.271798422848013], [-75.57888697330102, 6.271785117632208], [-75.57893286665065, 6.271673668498387], [-75.57883824956815, 6.271605585763784], [-75.57875067953219, 6.271542574577353], [-75.57865052154531, 6.271470507644638], [-75.57852929596592, 6.271383279824828], [-75.57848441248268, 6.271350982649947], [-75.57841145429609, 6.271298487181375], [-75.57836655269784, 6.271266178326467], [-75.57832618981283, 6.2712354157124155], [-75.57824707110862, 6.2711751175391965], [-75.5781491259064, 6.271100470152602], [-75.57802668423422, 6.271007152790694], [-75.57788776500416, 6.270901279167507], [-75.57780886857068, 6.270841147952472], [-75.57771003108758, 6.270765821334502], [-75.57762993667689, 6.27070477922789], [-75.57752001169368, 6.270622717425707], [-75.57732723905147, 6.270478807848652], [-75.57730446657555, 6.27046180825362], [-75.5771498555124, 6.270346386614782], [-75.57703745500682, 6.270262478026461], [-75.57697744151898, 6.270217676522244], [-75.57682743911798, 6.270105694709153], [-75.57677212941812, 6.2700644050075915], [-75.57670632582577, 6.270015280564848], [-75.57670377671103, 6.270013377343472], [-75.57659923586196, 6.269935334534073], [-75.57656067997027, 6.2699065527058595], [-75.57642975029351, 6.2698088139105295], [-75.57631813714828, 6.269725497897921], [-75.57615281397952, 6.269602066719215], [-75.5762104338594, 6.269460095911572], [-75.57624079665035, 6.269385282658285], [-75.57628980064102, 6.269258583554341], [-75.57635231667925, 6.269096574930432], [-75.57636030330234, 6.269092262950982], [-75.57636973451804, 6.269067871346524], [-75.5764051674012, 6.2689762388679915], [-75.57647150028087, 6.2688299642878205], [-75.57648591327687, 6.268798180793052], [-75.57650546042616, 6.268755075499022], [-75.57650847582156, 6.268748346929474], [-75.57655465171665, 6.268637830429114], [-75.57658463103179, 6.2685660776017595], [-75.5765984861271, 6.2685329190251995], [-75.57664134713269, 6.268430335007408], [-75.57668552532887, 6.268324600105078], [-75.57672182376294, 6.268227458410383], [-75.57680026180655, 6.268017540881809], [-75.57680097273479, 6.26801457017627], [-75.5768240811971, 6.267917313428153], [-75.57682776174723, 6.26790068546521], [-75.5768412412254, 6.267839795905906], [-75.57685506982403, 6.267777325192795], [-75.57687615439109, 6.267682084567213], [-75.57688983274362, 6.267620296275718], [-75.57689531292226, 6.267595540774478], [-75.57690310573938, 6.267555996619233], [-75.57692611311971, 6.267439259135583], [-75.57695666208792, 6.267284254401861], [-75.57698535451797, 6.2671386676218015], [-75.57699513522056, 6.26708903856434], [-75.5770190349724, 6.266992115169744], [-75.57705630418207, 6.266840970404893], [-75.57706724355573, 6.266784242197101], [-75.57708053186542, 6.266715333447208], [-75.57710416485291, 6.2665927859651225], [-75.57712684012635, 6.266500601490115], [-75.57716266007515, 6.2663829421618304], [-75.57717217226659, 6.266351680934183], [-75.57718882232133, 6.266302056086038], [-75.57723261221717, 6.26617154759234], [-75.57725782326665, 6.266096407141461], [-75.57727484959436, 6.266051469035261], [-75.57729812488616, 6.2659900386173115], [-75.57733879025183, 6.265897583090066], [-75.57736362229149, 6.265841125629271], [-75.5774442333772, 6.26567802737882], [-75.57751111790955, 6.26557168458784], [-75.57761772669963, 6.265408119505313], [-75.57768017199672, 6.265313312975904], [-75.57778448600179, 6.265154939591313], [-75.57784696353468, 6.265060084086573], [-75.57799526350829, 6.264834926654984], [-75.5781628739949, 6.264580721866668], [-75.57823017122875, 6.264478986092301], [-75.57830073025133, 6.264372318771863], [-75.57842931219203, 6.264177937533141], [-75.57848461409806, 6.264094336114142], [-75.5785574864224, 6.26399106853767], [-75.57866488416047, 6.263838874811357], [-75.57877194359236, 6.263687162819995], [-75.5788349693662, 6.263597849391524], [-75.57885615496139, 6.263569595637981], [-75.57889245914028, 6.263521178782474], [-75.57895691937658, 6.263438068458628], [-75.57898528215891, 6.26340149890223], [-75.57910715474944, 6.2632443673185865], [-75.5791638829746, 6.263171226384809], [-75.57925627550101, 6.263054057456403], [-75.57932598555192, 6.262966839375666], [-75.57940659647058, 6.262855749587138], [-75.57945446015896, 6.2627753797940535], [-75.57951239596976, 6.2626642821805145], [-75.57954640535054, 6.262587021862704], [-75.57956025768024, 6.262555553088336], [-75.57958240696377, 6.262491188189157], [-75.57958243190579, 6.2624911157397705], [-75.57959838045281, 6.262444768993716], [-75.57960383917023, 6.262428908019241], [-75.57963834625271, 6.2623286308935535], [-75.57966907141251, 6.262240885797241], [-75.57969305349836, 6.262172397403697], [-75.5797542231265, 6.261997707811435], [-75.57980208381338, 6.261827523633533], [-75.57982474909173, 6.261714066256124], [-75.57983734914818, 6.261575894612908], [-75.57983734805781, 6.261486079296716], [-75.57982726175725, 6.261356070081466], [-75.57980044323088, 6.261165252175415], [-75.57978534415345, 6.261057822689051], [-75.57975740637572, 6.260864633432909], [-75.57971136027226, 6.26056423197406], [-75.57970380511696, 6.260429504530859], [-75.57970128213584, 6.260330233127623], [-75.5797063117622, 6.260209680424118], [-75.57971650250808, 6.260109261616075], [-75.57972142334799, 6.260060767666024], [-75.57973350544891, 6.259989494466219], [-75.57974790482076, 6.259904566342022], [-75.5797566880794, 6.259852758922944], [-75.57977470239793, 6.259780913208173], [-75.57978368254247, 6.259745100782319], [-75.57978385977847, 6.259744395629512], [-75.5797858128331, 6.259736607288688], [-75.57958518422056, 6.259690127317411], [-75.57937585898377, 6.2596593668234055], [-75.57896714096707, 6.259602900300452], [-75.57896699254975, 6.25960285040109], [-75.5786949713776, 6.259517779232928], [-75.57869482116666, 6.259517732054531], [-75.57852071516375, 6.259463278338152], [-75.57852056673757, 6.2594632266305075], [-75.5784072147893, 6.259420685827942], [-75.57804150194623, 6.259321294565424], [-75.57800530092, 6.259315039830365], [-75.57800536405635, 6.259315017822174], [-75.57805663494904, 6.259297627215766], [-75.57805964888746, 6.259296684818559], [-75.57813986689457, 6.25927159837287], [-75.57840217005663, 6.259221890553589], [-75.5784702710825, 6.259198230575327], [-75.57856358580044, 6.259141428622739], [-75.57861291514965, 6.259106936803981], [-75.57872130898993, 6.259031153621427], [-75.57875169301214, 6.259009912030708], [-75.57879190669837, 6.258981797204444], [-75.57879508601363, 6.2589795747116765], [-75.57883600433667, 6.258957703647424], [-75.57898090182813, 6.258979507884812], [-75.5792046439291, 6.259026863701313], [-75.57947428069812, 6.259094308613467], [-75.57977833903288, 6.25911582846065], [-75.57997831099024, 6.2591679178935635], [-75.58006536052444, 6.258899460715946], [-75.5800653818792, 6.25889939370877], [-75.58010773123513, 6.258771154584702], [-75.58013897022465, 6.258676559510474], [-75.58040359691852, 6.257887015112578], [-75.5806888235388, 6.2570181357410295], [-75.58068913955924, 6.257017174954947], [-75.58076571395469, 6.256783905726171], [-75.58082127486522, 6.256628624786799], [-75.58088685349293, 6.256445350296838], [-75.5810293637149, 6.256079326864231], [-75.58135963649454, 6.256235402491025], [-75.58166827499272, 6.256381254155164], [-75.58208033591717, 6.256575979751143], [-75.58208047809359, 6.256576046858119], [-75.58268096325807, 6.256872461165114], [-75.58268110454001, 6.256872530084424], [-75.58297918965101, 6.257007839460115], [-75.5829793318187, 6.257007904758634], [-75.58298225590048, 6.257009275425613], [-75.58298239807705, 6.257009342532232], [-75.58422240844851, 6.257594552592359], [-75.58426893375871, 6.257616510605648], [-75.58426907593105, 6.257616576807724], [-75.58435955650395, 6.257659278631982], [-75.58435969868076, 6.257659345738098], [-75.58499876995555, 6.257968665595519], [-75.5849989112379, 6.257968734513955], [-75.5860953345649, 6.25849824261772], [-75.58609547764102, 6.258498308814653], [-75.5861262736174, 6.258420975795155], [-75.58631737372474, 6.258045841081206], [-75.58634777172695, 6.257993396630295], [-75.58589280310677, 6.257774478523679], [-75.58575361651627, 6.257707504625051], [-75.5857711494857, 6.257671321963428], [-75.58580583399484, 6.257600210670832], [-75.58582077492497, 6.257568630792116], [-75.58584622341263, 6.257514841060042], [-75.5858795397068, 6.257444397392555], [-75.58591063410839, 6.257378683064078], [-75.58594065268576, 6.257315218866478], [-75.5859706722107, 6.257251764610197], [-75.58600183806898, 6.2571858862947725], [-75.58603074607191, 6.257124772754126], [-75.58606059302937, 6.257061688215787], [-75.5860930420296, 6.25699309857649], [-75.58612294346547, 6.256929887200894], [-75.5861525918862, 6.256867219520573], [-75.586183306173, 6.256802299952855], [-75.58621356082699, 6.256738348207543], [-75.58624530515162, 6.256671241119902], [-75.58627641643142, 6.25660548061419], [-75.58636166760854, 6.25642525821768], [-75.58638106248362, 6.256384278391531], [-75.58638022811047, 6.256377940383501], [-75.58636842390949, 6.2563714638438634], [-75.58612913665935, 6.256240190312519], [-75.5860435647057, 6.256189354075454], [-75.58575249732189, 6.256002225407395], [-75.58528974267334, 6.2557378916620126], [-75.58521125908501, 6.2556948632203495], [-75.58523759016238, 6.255618436432688], [-75.5853973608327, 6.255154712794962], [-75.5855333480521, 6.254759863413495], [-75.58553349502873, 6.254759436868129], [-75.58555626406817, 6.254693385683426], [-75.58563700542965, 6.2544591550805455], [-75.58577466214382, 6.254056228641533], [-75.58587822466154, 6.2537505863655065], [-75.58590190286638, 6.2536610761764955], [-75.58590651611331, 6.253643639076964], [-75.58601920243659, 6.25299942281299], [-75.5860196736114, 6.252996760690411], [-75.58602740493946, 6.252999027130959], [-75.58605946123838, 6.253008427258121], [-75.58615971825027, 6.253055349977864], [-75.5861661737429, 6.253059243711822], [-75.58630166033632, 6.253140978130137], [-75.5863201931585, 6.253152158047676], [-75.58645076271894, 6.252993297636516], [-75.58645272670684, 6.252988119343625], [-75.58648518071057, 6.252902559292191], [-75.58651337052284, 6.252809691768621], [-75.58653519875776, 6.2527151260642375], [-75.58655056907673, 6.252619296611031], [-75.58655940685955, 6.252522644966345], [-75.5865612259871, 6.252444821883274], [-75.5865612483078, 6.252443848983788], [-75.58656167224822, 6.252425700211849], [-75.58656167364174, 6.252425616125598], [-75.58662326904722, 6.2514302051972255], [-75.58667450275607, 6.250680835420123], [-75.58670473758532, 6.2502386486778505], [-75.58670474254386, 6.250238554629184], [-75.58673295536991, 6.249625382966128], [-75.58673788863697, 6.249424709993799], [-75.5867481372304, 6.249007882520387], [-75.58630837911404, 6.248948093416234], [-75.58609382952449, 6.248918921069315], [-75.58588117214443, 6.248890006020163], [-75.58588110887659, 6.248890000906908], [-75.58424980803005, 6.2486970323525375], [-75.58332120282911, 6.248582385225985], [-75.58329355982586, 6.248578972545528], [-75.58325860422882, 6.248574655552563], [-75.58325969242549, 6.248571059191547], [-75.58338258649202, 6.248117386387478], [-75.58338912213658, 6.248089393731256], [-75.58340777867514, 6.2480094770492], [-75.58341434884379, 6.247981339570926], [-75.58344228582224, 6.247857057387265], [-75.5834633229358, 6.247750984772878], [-75.58348298032746, 6.247658326473965], [-75.58348970553419, 6.247626618016903], [-75.58352132452454, 6.247477559470058], [-75.5835260908263, 6.2474577800542175], [-75.5836644609411, 6.246883651038834], [-75.58371227276794, 6.246674944818571], [-75.58378923724396, 6.246361032040822], [-75.58383095639188, 6.246190870561896], [-75.58384274536738, 6.246000592056744], [-75.58384379850146, 6.245983589243834], [-75.58384816510568, 6.2459130973394625], [-75.58384841380008, 6.245909095556391], [-75.5838519793094, 6.2458515495166465], [-75.58378975713228, 6.2456532700575655], [-75.5837887016487, 6.245649906634585], [-75.58375802559686, 6.24555214619409], [-75.5837196436785, 6.2454298407155475], [-75.58363701376283, 6.2452804520262735], [-75.58347409274428, 6.244941064359298], [-75.58346647960207, 6.244919580986054], [-75.58346033135281, 6.2449022274964126], [-75.58339510004636, 6.244718114253246], [-75.5833580749051, 6.244601061971727], [-75.58334449392895, 6.244525504017011], [-75.58333091083861, 6.244326084119883], [-75.58331517072213, 6.244118270462777], [-75.58330717565518, 6.244043954399257], [-75.58330004957654, 6.243977714752838], [-75.58327411786651, 6.2435448030439264], [-75.58325873464548, 6.243282787886588], [-75.5832481872413, 6.243103229294532], [-75.58322966392377, 6.242707471489269], [-75.58322401950943, 6.242453240558962], [-75.58322348704995, 6.242429401622271], [-75.58319418645132, 6.242028997275716], [-75.58319262264557, 6.242007634257286], [-75.58317039614093, 6.2415784462513555], [-75.58315187349321, 6.241169065664907], [-75.58314413084949, 6.241006293822103], [-75.5831409086997, 6.2409385549995795], [-75.5831333433643, 6.240779509813729], [-75.58311969362097, 6.240560066529322], [-75.58310865063989, 6.240382522797349], [-75.58309006583447, 6.240014565706031], [-75.58309361457488, 6.239963305810349], [-75.58307398641976, 6.239623742008522], [-75.58306976941014, 6.239550789693753], [-75.58306405010966, 6.239451868655333], [-75.58306395435923, 6.2394518718373835], [-75.58285825760761, 6.237973266852444], [-75.58285834966878, 6.237973248319225], [-75.58277179670345, 6.237663792219132], [-75.58275818461517, 6.237615133448932], [-75.58273057105436, 6.237524454684602], [-75.58264318523206, 6.237238033185876], [-75.58263897485665, 6.237207900867303], [-75.58260239936813, 6.236946058974058], [-75.58260693399224, 6.2367896503123825], [-75.58261451769607, 6.236528059274243], [-75.58261623133613, 6.236468976296569], [-75.58261694700036, 6.236444279575259], [-75.58261725204837, 6.236424287905823], [-75.58261894024305, 6.236304469677927], [-75.58261906612148, 6.236295489710838], [-75.58262062478902, 6.236185195725615], [-75.58262185224093, 6.2360982205626225], [-75.58263742424067, 6.235722571059072], [-75.58263742581293, 6.2357225231349735], [-75.58264301484581, 6.235587696090136], [-75.58264400618229, 6.235563759255252], [-75.58265082418599, 6.2354081349947466], [-75.58265545600297, 6.2353150975407425], [-75.5826659205461, 6.235104891298189], [-75.58266794155875, 6.235064292595179], [-75.58267050715712, 6.235012766286489], [-75.58267078122985, 6.234999915214751], [-75.58267352036917, 6.234871447901115], [-75.58267447527285, 6.2348265943868295], [-75.58268035309452, 6.234550686528561], [-75.58268509578626, 6.234328024764285], [-75.58269401715111, 6.234129400159476], [-75.58269969485053, 6.234003062022826], [-75.58270239829251, 6.233688056393142], [-75.58270454962395, 6.233437435914073], [-75.58270454556825, 6.233299824591322], [-75.58270453365176, 6.2328576712137265], [-75.58270453209714, 6.232786279420104], [-75.58273129947956, 6.232523621587912], [-75.5827580725029, 6.232362359329549], [-75.5827656721431, 6.231783905304693], [-75.58236290528625, 6.23180149859013], [-75.58232499400427, 6.231802561289798], [-75.58183719588234, 6.231816239306163], [-75.58130854110765, 6.2318173278020454], [-75.58088476736351, 6.231818200569878], [-75.58081044790693, 6.231819007474756], [-75.58080918767628, 6.231819021782101], [-75.58044139565482, 6.231811975143145], [-75.58003195458916, 6.23180413129127], [-75.57982450852839, 6.2318001579418745], [-75.57982267708329, 6.231800123509853], [-75.57979174500335, 6.231807880068308], [-75.57976247019018, 6.231808685142164], [-75.57931571217867, 6.231820981050207], [-75.5790159344328, 6.231829078510774], [-75.57877659799819, 6.231835545664572], [-75.57865047672048, 6.2318463201073175], [-75.57831403611029, 6.231896388816983], [-75.57828831247332, 6.231897519088758], [-75.57820744341937, 6.231902873579374], [-75.57799149965108, 6.23191100520803], [-75.57792159953974, 6.231913638047833], [-75.57782475853591, 6.2319178943844085], [-75.577802412994, 6.231918126627517], [-75.57776359916332, 6.231919588505009], [-75.57766599811256, 6.231919541463148], [-75.5775987654343, 6.2319202391283435], [-75.57759686287586, 6.231920258377533], [-75.57757582635064, 6.23191418634367], [-75.5775741661914, 6.23191370715984], [-75.5768626454684, 6.2317159039633125], [-75.57604202336344, 6.23148777176108], [-75.57553355013741, 6.231346416097923], [-75.5748165684041, 6.231147092002507], [-75.57448137695641, 6.231053908329697], [-75.57421214762823, 6.230886387256507], [-75.57397500282639, 6.23077601499825], [-75.57398554758734, 6.230745391744876], [-75.57398446105996, 6.23074471536691], [-75.57381422300158, 6.230685179615711], [-75.57381019218842, 6.230683769930309], [-75.57314843110858, 6.230284911996875], [-75.57312720555464, 6.230269332350053], [-75.57306104281594, 6.2302239309298635], [-75.57295967889195, 6.230148803946616], [-75.57263390581548, 6.229907350815943], [-75.57261849342626, 6.229895928707583], [-75.57233708073355, 6.229689366447139], [-75.57202639812292, 6.22946158758813], [-75.57151760248965, 6.229088565979069], [-75.571478357751, 6.229059793910001], [-75.57138222697553, 6.228989307834482], [-75.57138199486319, 6.22898913718909], [-75.57119703494625, 6.228853534007267], [-75.57103499323969, 6.228734733624429], [-75.5707484625109, 6.228523672689743], [-75.5706351856368, 6.228440228461493], [-75.57036305432608, 6.228239763469176], [-75.5703109784145, 6.228201401715619], [-75.57031095484196, 6.22820138465276], [-75.56949489341646, 6.2276134955141424], [-75.56940065961278, 6.227547876290444], [-75.56933318698131, 6.227500892019078], [-75.56917947347372, 6.227369181300922], [-75.56909415879075, 6.2273662164505845], [-75.56899296240987, 6.2273751219211135], [-75.56891390655628, 6.227404809503529], [-75.56887592905237, 6.227430731271715], [-75.56884432764541, 6.227452299518336], [-75.56882627339269, 6.227451769952665], [-75.56879373000886, 6.227505727383553], [-75.56875895065427, 6.227574000258795], [-75.56872099998344, 6.2276689773963385], [-75.56871467628886, 6.227746154423201], [-75.56871467683733, 6.2277966100250755], [-75.56873680780798, 6.227900500018939], [-75.5687810836902, 6.228051880817899], [-75.5688020597621, 6.228113535408645], [-75.56882965876257, 6.22826355900685], [-75.56883603008902, 6.228347935864653], [-75.56884059962302, 6.228408469727531], [-75.56884368011256, 6.2284492799267515], [-75.5688469237132, 6.228492233838738], [-75.56884437599588, 6.228531608631477], [-75.56884208959548, 6.228566942665761], [-75.5688410048342, 6.228583715250705], [-75.56882966017679, 6.228759023434579], [-75.5688048064906, 6.228909477924045], [-75.56880049043565, 6.228935603718635], [-75.56878214591609, 6.229046652366675], [-75.56875723419033, 6.229171802498077], [-75.56875720155524, 6.229171965393738], [-75.56872635675195, 6.229312684879679], [-75.56869847982583, 6.22943985926105], [-75.56869974080016, 6.229527654979782], [-75.56870046843704, 6.229578429798465], [-75.56870193278748, 6.229680358206034], [-75.56870762526565, 6.229775599235178], [-75.5687109739937, 6.229831611349282], [-75.56871608181781, 6.229916981629428], [-75.56874336098171, 6.230372964346369], [-75.5687438278246, 6.2303844277740135], [-75.56874553360487, 6.230426221991957], [-75.5687473452312, 6.230470644795248], [-75.56875491186527, 6.230656008384454], [-75.56875594073155, 6.230681227554082], [-75.56876002400406, 6.230781242788656], [-75.56876616298523, 6.230931647549249], [-75.56877443665478, 6.231008305924873], [-75.56880382474012, 6.231280631796605], [-75.56881972023064, 6.231502158258756], [-75.56884769856057, 6.231892069105176], [-75.56886360579516, 6.232113751897707], [-75.5688636068702, 6.232113787152064], [-75.5688684053398, 6.232180662990163], [-75.56888663189619, 6.232434663005634], [-75.56890135976279, 6.232639911512203], [-75.56891153149098, 6.232781667921783], [-75.56893872534722, 6.233160650232283], [-75.56894582280567, 6.233259556790238], [-75.56896334921042, 6.233497728616625], [-75.56897226344522, 6.233618883257604], [-75.5689756746961, 6.233665238427061], [-75.56899588487977, 6.233939867333802], [-75.56905189923039, 6.234701037916289], [-75.57004651677762, 6.234623786379967], [-75.57014574494754, 6.2345206816096335], [-75.57017144678768, 6.234854769919574], [-75.57020082562028, 6.235236663093401], [-75.57027958848677, 6.236260473305511], [-75.57028535463294, 6.236335434121372], [-75.57032896417672, 6.236947706110703], [-75.57032902059436, 6.236948530366632], [-75.57032915763273, 6.236950325223181], [-75.57032820564594, 6.236949265753818], [-75.5702326383701, 6.23692488772486], [-75.57011373069334, 6.236944719733477], [-75.57006461502333, 6.236975103635893], [-75.56995801936753, 6.237041045681963], [-75.56991001253239, 6.237030519445852], [-75.56976376623957, 6.23699845250837], [-75.56963629037796, 6.236970503391015], [-75.56952900255622, 6.2369179467153115], [-75.5694755800806, 6.236891778036871], [-75.56944357911432, 6.236876100799578], [-75.56941718303459, 6.236863170873546], [-75.56940946987542, 6.236859392331127], [-75.56928770925309, 6.236805653122633], [-75.5692477890588, 6.236788033635922], [-75.56918624871297, 6.236760872044642], [-75.56915347943536, 6.236742705044698], [-75.56913674376213, 6.236733427520016], [-75.56913483401205, 6.236771852615226], [-75.56912960888782, 6.236828703911541], [-75.5691500658076, 6.236842968336636], [-75.56913042604867, 6.236883505991345], [-75.56912908531739, 6.236887586370805], [-75.56912673790927, 6.2368947736011195], [-75.5691254233518, 6.236898663089473], [-75.56912165425153, 6.236909817178613], [-75.5691202556943, 6.236920944334426], [-75.56911823220706, 6.236936947595447], [-75.56910759804326, 6.237055365023933], [-75.56910580785546, 6.237075305372576], [-75.56910335089411, 6.237102659817353], [-75.56904428883536, 6.237145633741699], [-75.5689228120778, 6.237234019095284], [-75.56888718486616, 6.237259941432182], [-75.56855907118512, 6.2372462274266045], [-75.56856674021928, 6.237293625949097], [-75.56857086678512, 6.237319134682946], [-75.56857088450087, 6.237319247608099], [-75.56857542001504, 6.237347287614372], [-75.56857640743908, 6.237353397176004], [-75.5685769765775, 6.237356913128159], [-75.56857709021835, 6.2373576150537735], [-75.56857701615847, 6.237357619935451], [-75.56847443625624, 6.237354420704772], [-75.56851344302045, 6.237374620457889], [-75.56853405864284, 6.237419424377123], [-75.56855559045829, 6.23750282676824], [-75.56859804731388, 6.2376672847621775], [-75.5686254849527, 6.237775699887645], [-75.56862803535378, 6.237785887418435], [-75.5686280528582, 6.237785956948171], [-75.5686859420101, 6.238017226202339], [-75.56873845350462, 6.238224129249914], [-75.56872814634667, 6.238327514580029], [-75.56871531655925, 6.238371705919349], [-75.5687147283568, 6.23837373576402], [-75.5687133075448, 6.2383786256984495], [-75.56871195695496, 6.238383279322173], [-75.56869183839244, 6.238452578510945], [-75.56868392880193, 6.238449098370063], [-75.56864362755012, 6.23843136501572], [-75.56864073478876, 6.23843009170008], [-75.56856568059621, 6.238397066989016], [-75.56849135344376, 6.238364361477905], [-75.5684747972676, 6.2383570765972385], [-75.5684404827871, 6.2383160616608295], [-75.56835355746203, 6.238373617993953], [-75.56824803471297, 6.238443488365516], [-75.56816071218961, 6.238501306999645], [-75.5681374751068, 6.238516692273875], [-75.56810447921374, 6.238522696361673], [-75.56806961120013, 6.238529041380799], [-75.56798324632298, 6.238522866344982], [-75.56792776529332, 6.23848847672291], [-75.56790888488642, 6.238476446725231], [-75.56781430379095, 6.238414588858692], [-75.56749706923885, 6.238207109491988], [-75.56732388249908, 6.238093840166109], [-75.56730556116312, 6.238189767008388], [-75.56726760865621, 6.2382467571430125], [-75.56723712149068, 6.238288725531577], [-75.5671917052864, 6.238351244424432], [-75.56715850461848, 6.238436739158054], [-75.56713292844857, 6.238560497736581], [-75.5671300385767, 6.238574477358637], [-75.56712031125292, 6.238651166599215], [-75.5670920855279, 6.238873703084789], [-75.56708462356583, 6.239000753757117], [-75.56708260033851, 6.23903518969487], [-75.56708907993718, 6.239123874084643], [-75.56709140405925, 6.239155687747747], [-75.56709682851333, 6.239229918113536], [-75.56712055056394, 6.239362911221816], [-75.56713952273851, 6.239453151207671], [-75.56713468902757, 6.239496715015455], [-75.56713003704981, 6.239538637007615], [-75.5671319334647, 6.239628443116938], [-75.56712293371142, 6.2396241048624645], [-75.56711899620014, 6.23962220557702], [-75.5670905099705, 6.23960847569229], [-75.56705789062057, 6.239592751639246], [-75.56705744325447, 6.23959253503009], [-75.56705740612527, 6.239592517129268], [-75.5669653737535, 6.239548155400655], [-75.56688358432035, 6.239510360767861], [-75.5668450769632, 6.239492567004195], [-75.56682602105819, 6.239529299216593], [-75.56679899817851, 6.239581386525628], [-75.56675948769556, 6.23970214729809], [-75.56668371863854, 6.2399337233372645], [-75.56668125983705, 6.239941233879603], [-75.56667582506307, 6.2399578450746285], [-75.56667244847912, 6.239968167303128], [-75.56665584003493, 6.239969457055951], [-75.56665503625176, 6.239969518837029], [-75.56612534176654, 6.24001072324389], [-75.56542838045338, 6.240070363157528], [-75.56543213859834, 6.240106135236249], [-75.56543319714316, 6.2401220349101], [-75.56545122716452, 6.240392780333726], [-75.56545965925808, 6.240519385713091], [-75.5654616313977, 6.240550358518816], [-75.56547165048434, 6.240712145329775], [-75.56548938659013, 6.2409985745880645], [-75.56549193891885, 6.241039786146929], [-75.56549275182694, 6.241052920486693], [-75.56548467556867, 6.241077202245313], [-75.56539980900996, 6.241141938628903], [-75.56537429791585, 6.241158114273178], [-75.56527857183818, 6.241218808031276], [-75.56530741512425, 6.241281929662196], [-75.56545860488472, 6.241612801036062], [-75.56551502680972, 6.241736277544356], [-75.56555351962614, 6.2418499596897385], [-75.56556296942478, 6.24185412760506], [-75.5655722453754, 6.241861557436516], [-75.56557385185954, 6.241865107216399], [-75.56557034539719, 6.241899975345282], [-75.56536295959779, 6.242290850036123], [-75.5652830975399, 6.242472386487008], [-75.56521162350865, 6.242634857189551], [-75.56519986843743, 6.24266157805795], [-75.5651893682822, 6.242684957603264], [-75.56518551072817, 6.242693549035384], [-75.56514821006533, 6.242679823188137], [-75.5650894776776, 6.242654303927344], [-75.56508317075944, 6.242651563622115], [-75.56507066375909, 6.242646129503495], [-75.56496175580895, 6.242598811177481], [-75.56488594786337, 6.2425658738463845], [-75.56477147904849, 6.242516137900075], [-75.56475146821928, 6.242507444015448], [-75.56470537232573, 6.242487416056281], [-75.5646279718311, 6.2424537875713195], [-75.56458462107172, 6.242434952281351], [-75.56452100223241, 6.242406171267802], [-75.56439678158334, 6.24234997596372], [-75.5643706589349, 6.242338157455688], [-75.56424448703073, 6.242281079269179], [-75.5642004045088, 6.242261136368604], [-75.56410793036997, 6.242219301525003], [-75.56410890954331, 6.24221759162972], [-75.56410770904318, 6.242216706945292], [-75.56410488912721, 6.242214626800621], [-75.56409699790532, 6.242208807617021], [-75.5640528667211, 6.242176262748791], [-75.56397127422363, 6.242116090420128], [-75.56395972346891, 6.242107573160479], [-75.56391902424622, 6.242077558389962], [-75.5638426635781, 6.2420212454375985], [-75.56370160455623, 6.241917218477814], [-75.56332314372752, 6.241638115130949], [-75.56328714139406, 6.241611564503017], [-75.56321756584413, 6.2415602541720325], [-75.56320986717566, 6.241567272194323], [-75.56320877640437, 6.241566471053128], [-75.56306036636293, 6.241701774909789], [-75.56267791444697, 6.241903893886746], [-75.56252012785598, 6.242004441050117], [-75.56236836824552, 6.2421538523928275], [-75.56230048257788, 6.24222489325526], [-75.56205650151658, 6.242350276991909], [-75.56186546916794, 6.242383847683047], [-75.56153906276008, 6.242406568164952], [-75.56153749486487, 6.242406677960327], [-75.5610785557278, 6.242282292970528], [-75.56089457082473, 6.242106643412787], [-75.5608708013012, 6.242083950507918], [-75.56077955112437, 6.242013977998167], [-75.5607399501933, 6.241974394013295], [-75.56072874829228, 6.241963477295038], [-75.5606788305147, 6.241947857797211], [-75.5606714541881, 6.2419455493640355], [-75.56066710403016, 6.241945004566244], [-75.56063300156934, 6.2419407322879135], [-75.56055685850235, 6.241931210142387], [-75.56054691294175, 6.2419308110057665], [-75.56046787800464, 6.241927641548242], [-75.56046733039446, 6.241927619802008], [-75.56038496669045, 6.24193478771146], [-75.5603348270128, 6.241952713103707], [-75.5602846972724, 6.241970639348262], [-75.56027792061141, 6.241975162069476], [-75.56025224765801, 6.241992298483908], [-75.56023658164058, 6.242002754652533], [-75.56020948760953, 6.242020839145922], [-75.56015709558976, 6.242057554509262], [-75.56015728490449, 6.242057841091482], [-75.5601576007258, 6.242058317822984], [-75.56015846991754, 6.242059629961365], [-75.5601629105292, 6.2420663330403325], [-75.56015454150739, 6.242073555008217], [-75.56005736387569, 6.2421574190869125], [-75.56004484434607, 6.2421815751173195], [-75.56003937230186, 6.242198001177633], [-75.5600275119216, 6.2422336080232705], [-75.56000564245966, 6.242299259737158], [-75.55998544426438, 6.242314853341024], [-75.55946160220965, 6.242719283337545], [-75.55911569077207, 6.242979754185103], [-75.55877801833842, 6.243234020723779], [-75.55860012567827, 6.243367973774388], [-75.55849564299088, 6.243446457727084], [-75.55849876986086, 6.243450165602471], [-75.55838443737345, 6.243533474706294], [-75.5582926724568, 6.243600339695952], [-75.55824097853939, 6.243645621548269], [-75.5581344903847, 6.243700366335885], [-75.55810478862351, 6.243715636344469], [-75.55806644018945, 6.243730453852558], [-75.55802341960626, 6.243747077864585], [-75.55791061702716, 6.243790665996284], [-75.55783062636733, 6.243807900098448], [-75.55775273589468, 6.243824681875002], [-75.55773254530502, 6.24382903111486], [-75.5576415076059, 6.243848645150137], [-75.55759592660264, 6.24385355992809], [-75.55743816881379, 6.243870566293506], [-75.55742008252017, 6.243872517565258], [-75.55729063242755, 6.243865688910482], [-75.55707450741004, 6.2438311856944875], [-75.5570555937939, 6.243828166614808], [-75.55682126685977, 6.2438013932086704], [-75.55684997653458, 6.2438588810433], [-75.55686911837978, 6.243916369266159], [-75.55690261568768, 6.243954701250469], [-75.55701175152052, 6.2440155926746606], [-75.55718968389026, 6.244114870460756], [-75.55729581298561, 6.244174084843067], [-75.55747386682806, 6.244273429706027], [-75.55751124472403, 6.24429428639504], [-75.55751128730066, 6.244294309694639], [-75.5575294394804, 6.244304437773832], [-75.55757566691142, 6.244331053945657], [-75.55757832685487, 6.244332563517726], [-75.55717170434329, 6.244711854784133], [-75.55676416202701, 6.2450920021008764], [-75.55649100887474, 6.2453467944269345], [-75.55648342607701, 6.245333045556182], [-75.55646711331819, 6.245304483838474], [-75.55645460530708, 6.245281916800633], [-75.55644308036477, 6.245260110757258], [-75.55634255109564, 6.2450699055166945], [-75.55627562073113, 6.245100521793511], [-75.5561056273924, 6.245610290767042], [-75.55610519904968, 6.24561157486396], [-75.55610510554214, 6.2456118546856], [-75.55610423039745, 6.245612667205073], [-75.55607831777102, 6.2456921858629695], [-75.55607543789569, 6.245701022980628], [-75.55603362052008, 6.245829347269396], [-75.5560081175047, 6.245892927352651], [-75.55600238092754, 6.245898250552386], [-75.5559718847659, 6.245926545237983], [-75.5559482935456, 6.245948433356867], [-75.5559342255165, 6.245961485522494], [-75.55587603131715, 6.246015480083848], [-75.55586762521936, 6.246023279932287], [-75.55580260686928, 6.246058817883248], [-75.55580225201422, 6.246058489610859], [-75.55576689608604, 6.2460257403964246], [-75.55574611600521, 6.246006571368422], [-75.55574563930278, 6.246007013078219], [-75.55558359377194, 6.246157362399449], [-75.55552239646049, 6.2462527160921395], [-75.55549841502246, 6.246290082507146], [-75.55537071862146, 6.246496415931449], [-75.55508532118145, 6.2469575627764815], [-75.55499733041175, 6.247098999449273], [-75.55467617499586, 6.247615227099782], [-75.55427331544975, 6.248268812388875], [-75.55426790618493, 6.248279595677545], [-75.55426313316117, 6.248289113748421], [-75.55426131933649, 6.248292729928611], [-75.55426047909197, 6.248294405695871], [-75.55425951177904, 6.248296334325013], [-75.55425604609984, 6.248303244942207], [-75.55425471101077, 6.24830590677685], [-75.55425145740898, 6.248312395052055], [-75.55424693045188, 6.248321420095914], [-75.5542461456783, 6.248322983485014], [-75.5542427184751, 6.248329817066629], [-75.55424147466223, 6.248332297637392], [-75.55424063620264, 6.248333968875492], [-75.55423556251283, 6.248344086018836], [-75.55423280374215, 6.248349585514475], [-75.55421474649226, 6.2484052348460475], [-75.55420395934534, 6.248438484080219], [-75.55420187186861, 6.248444915156133], [-75.55417318143337, 6.248533331993722], [-75.55415371682105, 6.248593321527762], [-75.55414608888982, 6.248616829986577], [-75.55413556611221, 6.248649262437942], [-75.5541274645936, 6.248674227898582], [-75.55411107018313, 6.248724751937141], [-75.55408631702217, 6.248801041009966], [-75.55407817545083, 6.248826131432332], [-75.55407302755037, 6.248841996315799], [-75.55406949708926, 6.248852873545467], [-75.55406653458313, 6.2488620049065124], [-75.55405653270213, 6.24888448337535], [-75.55402868813808, 6.248947064102744], [-75.5540251206604, 6.248958133182262], [-75.55402407392123, 6.248961382187041], [-75.55401520863644, 6.248988890079913], [-75.55396275570857, 6.249151648281206], [-75.55396103159347, 6.2491569953824], [-75.5539595015349, 6.249161743929089], [-75.55395774539063, 6.249167193349476], [-75.55395554421054, 6.249174025496418], [-75.55394332595078, 6.249211936009595], [-75.5539407099701, 6.24922005128504], [-75.55393815275853, 6.249227989070882], [-75.55393330977849, 6.249243015275766], [-75.55393109968627, 6.24924987278102], [-75.55392809118024, 6.249259206885458], [-75.55392427180041, 6.2492710565260605], [-75.55391862242415, 6.249288590108568], [-75.55391637138193, 6.249295573483103], [-75.55391344832336, 6.249304642270496], [-75.55390516604976, 6.249330342744881], [-75.5539024610728, 6.249338736916497], [-75.5538997551967, 6.249347131996619], [-75.55389656779954, 6.249357024801637], [-75.55389493713558, 6.249362080328095], [-75.55389257218184, 6.249369421376649], [-75.55389039502619, 6.24937617746264], [-75.5538882205239, 6.2493829217824075], [-75.55388589651112, 6.249390135153661], [-75.55388454089983, 6.249394340391622], [-75.55388326896882, 6.249398288457948], [-75.55388191335312, 6.249402492791839], [-75.5538662531198, 6.249451084822676], [-75.55385112427682, 6.249498029709991], [-75.55393927499419, 6.249516250322344], [-75.55395707715125, 6.249519929409371], [-75.55406054655565, 6.249541316772], [-75.55408534061375, 6.2495464418946325], [-75.55407062736121, 6.249600640182475], [-75.5540614461076, 6.249630060886487], [-75.55401490464142, 6.249695235035354], [-75.55400706053969, 6.249706220925818], [-75.55399677731666, 6.249720620805299], [-75.55397955007216, 6.249744745499467], [-75.55392687208003, 6.249795955770982], [-75.55391946071464, 6.2498033972857305], [-75.5538729025433, 6.249822869140874], [-75.55382475472612, 6.249843003287362], [-75.55380456833657, 6.249851446236604], [-75.55384033053532, 6.249879419890551], [-75.55384438453135, 6.249882591673685], [-75.5538546156447, 6.249890593896514], [-75.5538412101535, 6.249907456352399], [-75.55384061320021, 6.249906763998259], [-75.5538364336238, 6.249901917523609], [-75.55383281011646, 6.2498977165883804], [-75.55383209464343, 6.249898107924784], [-75.55381574514477, 6.249907061131716], [-75.55378748855206, 6.249922534718252], [-75.55374458822759, 6.24994602651648], [-75.55373613142955, 6.249950656830909], [-75.55372897672373, 6.249954575618686], [-75.55372111736862, 6.249958882073713], [-75.553692720532, 6.250045257864902], [-75.55366479402834, 6.250133230730128], [-75.55364737003796, 6.250186265962937], [-75.55364080644986, 6.250206246876725], [-75.55363837308239, 6.250230584482762], [-75.55363761485151, 6.250230729206915], [-75.55361806601637, 6.2502344568758], [-75.55355176331153, 6.2502521558772886], [-75.55348109734932, 6.250284320015247], [-75.55353906283099, 6.2504336836335534], [-75.55354330419705, 6.2504371121768125], [-75.55359329442427, 6.2504775168262965], [-75.55365186082354, 6.250524854946213], [-75.55365847956817, 6.250530204907117], [-75.55366277581048, 6.250533584360584], [-75.55369289850154, 6.25055728278797], [-75.55372240264988, 6.25058049419467], [-75.55372261034324, 6.2505806577320815], [-75.55374310298919, 6.250596779557896], [-75.55375260878543, 6.250604258210427], [-75.55377231691638, 6.2506197627282525], [-75.55381284420255, 6.250651646052825], [-75.55381307820194, 6.250651831160797], [-75.55386456877278, 6.250692340585257], [-75.55386535691228, 6.2506929596816985], [-75.55386543763713, 6.2506930243847805], [-75.55388057969968, 6.25069292729266], [-75.55396139280572, 6.250692415218642], [-75.55431190899382, 6.250690188174339], [-75.55436902510331, 6.250689825572487], [-75.55439302834422, 6.250689673641462], [-75.55453565839697, 6.250689172919672], [-75.55461408531396, 6.250665019232134], [-75.55467442591923, 6.250625749176468], [-75.55472867886918, 6.250564349176624], [-75.55473732195782, 6.250635129067952], [-75.55478248095426, 6.251259052540728], [-75.55479541766897, 6.251437793837273], [-75.55471197555025, 6.251545533582082], [-75.55465188051204, 6.251669076528586], [-75.55471390620438, 6.251637992105798], [-75.55471438323607, 6.251637617296545], [-75.55511994273351, 6.251911349243607], [-75.55543416506865, 6.252140686056217], [-75.55543695766515, 6.252136758619466], [-75.55653652528645, 6.252898422052777], [-75.55665716222367, 6.252987024468177], [-75.55691425777094, 6.253175850308483], [-75.55731190337332, 6.253467906260417], [-75.55798125273434, 6.253930469068177], [-75.55863472088562, 6.254373601066864], [-75.55868464290741, 6.2544080146900685], [-75.55936392345116, 6.254876274620453], [-75.56005092771093, 6.255355401655311], [-75.56074351077874, 6.255829612519553], [-75.56056659014979, 6.256097007764318], [-75.56048330623508, 6.256222144110195], [-75.56029237191602, 6.256505450211131], [-75.56018286414917, 6.256667938858473], [-75.56010042469423, 6.256790259352266], [-75.56002881761381, 6.256896511837102], [-75.56002314494934, 6.25690568625659], [-75.55999798011162, 6.256946383975138], [-75.55989784514784, 6.257108326963857], [-75.55981639642657, 6.257240049775156], [-75.55941323087579, 6.25783115215305], [-75.55933294072125, 6.257959260170637], [-75.55930423278147, 6.258003403512504], [-75.55927550330388, 6.258047577699034], [-75.55924175953946, 6.25809864838561], [-75.55901855887682, 6.258436458142903], [-75.55859521595517, 6.259073827694226], [-75.55828430782391, 6.2595419199037305], [-75.5580333973099, 6.2599390923487235], [-75.55793798148709, 6.260090122540406], [-75.55785402324491, 6.260223018515067], [-75.55737398425813, 6.260945311818667], [-75.55722675497657, 6.261163414782296], [-75.55722637435737, 6.261219048607074], [-75.55716908400527, 6.261360528339979], [-75.55709297622613, 6.261467663538094], [-75.55698785009167, 6.261551157823927], [-75.55696417182608, 6.261519787045705], [-75.55690562934582, 6.261486824998012], [-75.5567973170488, 6.2614675937639905], [-75.55654339121328, 6.261416534436202], [-75.5565104486584, 6.261409910595129], [-75.5562887980806, 6.26140269098854], [-75.55628277188438, 6.261399020772189], [-75.5563317425884, 6.261450926150263], [-75.55637296096567, 6.261494615762789], [-75.5565002144223, 6.261612421960748], [-75.55702853890422, 6.262101522874185], [-75.55706927160736, 6.262133582606118], [-75.55708134810902, 6.262143086402565], [-75.55711926008846, 6.262172924943122], [-75.557215847627, 6.262219611945491], [-75.55730071561511, 6.262241590054664], [-75.55751749939434, 6.262276129384533], [-75.55753338731222, 6.262278664770498], [-75.55765454181399, 6.262297993183583], [-75.55765609615644, 6.262298241465106], [-75.55785536236611, 6.262330119394225], [-75.5578685078326, 6.262332222420403], [-75.55790398808195, 6.262334886473793], [-75.55801484679394, 6.262343209673142], [-75.55813777050949, 6.262323983069142], [-75.55830647974369, 6.2622257734676605], [-75.55826528909991, 6.262287802969069], [-75.55819040434774, 6.262400574805411], [-75.55773221070386, 6.263018696100506], [-75.5576735570463, 6.263097826818965], [-75.55768757202003, 6.263100364090331], [-75.55940195931193, 6.263410766303754], [-75.55974208331352, 6.263472348054361], [-75.55966565483217, 6.263876141344608], [-75.5595885199717, 6.264338352791212], [-75.55957500345173, 6.264419353621144], [-75.55956890272039, 6.264453598085107], [-75.55947590587866, 6.264975501423713], [-75.55946410450673, 6.265041731776977], [-75.55944727993206, 6.265167337074759], [-75.55939685308978, 6.265543756757586], [-75.55933433669716, 6.265884295768774], [-75.55929278935982, 6.266109251973005], [-75.55922547638743, 6.266468914415751], [-75.55920083080377, 6.266600592779768], [-75.55914388923306, 6.266906316748396], [-75.55910985377085, 6.267089029397096], [-75.55907953714576, 6.267265989200163], [-75.55907044893458, 6.267319039950632], [-75.55906786170041, 6.267334139270672], [-75.55905734239221, 6.267395543644454], [-75.55902418813531, 6.267589058694525], [-75.55901156389992, 6.267662747387223], [-75.55901107017574, 6.267665629351008], [-75.5590194000681, 6.267663108738769], [-75.55908540049221, 6.267643144953456], [-75.55926473636785, 6.267588899480035], [-75.55934561021962, 6.267564437483727], [-75.55951809488293, 6.267533400142807], [-75.5596637107976, 6.2675071988951885], [-75.55968930305377, 6.267502593203307], [-75.55970394705899, 6.267499957665529], [-75.55971622957166, 6.267523318336377], [-75.55976074411417, 6.267607982161699], [-75.55979475906811, 6.267672676011688], [-75.55984655213128, 6.267750434935796], [-75.55991390389389, 6.267851552971443], [-75.55992974928644, 6.267875342851838], [-75.55998082778662, 6.2679579322136405], [-75.55999664302466, 6.267983503309045], [-75.56011241691434, 6.268170698959681], [-75.56014707735638, 6.268226745523832], [-75.56020811543308, 6.268180076184885], [-75.5602215683349, 6.268169791451451], [-75.56029029903857, 6.268122769902657], [-75.56034916912357, 6.268082494979887], [-75.5603898092283, 6.268054690728403], [-75.56044008751628, 6.268020294627855], [-75.56045717202971, 6.268008607072563], [-75.56051450262746, 6.267980026023882], [-75.56053570901065, 6.26796945477975], [-75.56060442704145, 6.2679487352694405], [-75.5607160632758, 6.267944541800903], [-75.56072713295048, 6.267944126076138], [-75.56073046399088, 6.267944264401404], [-75.56127040065547, 6.267966694804429], [-75.56128178005773, 6.267967168993667], [-75.56160050869507, 6.267978717944544], [-75.56186454224003, 6.2679882846654245], [-75.56189986911976, 6.268077915867665], [-75.56191782758037, 6.268123474999164], [-75.56194727721231, 6.268204059602598], [-75.56195160165164, 6.268414513883364], [-75.56195221673356, 6.268444449120327], [-75.56195583959453, 6.268620753687428], [-75.56195589056189, 6.268623235182492], [-75.56196139459443, 6.268922411696807], [-75.56196139719161, 6.268922573517349], [-75.56196139752711, 6.268922642227026], [-75.56196139795088, 6.268922729018181], [-75.56196366076051, 6.269201289898311], [-75.56196543322457, 6.269419574364502], [-75.5619654336484, 6.269419661155672], [-75.5619658731625, 6.2694737709744], [-75.56196650460251, 6.269566072495718], [-75.56196893676082, 6.269918873305164], [-75.56196943109296, 6.269990678729944], [-75.56197077123961, 6.270184980534585], [-75.56193896784976, 6.2703404914295495], [-75.56192416734609, 6.270412840875035], [-75.56191208008129, 6.27045669350126], [-75.56190090188295, 6.270497241731181], [-75.56193435881546, 6.270572996888415], [-75.56195740775578, 6.270625187945756], [-75.56197528283656, 6.270665662805386], [-75.56198509359746, 6.270750823179537], [-75.56200386603716, 6.270864211715151], [-75.56202433577239, 6.270987868806297], [-75.56204484672428, 6.271058549273698], [-75.56215336220308, 6.271432490592122], [-75.56217667427833, 6.271513558058641], [-75.56232156108534, 6.272023356132374], [-75.56241186865272, 6.2723411171898045], [-75.56240468557799, 6.272448905188699], [-75.56239915461403, 6.272494290738351], [-75.56248530905705, 6.272509781293687], [-75.56264302959266, 6.272538163944207], [-75.56289920608077, 6.27258426237365], [-75.56292708263157, 6.272589279298369], [-75.5634700514587, 6.272682761538366], [-75.56413202324693, 6.272796918466343], [-75.56444598676028, 6.272851413301467], [-75.56469666074818, 6.272894923027306], [-75.56475808199852, 6.272905583460449], [-75.56485978399749, 6.272923237769466], [-75.56485987713775, 6.272923253586978], [-75.56486593619549, 6.272889088029748], [-75.56486650769729, 6.272885860326985], [-75.56487488979839, 6.272838597534215], [-75.56489832145574, 6.272706463336034], [-75.56495247304537, 6.272401096206061], [-75.56498896005327, 6.272195330139259], [-75.5649889662009, 6.272195293945401], [-75.56519695293643, 6.272284802239374], [-75.56523974601531, 6.27231629921651], [-75.56527303053397, 6.272340798062008], [-75.56527765783275, 6.272344566262881], [-75.56531252901135, 6.272372958497714], [-75.5653502867545, 6.272407591110572], [-75.56539490385552, 6.27244015410009], [-75.56552193571282, 6.272355074120511], [-75.56554188539874, 6.2723196001150985], [-75.56554198751756, 6.27231941970023], [-75.56554221502508, 6.272319013551812], [-75.56559243330759, 6.272584317031503], [-75.56562477501072, 6.272638081449114], [-75.56573967565683, 6.272756391475348], [-75.56586980062505, 6.272890378882238], [-75.5659202703102, 6.272945918681814], [-75.56604646821982, 6.273084800119317], [-75.56616322503237, 6.273213290912006], [-75.56620086704709, 6.273254714626471], [-75.56628606009178, 6.273348465662733], [-75.56642430651057, 6.273500601554974], [-75.56653888620224, 6.27361159419398], [-75.56663932289598, 6.273708889490696], [-75.56674140731651, 6.2738077769199405], [-75.56682537605501, 6.273889117887465], [-75.5668959053073, 6.273957438878919], [-75.56697027561228, 6.27402948215759], [-75.56702584840701, 6.274083315126333], [-75.56708343932239, 6.274139103687091], [-75.56717721272697, 6.274229940987015], [-75.56724261373786, 6.274293294640127], [-75.56730413742123, 6.2743528927051635], [-75.56737197327395, 6.274418606728493], [-75.56744519983562, 6.274489540748503], [-75.56751453544734, 6.274556704780815], [-75.56759730517918, 6.274636884222575], [-75.5676887320147, 6.274725448224951], [-75.56780685369083, 6.274839871200666], [-75.56786891402659, 6.27489998817527], [-75.56793782850949, 6.274966743714631], [-75.56793825882934, 6.27496716200661], [-75.56793822112583, 6.274967211916607], [-75.56792461762436, 6.274985279114094], [-75.56792073552951, 6.27499051476677], [-75.56792085535882, 6.27499062990275], [-75.56796753576371, 6.275035036849124], [-75.56800304229908, 6.275070963068471], [-75.56804701340008, 6.275115442058043], [-75.56810346897143, 6.275172555054331], [-75.56810930939196, 6.275178463574344], [-75.56814205733713, 6.275211593391678], [-75.56816002755814, 6.275228561829854], [-75.56826568046044, 6.2753261338433735], [-75.56827888740547, 6.275337959663194], [-75.56828308002348, 6.2753417010193635], [-75.56829338460372, 6.2753508957055475], [-75.56829792388409, 6.2753549463682585], [-75.5683298785219, 6.275383459244029], [-75.56836449178522, 6.275409667200147], [-75.56840017790539, 6.275436688091609], [-75.56840648351077, 6.275441462400644], [-75.56844633494072, 6.275471628979045], [-75.56849125542331, 6.275501851144826], [-75.56853126086628, 6.275525094328535], [-75.56856883614206, 6.275546926392056], [-75.56859875117746, 6.275564301800827], [-75.5686307055903, 6.27557948924371], [-75.56866875987562, 6.2755971085926054], [-75.56871100516057, 6.2756166629216175], [-75.56870796266169, 6.275623232514026], [-75.56878537237189, 6.27563506963575], [-75.56885986602268, 6.275646459968391], [-75.56888491855688, 6.275652275095674], [-75.56888725592599, 6.275652817833018], [-75.56903111985815, 6.275686212313384], [-75.56902877275473, 6.275708384010724], [-75.56911834444796, 6.2757435547431895], [-75.56911849109913, 6.275743611885258], [-75.56917100747896, 6.275764232307111], [-75.5692987307758, 6.275814381871971], [-75.56929887652792, 6.275814439922476], [-75.56954013309745, 6.275909168868219], [-75.56954027975313, 6.2759092269142], [-75.5697761095994, 6.276002256446112], [-75.5697762562551, 6.276002314492005], [-75.5697964177075, 6.27601027728589], [-75.56979656436319, 6.276010335331775], [-75.56981204447735, 6.276016419805284], [-75.56981219022954, 6.276016477855599], [-75.56981251522117, 6.276016605544997], [-75.569812609385, 6.276016645766771], [-75.56981266097337, 6.276016663595311], [-75.56981275337009, 6.27601671196258], [-75.56981275853842, 6.2760166604040455], [-75.56981329778174, 6.276014232081528], [-75.56981480052538, 6.276007451256997], [-75.56981486947812, 6.276007140815384], [-75.56981496850719, 6.276006699132995], [-75.56981498009316, 6.276006666528856], [-75.56981513039831, 6.276006731789531], [-75.56981619161829, 6.276007198514734], [-75.56981633468655, 6.276007262002761], [-75.56983366740145, 6.276014896936426], [-75.56983381137324, 6.276014960420025], [-75.56983426954781, 6.276015162495045], [-75.5698344144231, 6.276015225974209], [-75.56983536425062, 6.276015639904896], [-75.56983545841888, 6.276015681030733], [-75.56983550910817, 6.276015699767774], [-75.5698356023951, 6.276015745418401], [-75.56983560756787, 6.276015694763933], [-75.5698361719939, 6.276013242811433], [-75.5698561504324, 6.2759263918105725], [-75.56988145546562, 6.275816388023892], [-75.5698984959311, 6.275742310880651], [-75.56990766551046, 6.2757024497151885], [-75.56992254649866, 6.275637759498577], [-75.56992291806587, 6.2756361456809735], [-75.56995167682196, 6.2755111251798565], [-75.56999648698631, 6.275316328639691], [-75.57000890859591, 6.275262329619327], [-75.57004286829243, 6.275114697607679], [-75.57004594782116, 6.275101310991458], [-75.5700882021659, 6.274917623822145], [-75.57010023983125, 6.274865294738269], [-75.5701386131313, 6.274698477972307], [-75.57016279019338, 6.274593377210643], [-75.57021270220818, 6.274376402738766], [-75.57022059430571, 6.274342091738692], [-75.5702249751741, 6.274323047267632], [-75.570237203922, 6.274269887297701], [-75.57024979628218, 6.274215149713979], [-75.57027320012263, 6.2741134069344575], [-75.57062589140502, 6.274166822254579], [-75.57075159139156, 6.274185860011047], [-75.57099998826604, 6.274218267964013], [-75.57100008681398, 6.274218281041442], [-75.5710201769217, 6.27423713663299], [-75.57109037550084, 6.274263010522962], [-75.57109052394966, 6.274263065847555], [-75.57114267578828, 6.2742753458547025], [-75.5711635622125, 6.274280263696677], [-75.57127140999691, 6.274305661551072], [-75.57135921350505, 6.2743263390232915], [-75.57145911920273, 6.2743498663993735], [-75.57153026151802, 6.274366621454423], [-75.57163652089702, 6.274391646398884], [-75.57172111410392, 6.274411567474538], [-75.57189697307528, 6.2744422120470995], [-75.57196480526012, 6.2744492815119335], [-75.57196889829241, 6.274450403269723], [-75.57212809696378, 6.274494066206214], [-75.57232154696064, 6.274543569375849], [-75.57235842536674, 6.274552836816337], [-75.57263955287944, 6.274623481515621], [-75.57274071837078, 6.274648903707895], [-75.57289295599304, 6.27468715433874], [-75.57289310619129, 6.274687197900933], [-75.57288741719383, 6.274711224888027], [-75.57287021921202, 6.274783862508262], [-75.57284788103644, 6.2748782090499375], [-75.5728283736539, 6.274960603192695], [-75.57280997980224, 6.2750382915082135], [-75.57278994839979, 6.275122899629879], [-75.57274830638981, 6.275298774114782], [-75.5727390528094, 6.275337857233173], [-75.57270426806858, 6.275488788576326], [-75.57266710170333, 6.275650040952107], [-75.57263423139815, 6.275792664267133], [-75.57261834162384, 6.275861604081632], [-75.572664550441, 6.27588276047729], [-75.57266469350483, 6.2758828230603445], [-75.57271574086938, 6.275924814800666], [-75.57275757070776, 6.2759812051478825], [-75.57279018121181, 6.276051993208747], [-75.57279415916206, 6.276066479756434], [-75.57279774060689, 6.276079522615375], [-75.5728026201354, 6.2760972938052895], [-75.57280748220062, 6.276115004506926], [-75.57281357238355, 6.276137178985308], [-75.5728203126363, 6.276157601760872], [-75.57282778268525, 6.276187911677028], [-75.57283815715677, 6.276238567388801], [-75.57284562579484, 6.276280919769228], [-75.5728467144554, 6.27635102105487], [-75.57284675027901, 6.276353348906608], [-75.57284675682048, 6.276353761138788], [-75.57287205191767, 6.276289726784322], [-75.57289985152306, 6.276211510341659], [-75.57291364197559, 6.27616310365687], [-75.57293806913646, 6.276017796927146], [-75.57298568967929, 6.275884075098514], [-75.57300553417443, 6.2758499304881585], [-75.57305711606018, 6.275761179342267], [-75.57315062880015, 6.275651122469756], [-75.57325592187546, 6.27556596142569], [-75.57337670224022, 6.275500687409652], [-75.57343967682985, 6.275479714892351], [-75.57351294195757, 6.2754553150105705], [-75.57362149639971, 6.275437086516439], [-75.57366345838413, 6.275430040788706], [-75.57366446949577, 6.275429871273615], [-75.57366464372913, 6.275429841486191], [-75.5736633347624, 6.275433385617747], [-75.57365594461545, 6.275453392349485], [-75.57365572176809, 6.275454010033075], [-75.57361310257507, 6.275571757330886], [-75.57358823626785, 6.275660349113974], [-75.57358240484164, 6.275681122082829], [-75.57357603264379, 6.275703824322004], [-75.5735749333193, 6.275707741715554], [-75.57357080460797, 6.275714812092472], [-75.57356570029702, 6.275739220440951], [-75.57356084080631, 6.275758837727674], [-75.57354892339036, 6.275802638809503], [-75.57353118034345, 6.2758614013553835], [-75.57349421959346, 6.275993073636951], [-75.57345459496358, 6.276129103163202], [-75.57340767981128, 6.276287399160877], [-75.57346900768297, 6.276321507222405], [-75.57349428772746, 6.276335566258746], [-75.57354294432439, 6.27636262686161], [-75.57358287255191, 6.276384834739327], [-75.57367951457918, 6.276438063263652], [-75.57381852087222, 6.27651462588101], [-75.57382165101257, 6.276516349953203], [-75.57407815495485, 6.276657628770619], [-75.57412607525481, 6.276683591737143], [-75.57418169690607, 6.276713727154532], [-75.574209065185, 6.276728555193264], [-75.57426010734558, 6.276756209704432], [-75.57426021153249, 6.276756267053579], [-75.57426483179879, 6.276758770348673], [-75.57435437618994, 6.276807286239344], [-75.5745870492471, 6.276933349496208], [-75.57471375513565, 6.277001998229333], [-75.5748206690867, 6.277059925083295], [-75.5748439724654, 6.27707255173104], [-75.57493061794221, 6.277119496877168], [-75.57495765752854, 6.27713288626598], [-75.57499456048374, 6.2771511589163485], [-75.57501409249627, 6.27716083056754], [-75.57503350494942, 6.2771704422321495], [-75.57506367654756, 6.277185382985102], [-75.57508951514525, 6.277198177960069], [-75.5751388057471, 6.277222585349464], [-75.57511841272908, 6.277284993554922], [-75.57505911087334, 6.277355595290855], [-75.57500115550614, 6.277424593783329], [-75.57499296599465, 6.2774343439740115], [-75.57495339638155, 6.277481455366002], [-75.57490918478854, 6.277529186295873], [-75.5748793265185, 6.277562932701489], [-75.57485221416735, 6.277593576330493], [-75.57478098770568, 6.277672303906119], [-75.57468926496519, 6.27777368749305], [-75.57466140431761, 6.277804483072917], [-75.57456003458519, 6.277916529009402], [-75.57454345615808, 6.277903546515553], [-75.57453884024687, 6.2779081836873445], [-75.5745323780018, 6.277915307142252], [-75.57450947120344, 6.277940553470089]]]}, "properties": {"t_id": 8679, "fecha_adopcion": 1418774400000, "fecha_actualizacion": 1418774400000, "shape_length": 20336.8087301582, "shape_area": 11226212.9055206, "caracter": "Económica", "nombre": "Metropolitana", "orden": "Primer Orden o General", "accion": "Redelimitada", "estado": "Consolidada", "jerarquia": "Metropolitana"}}]}