osm_tipo,osm_id,nombre,lat,lon,shop,craft,amenity,healthcare,leisure,hairdresser,addr_street,addr_housenumber,opening_hours,cuisine,description,website,categoria
node,338172136,Farmacia Pasteur,6.1842195,-75.57863,,,pharmacy,,,,,,24/7,,,,salud_bienestar
node,338172289,Presto,6.1840233,-75.5786901,,,fast_food,,,,,,,american,,,comidas
node,343527819,Jumbo,6.2292869,-75.570748,supermarket,,,,,,,,,,,,tienda_viveres
node,416999467,Carulla,6.1969798,-75.5598566,supermarket,,,,,,,,,,,,tienda_viveres
node,440816384,El Corral,6.2450033,-75.5954125,,,fast_food,,,,Avenida Nutibara,74-09,,burger,,,comidas
node,465162168,J&C Delicias,6.2089438,-75.5673795,,,restaurant,,,,,,,,,,comidas
node,491835983,Carulla,6.2448328,-75.5945217,supermarket,,,,,,Circular 73B,,Mo-Sa 07:30-21:00; Su 08:00-20:00,,,,tienda_viveres
node,565485153,Drogueria PromoSalud,6.244369,-75.6065224,,,pharmacy,pharmacy,,,,,,,,,salud_bienestar
node,565485165,Centro Odontológico Medici,6.2457999,-75.6060207,,,dentist,dentist,,,,,,,,,salud_bienestar
node,565485422,Pandorado,6.2435347,-75.6097037,bakery,,,,,,,,"Mo-Su,PH 08:00-08:00",,,,panaderia
node,565665697,Soma,6.2488833,-75.5645579,,,hospital,,,,,,,,,,salud_bienestar
node,567074462,Papa John's,6.2167681,-75.5982786,,,fast_food,,,,Diagonal 75B,,,,,,comidas
node,567074568,McDonald's,6.1995319,-75.5739113,,,fast_food,,,,,,,burger,,,comidas
node,567074909,McDonald's,6.1791251,-75.588128,,,fast_food,,,,,,,burger,,,comidas
node,567077811,Crepes & Waffles,6.2450208,-75.5950116,,,restaurant,,,,Transversal 39B,,,crepe;ice_cream,,,comidas
node,567079339,Crepes & Waffles,6.2330708,-75.6036337,,,restaurant,,,,,,,,,,comidas
node,567079715,J&C Delicias,6.2328148,-75.6035994,,,restaurant,,,,,,,,,,comidas
node,567080024,Balcones de la 80,6.2309453,-75.6016644,,,restaurant,,,,,,,,,,comidas
node,600815658,Exito Bello,6.33899,-75.54317,supermarket,,,,,,Diagonal 51,35-120,"Mo-Sa 08:30-21:00; Su,PH 09:00-19:00",,,,tienda_viveres
node,664639666,Tienda Metro,6.3170991,-75.5575728,supermarket,,,,,,,,,,,,tienda_viveres
node,699257146,Éxito Gran Vía,6.2173959,-75.5986403,supermarket,,,,,,Diagonal 75 B,6-105,8:00-21:00,,,,tienda_viveres
node,813330469,Manyare,6.2458409,-75.5921946,,,restaurant,,,,,,,,,,comidas
node,847830980,Cafeteria Central,6.2622292,-75.5770971,,,food_court,,,,,,Mo-Fr 05:30-18:50; Sa 06:00-14:00,regional,,,comidas
node,847868805,Pasteur,6.1580123,-75.6433414,,,pharmacy,pharmacy,,,Calle 80 Sur,60-44,,,,,salud_bienestar
node,847868808,Drogas La Rebaja,6.1579276,-75.6427585,,,pharmacy,pharmacy,,,,,24/7,,,,salud_bienestar
node,1023455530,Farmacia Pasteur,6.2007344,-75.5730246,,,pharmacy,pharmacy,,,,,,,,,salud_bienestar
node,1180065922,Claudio Express Pollos,6.2108162,-75.5952196,,,restaurant,,,,,,Mo-Su 07:00-20:00,Pollo asado,,,comidas
node,1180065925,Mercado Multimerca,6.2143052,-75.6021726,supermarket,,,,,,,,Mo-Su 08:00-20:00,,,,tienda_viveres
node,1180065938,Soft Touch,6.2112934,-75.595284,,,food_court,,,,,,Mo-Su 07:00-20:00,,,,comidas
node,1180065962,Restaurante Antojitos,6.2145048,-75.6019784,,,restaurant,,,,,,Mo-Su 08:00-20:00,Tradicional Colombiana,,,comidas
node,1180065966,Carnicería La Nubia 2,6.2140035,-75.6022257,butcher,,,,,,,,Mo-Su 07:00-20:00,,,,tienda_viveres
node,1180065982,Drogería La Nobleza,6.2132861,-75.6019436,chemist,,,,,,,,Mo-Su 07:00-22:00,,,,salud_bienestar
node,1180065993,Montallantas,6.2145207,-75.6021652,tyres,,,,,,,,Mo-Fr 08:30-20:00,,,,mecanica_motos
node,1180066005,Pizzotas,6.2110855,-75.595217,,,restaurant,,,,,,Mo-Su 07:00-20:00,pizza,,,comidas
node,1180066034,Desechables Rincón,6.2140446,-75.6022384,kitchen,,,,,,,,Mo-Su 07:00-20:00,,,,
node,1180066052,Droguería San Bartolome,6.2136044,-75.6019638,chemist,,,,,,,,Mo-Su 07:00-22:00,,,,salud_bienestar
node,1190038782,Droguería Dar Salud la 81,6.2491887,-75.60215,,,pharmacy,pharmacy,,,,,Mo-Su 07:00-20:00,,,,salud_bienestar
node,1190038854,Botica Junin,6.2497376,-75.5916503,,,pharmacy,pharmacy,,,,,Mo-Su 07:00-20:00,,,,salud_bienestar
node,1190038879,Drogas Super Éxito,6.2543881,-75.5831606,,,pharmacy,pharmacy,,,,,Mo-Su 07:00-20:00,,,,salud_bienestar
node,1190038895,Droguería Farma,6.2298812,-75.5959421,,,pharmacy,,,,,,Mo-Su 07:00-20:00,,,,salud_bienestar
node,1190039010,Drogruería La Garantía,6.2317447,-75.5915988,,,pharmacy,pharmacy,,,,,24/7,,,,salud_bienestar
node,1190039026,"Farmacia José Celestino Mutis, natulista",6.2499097,-75.5965127,,,pharmacy,pharmacy,,,,,Mo-Su 07:00-20:00,,,,salud_bienestar
node,1190039066,Droguería Junta,6.2246821,-75.599662,,,pharmacy,,,,,,Mo-Su 07:00-20:00,,,,salud_bienestar
node,1190039098,Mascotas y Amigos,6.2192068,-75.5988282,,,veterinary,,,,,,24/7,,,,mascotas
node,1190039135,Droguería Dromar,6.2246392,-75.5971685,,,pharmacy,,,,,,Mo-Su 07:00-20:00,,,,salud_bienestar
node,1190039172,Salud y Bienestar Animal,6.2545314,-75.5837478,,,veterinary,,,,,,24/7,,,,mascotas
node,1190039181,Intermedica Medicina Alternativa,6.2491943,-75.5895961,,,doctors,doctor,,,,,Mo-Su 07:00-20:00,,,,salud_bienestar
node,1190039344,Droguería Jesua,6.2256157,-75.5999783,,,pharmacy,,,,,,Mo-Fr 08:30-20:00,,,,salud_bienestar
node,1190039355,Droguería Caribe la 76,6.2312791,-75.5961093,,,pharmacy,pharmacy,,,,,Mo-Su 07:00-20:00,,,,salud_bienestar
node,1190039359,Droguería Villa de Aburrá,6.2346546,-75.6020626,,,pharmacy,pharmacy,,,,,Mo-Su 07:00-20:00,,,,salud_bienestar
node,1190039365,Droguería la 80 con la 25,6.2272662,-75.6016512,,,pharmacy,,,,,,Mo-Su 07:00-20:00,,,,salud_bienestar
node,1190039390,Droguería Belén 2,6.2253107,-75.5969243,,,pharmacy,,,,,,Mo-Su 07:00-20:00,,,,salud_bienestar
node,1190039402,Ingeniería en Seguridad,6.2541635,-75.5833732,computer,,,,,,,,Mo-Su 07:00-20:00,,,,tecnologia_celulares
node,1190191056,AVANTEL,6.1823823,-75.5807951,mobile_phone,,,,,,,,Mo-Fr 08:30-20:00,,,,tecnologia_celulares
node,1190191081,Mimos,6.1755441,-75.5861831,confectionery,,,,,,,,Mo-Su 07:00-20:00,,,,panaderia
node,1190191220,Muebles Juventud,6.1947182,-75.5765412,furniture,,,,,,,,Mo-Sa 10:00-18:00,,,,
node,1190191251,Farmacia Pasteur,6.2469865,-75.5686449,,,pharmacy,,,,,,Mo-Su 07:00-20:00,,,,salud_bienestar
node,1190191270,Unidad Renal,6.1948324,-75.5781105,,,hospital,hospital,,,,,,,,,salud_bienestar
node,1192169158,La Rebaja,6.1716836,-75.587976,,,pharmacy,,,,,,Mo-Su 07:00-20:00,,,,salud_bienestar
node,1192169163,Droguería Envigado la 43,6.170216,-75.5886076,,,pharmacy,,,,,,Mo-Su 07:00-20:00,,,,salud_bienestar
node,1192169167,Botica Junín,6.2143036,-75.5970436,,,pharmacy,pharmacy,,,,,Mo-Su 07:00-20:00,,,,salud_bienestar
node,1193707988,Clínica de la Policía,6.1620713,-75.5987776,,,hospital,hospital,,,,,,,,,salud_bienestar
node,1193707998,Alquiler de vestidos,6.1592578,-75.6034454,clothes,,,,,,,,Mo-Su 07:00-20:00,,,,ropa_calzado
node,1197785392,Droguería Colsubsidio,6.2392957,-75.5927912,,,pharmacy,pharmacy,,,,,Mo-Sa 10:00-18:00,,,,salud_bienestar
node,1197785422,Proveduría EPM,6.2314343,-75.585721,supermarket,,,,,,,,Mo-Su 10:00-22:00,,,,tienda_viveres
node,1197785433,Carniceria Cardizo,6.2308554,-75.5962296,butcher,,,,,,,,,,,,tienda_viveres
node,1197785481,Restaurante Piedras Blancas,6.3110307,-75.5038265,,,restaurant,,,,,,Mo-Su 07:00-22:00,Colombiana,,,comidas
node,1197785564,Éxito Belén,6.23055,-75.5964,supermarket,,,,,,Carrera 77,28-124,"Mo-Su 07:30-21:00, Su 07:30-19:30, PH 07:30-19:30",,,,tienda_viveres
node,1197785580,Venta de Aceite,6.324883,-75.4730301,car_repair,,,,,,,,Mo-Fr 08:30-20:00,,,,mecanica_motos
node,1197785603,Veterinaría Alfysur,6.2305097,-75.5962414,,,veterinary,,,,,,Mo-Su 10:00-22:00,,,,mascotas
node,1237519699,Hospital Manuel Uribe Angel,6.1668147,-75.5800586,,,hospital,hospital,,,Diagonal 31,,,,,,salud_bienestar
node,1237856120,Kokoriko,6.1693136,-75.5873627,,,fast_food,,,,,,,chicken,,,comidas
node,1278453239,Tienda la Sombra,6.2498396,-75.6148984,convenience,,,,,,,,,,,,tienda_viveres
node,1279211880,El Cafe de Otraparte,6.1793609,-75.5840904,,,cafe,,,,Calle 27 Sur,43A-61,,,,,comidas
node,1279681648,Barberia,6.247084,-75.6157111,hairdresser,,,,,,,,,,,,belleza_peluqueria
node,1290424198,Taller,6.2745021,-75.5582601,car_repair,,,,,,,,,,,,mecanica_motos
node,1290427565,Merca efectivo,6.273249,-75.5575252,supermarket,,,,,,,,,,,,tienda_viveres
node,1291064791,Tienda del Pan,6.2503596,-75.6172777,convenience,,,,,,,,,,,,tienda_viveres
node,1291071424,Tropicos,6.248348,-75.6150442,convenience,,,,,,,,,,,,tienda_viveres
node,1300800506,Shell Advance,6.2728369,-75.5579751,,,restaurant,,,,,,,,,,comidas
node,1317319807,Pollo Broster,6.271709,-75.5584006,,,restaurant,,,,,,,,,,comidas
node,1371378805,Nodo LaLoLib - La Loma Libre,6.2535937,-75.6292995,hifi,,,,,,,,,,,,tecnologia_celulares
node,1371378806,Nodo LaLoLib - La Loma Libre,6.2704536,-75.6272962,hifi,,,,,,,,,,,,tecnologia_celulares
node,1371378808,Nodo LaLoLib - La Loma Libre,6.2720076,-75.6323197,hifi,,,,,,,,Mo-Sa 08:00-18:00,,,,tecnologia_celulares
node,1371409457,Nodo LaLoLib - La Loma Libre,6.2762849,-75.5584139,hifi,,,,,,,,,,,,tecnologia_celulares
node,1374244449,Nodo LaLoLib - La Loma Libre,6.2702387,-75.628543,hifi,,,,,,,,,,,,tecnologia_celulares
node,1374244450,Nodo LaLoLib - La Loma Libre,6.2735647,-75.6318614,hifi,,,,,,,,Mo-Sa 08:00-18:00,,,,tecnologia_celulares
node,1479174515,La Perla,6.1504704,-75.6149366,butcher,,,,,,Carrera 43B,,,,,,tienda_viveres
node,1481731930,Hedipan,6.1721529,-75.6105829,,,cafe,,,,,,,,,,comidas
node,1487707475,Balcón de Comidas,6.2508627,-75.5659903,,,restaurant,,,,,,Mo-Sa 09:30-19:00,,food court,,comidas
node,1487726836,Bata,6.25164,-75.565351,shoes,,,,,,,,,,,,ropa_calzado
node,1490053199,Clean Servico,6.2138544,-75.5732257,laundry,,,,,,Carrera 43 F,11-60,,,,,
node,1490610176,Le Bon,6.208687,-75.56808,,,cafe,,,,,,,,french cafe magasin - free wifi,,comidas
node,1491010813,Il Forno,6.20728,-75.567744,,,restaurant,,,,,,,,,,comidas
node,1491010875,Muebles usados Ropa de Marco,6.2072325,-75.5678462,furniture,,,,,,,,,,,,
node,1491010879,Pop,6.2071,-75.567656,,,fast_food,,,,,,,,,,comidas
node,1491022621,Tinto Tintero,6.207628,-75.566784,,,cafe,,,,,,,,,,comidas
node,1492123964,Paella & Parrilla,6.210283,-75.572608,,,restaurant,,,,,,,,,,comidas
node,1492980541,Herbario,6.2117488,-75.5721711,,,restaurant,,,,,,,,,https://www.elherbario.com/herbario/,comidas
node,1494630480,Mondongo's,6.2096294,-75.5676968,,,restaurant,,,,Calle 10,38-38,,,,,comidas
node,1534871205,Farmacenter,6.1607369,-75.6278895,,,pharmacy,pharmacy,,,,,,,,,salud_bienestar
node,1534871207,Supermercado La Vaquita,6.1605985,-75.6278955,supermarket,,,,,,,,,,,,tienda_viveres
node,1537083705,Kiosquito,6.3445668,-75.5166025,kiosk,,,,,,,,,,,,tienda_viveres
node,1538831915,Mercado 7 días,6.175152,-75.5839474,convenience,,,,,,,,,,,,tienda_viveres
node,1560905656,Zona de Comidas Homecenter,6.2488912,-75.5839186,,,restaurant,,,,,,,,,,comidas
node,1578655151,Merkolors,6.2609455,-75.5859866,supermarket,,,,,,,,,,,,tienda_viveres
node,1654821076,Baluarte,6.2628719,-75.5961243,,,cafe,,,,,,,,,,comidas
node,1656751272,El baratillo,6.1688177,-75.5855987,supermarket,,,,,,,,,,,,tienda_viveres
node,1656753571,AP3 Carnes,6.1696638,-75.5850702,butcher,,,,,,,,"Mo-Sa 06:30-19:00; Su,PH 07:00-14:30",,,,tienda_viveres
node,1656776441,Asados Bartolo,6.1702997,-75.5877587,,,restaurant,,,,,,,,,,comidas
node,1657066307,efi Carnes,6.172471,-75.578965,butcher,,,,,,,,,,,,tienda_viveres
node,1657087247,Honda,6.1817502,-75.5811413,car,,,,,,,,,,,,mecanica_motos
node,1657087254,Hard Rock Cafe,6.1995706,-75.5723525,,,restaurant,,,,,,,american,,,comidas
node,1657890619,La Pizzeria,6.169128,-75.584793,,,fast_food,,,,,,,pizza,,,comidas
node,1657890634,Pancho Villa,6.1720853,-75.5849464,,,fast_food,,,,,,,,,,comidas
node,1658574447,Floristería Suramerica,6.1721653,-75.586862,florist,,,,,,,,,,,,
node,1658574449,Frestytortas,6.1720064,-75.5877749,bakery,,,,,,,,,,,,panaderia
node,1658574450,Tortas y Tortas,6.1718811,-75.5878312,bakery,,,,,,,,,,,,panaderia
node,1658574454,Mega Pizza,6.1728738,-75.5845865,,,fast_food,,,,,,,pizza,,,comidas
node,1660039083,Deposito de Materiales Los Londoño,6.1693493,-75.5846572,doityourself,,,,,,,,,,,,construccion
node,1660039084,Deposito de Materiales Los Londoño,6.1691787,-75.5844534,doityourself,,,,,,,,,,,,construccion
node,1661049495,Offcorss,6.2356526,-75.5690609,clothes,,,,,,,,,,,,ropa_calzado
node,1661049504,Arturo Calle,6.2352474,-75.5689107,clothes,,,,,,,,,,,,ropa_calzado
node,1661049507,Isabella's Place,6.1977466,-75.5732666,,,restaurant,,,,,,,,,,comidas
node,1661049510,Lorito,6.2301599,-75.5704234,toys,,,,,,,,,,,,
node,1661049533,Falabella,6.1971066,-75.5741356,department_store,,,,,,,,,,,,
node,1661049549,Falabella,6.2362072,-75.569136,department_store,,,,,,,,,,,,
node,1661049552,AP'Titos,6.1975279,-75.573567,,,restaurant,,,,,,,,,,comidas
node,1661049568,El Corral,6.1989678,-75.5744866,,,fast_food,,,,,,,burger,,https://www.elcorral.com/,comidas
node,1661049586,Jumbo,6.195736,-75.5739103,supermarket,,,,,,,,,,,,tienda_viveres
node,1661579961,El Paisa,6.2645983,-75.5449284,supermarket,,,,,,Calle 69,32,Mo-Su 09:00-21:00,,"TIENDA DE ABARROTES, VENTA DE MINI PIPETAS DE GAS.",,tienda_viveres
node,1661816677,Carnes Santa Barbara,6.1729749,-75.578886,butcher,,,,,,,,,,,,tienda_viveres
node,1661816680,Efi Carnes,6.1706826,-75.5831976,butcher,,,,,,,,,,,,tienda_viveres
node,1661816682,Popeye (Niños),6.1734122,-75.5917981,hairdresser,,,,,,,,,,,,belleza_peluqueria
node,1661816689,Chinnese Food,6.1714762,-75.5816647,,,restaurant,,,,,,,chinese,,,comidas
node,1672173285,Cristi,6.16839,-75.5858611,gift,,,,,,,,Mo-Sa 10:00-19:00; Su 10:00-14:00,,,,papeleria
node,1672173297,La Queens,6.1723013,-75.5846005,alcohol,,,,,,,,,,,,tienda_viveres
node,1672192340,Gloria,6.169456,-75.5864807,gift,,,,,,,,,,,,papeleria
node,1672213662,Piccolo,6.177478,-75.5845736,,,fast_food,,,,,,,pizza,,,comidas
node,1672213672,Soft Touch,6.1743888,-75.5855924,,,restaurant,,,,,,,ice_cream,,,comidas
node,1672213699,Pepe Ganga,6.1961654,-75.5742525,toys,,,,,,,,,,,,
node,1672469020,Castillo del Buñuelo,6.1717201,-75.5848364,bakery,,,,,,,,,,,,panaderia
node,1672469025,Distribuidora Santa Barbara,6.1730934,-75.578984,convenience,,,,,,,,,,,,tienda_viveres
node,1673477092,Colsubsidio,6.1699863,-75.5846822,,,pharmacy,pharmacy,,,,,,,,,salud_bienestar
node,1673477108,Akacias,6.1733301,-75.5823591,,,pharmacy,,,,,,,,,,salud_bienestar
node,1673477127,Empanadas Envigadeñas,6.1694743,-75.5870211,,,fast_food,,,,,,,regional,,,comidas
node,1673539465,La Bombonera,6.1685773,-75.5880867,,,fast_food,,,,,,,,,,comidas
node,1686193516,Rizos Ruby,6.1735894,-75.5788881,hairdresser,,,,,,,,,,,,belleza_peluqueria
node,1687253447,Juanbé,6.2365666,-75.5698785,car_repair,,,,,,,,,,,juanbe.com.co,mecanica_motos
node,1770133584,Tienda San Lucas,6.180058,-75.5637856,convenience,,,,,,,,,,,,tienda_viveres
node,1844376071,Rancho Chino,6.2785303,-75.636647,,,restaurant,,,,,,Mo-Tu 11:00-21:00; We off; Th-Su 11:00-21:00,chinese,,,comidas
node,1850604291,Panadería,6.2716308,-75.557133,bakery,,,,,,,,,,,,panaderia
node,1852116566,Los Perritos,6.2495293,-75.6110065,,,fast_food,,,,,,Mo-Th 15:30-23:30; Fr-Su 15:30-12:00,,,,comidas
node,1885466521,Centro Veterinario Sta Mónica,6.2467555,-75.6152707,,,veterinary,,,,,,,,,,mascotas
node,1885468007,Veterinario,6.2532426,-75.6092009,,,veterinary,,,,,,,,,,mascotas
node,1889318076,PsiKey,6.2566932,-75.5839156,,,doctors,,,,Calle 49 B,67A-35,,,,,salud_bienestar
node,1889320007,Policlínico Veterianario Sociedad Protectora de Animales,6.2711518,-75.5863964,,,veterinary,,,,,,,,,,mascotas
node,1895708067,Centro Médico Nueva Vida,6.2840212,-75.5842167,,,hospital,hospital,,,,,,,,,salud_bienestar
node,1926385467,Homecenter,6.3391565,-75.5421554,supermarket,,,,,,,,,,,,tienda_viveres
node,1927735454,Jeno's Pizza,6.1905075,-75.5771183,,,fast_food,,,,,,,pizza,,,comidas
node,1942805132,Las dos AA,6.2776528,-75.5611236,convenience,,,,,,,,,,,,tienda_viveres
node,1942805981,Rico pan,6.2718663,-75.5583651,bakery,,,,,,,,,,,,panaderia
node,1942807749,Ellos y Ellas,6.2732139,-75.5579852,hairdresser,,,,,,,,,,,,belleza_peluqueria
node,1942809220,Ferreteria Velez,6.273227,-75.5569979,doityourself,,,,,,,,Mo-Fr 08:00-17:00; Sa 08:00-12:00,,,,construccion
node,1942809475,Supremercado Mercaval,6.2726886,-75.5570008,supermarket,,,,,,,,,,,,tienda_viveres
node,1942811844,maspan,6.2818635,-75.561257,bakery,,,,,,,,,,,,panaderia
node,1945460332,EPS Sura - Comfama,6.3473464,-75.506777,,,hospital,hospital,,,,,,,,,salud_bienestar
node,1946462762,Mall Santa Maria Rodeo Alto,6.2028489,-75.6016238,mall,,,,,,,,,,,,
node,1985347488,Chuscalito,6.215632,-75.5525403,,,restaurant,,,,,,,,,,comidas
node,1991606227,Crono Pizza,6.2221949,-75.6059738,,,fast_food,,,,,,,pizza,,,comidas
node,1998216733,Famacia Zuluar,6.2256982,-75.6015366,,,pharmacy,,,,,,,,,,salud_bienestar
node,2001471220,Kaldi Kaffé,6.2570406,-75.5781725,bakery,,,,,,,,Mo-Su 08:00-22:00,,,https://www.kaldikaffe.com/,panaderia
node,2071510471,MerColanta,6.2717089,-75.5732824,convenience,,,,,,,,,,,,tienda_viveres
node,2074043384,Locatel,6.168686,-75.5867044,supermarket,,,,,,,,,,,,tienda_viveres
node,2089497823,Café Zorba,6.2086554,-75.5704641,,,restaurant,,,,Calle 8,42-33,,italian_pizza,,https://cafezorba.com.co/,comidas
node,2152735487,Experience Outdoor,6.2076169,-75.5660431,outdoor,,,,,,,,,,,,
node,2154586208,Serad,6.260079,-75.561627,,,clinic,,,,Carrera 50,63-59,,,,,salud_bienestar
node,2168114747,Revuelteria Dora,6.2734064,-75.6285396,greengrocer,,,,,,,,Mo-Fr 08:00-14:00,,,,tienda_viveres
node,2300293102,Angus Brangus,6.2337145,-75.5677841,,,restaurant,,,,,,,steak_house,,,comidas
node,2379649633,Centro de Salud Loreto,6.2331177,-75.5559039,,,clinic,clinic,,,,,,,,,salud_bienestar
node,2379654297,Restaurante Hatoviejo,6.2149596,-75.5581268,,,restaurant,,,,Cl. 16 #28-60,,,regional,,,comidas
node,2379654298,San Carbón,6.2149342,-75.5610622,,,restaurant,,,,,,,,,,comidas
node,2379654299,Interplaza,6.2127697,-75.5590425,mall,,,,,,Carrera 30 #10C-228,,,,,,
node,2379659015,Carulla Pinar del Río,6.209169,-75.5596826,supermarket,,,,,,,,,,,,tienda_viveres
node,2379659017,Verona Mall,6.20662,-75.5601129,mall,,,,,,,,,,,,
node,2379659031,Complex Los Balsos,6.1862354,-75.5622127,mall,,,,,,,,,,,,
node,2415600907,El Faro,6.2246708,-75.6000533,convenience,,,,,,Calle 19B,,,,,,tienda_viveres
node,2417944514,Pinturas Uribe,6.169288,-75.583634,doityourself,,,,,,,,,,,,construccion
node,2417944535,Maskotienda,6.1696091,-75.5844649,pet,,,,,,,,,,,,mascotas
node,2417944552,Humber,6.1706427,-75.5833443,bicycle,,,,,,,,,,,,
node,2418112363,Niñolandia,6.2481357,-75.5739264,toys,,,,,,,,,,,,
node,2418127136,Autogol,6.2566704,-75.5817021,,,car_wash,,,,,,,,,,mecanica_motos
node,2418127161,Cafe Le Gris,6.1989802,-75.5748979,,,restaurant,,,,,,,,,,comidas
node,2428479772,Autolarte,6.2286619,-75.5712175,car,,,,,,,,,,,,mecanica_motos
node,2469628041,Rocco Graficas,6.2471296,-75.5871762,copyshop,,,,,,Calle 42,68-38,,,,https://www.roccograficas.com/index.html,papeleria
node,2505363299,Burger King,6.2018284,-75.5720001,,,fast_food,,,,,,,burger,,,comidas
node,2529942656,Éxito,6.238312,-75.5867056,department_store,,,,,,Carrera 66B,32D-35,"Mo-Sa 07:00-21:00; Su,PH 09:00-19:00",,,,
node,2529942657,Éxito La 70,6.24895,-75.58898,supermarket,,,,,,,,"Mo-Sa 08:30-21:00;Su,PH 08:00-17:00",,,,tienda_viveres
node,2529942658,Éxito Los Molinos,6.2320543,-75.6038836,supermarket,,,,,,,,Mo-Su 08:00-21:00,,,,tienda_viveres
node,2529942662,Éxito,6.24012,-75.58718,department_store,,,,,,,,"Mo-Sa 08:30-21:00, Su 09:00-19:00, PH 09:00-19:00",,,,
node,2529942929,Éxito del Este,6.1985859,-75.5571923,supermarket,,,,,,,,"Mo-Sa 08:00-21:00; Su,PH 08:30-20:00",,,,tienda_viveres
node,2529943132,Éxito Junín,6.24961,-75.56673,supermarket,,,,,,Calle 50,49-33,Mo-Sa 08:00-20:00,,,,tienda_viveres
node,2529943180,Éxito Laureles,6.2463447,-75.6017758,supermarket,,,,,,Carrera 81,37-100,"Mo-Sa 08:30-21:00; Su,PH 09:00-20:00",,,,tienda_viveres
node,2529943209,ÉXITO MARACAIBO,6.25136,-75.56586,supermarket,,,,,,,,"Mo-Sa 07:30-20:00; Su,PH 09:00-15:00",,,,tienda_viveres
node,2529943402,Éxito,6.2732,-75.59382,department_store,,,,,,,,"Mo-Sa 08:30-21:00; Su,PH 09:00-20:00",,,https://www.exito.com/,
node,2529943443,Éxito San Diego,6.235394,-75.5695519,supermarket,,,,,,,,"Mo-Sa 08:30-21:00, Su 09:00-20:00, PH 09:00-20:00",,,,tienda_viveres
node,2529943515,ÉXITO TECNO OVIEDO,6.1978425,-75.5750508,supermarket,,,,,,,,"Mo-Sa 10:00-21:00; Su, PH 10:00-19:00",,,,tienda_viveres
node,2580091587,Olimpica,6.2356374,-75.5558827,supermarket,,,,,,,,,,,,tienda_viveres
node,2586972681,Cubanitos,6.2494399,-75.6112936,,,restaurant,,,,,,,Sanduche_cubano,,,comidas
node,2586974185,La Fogata,6.2497064,-75.611746,,,restaurant,,,,,,,regional,,,comidas
node,2639188377,Subway,6.1828967,-75.5852953,,,fast_food,,,,,,,sandwich,,,comidas
node,2640826651,James Res,6.2562534,-75.5840722,,,restaurant,,,,,,,,,,comidas
node,2661397918,Pescao Mojado,6.2567615,-75.5833565,,,restaurant,,,,Calle 49 B,67-12,,fish_and_chips,,,comidas
node,2661698193,Totras y Tortas,6.2567443,-75.5832572,bakery,,,,,,Calle 49 B,67-3,,,,,panaderia
node,2668483730,Caninos y Felinos,6.2572365,-75.5958471,,,veterinary,,,,,,,,,,mascotas
node,2672170801,La Clínica del Gato,6.2335477,-75.5867114,,,veterinary,,,,,,,,,,mascotas
node,2747735912,Pizza doble piezza,6.2489023,-75.5643994,,,cafe,,,,,,,pizza,,,comidas
node,2760956869,Floristería Racha,6.2106122,-75.5750359,florist,,,,,,Carrera 45,7-138,8:30-18:00,,,http://www.floristeriaracha.com,
node,2807739300,Saludcoop Laureles,6.2436264,-75.5929633,,,clinic,clinic,,,Circular 3,,,,,,salud_bienestar
node,2941223048,DOMINIMERCADOS,6.1906313,-75.5806253,convenience,,,,,,CALLE 16 SUR,CARRERA 48,,,,,tienda_viveres
node,2972395707,Centro de Salud - Pinares de Oriente,6.2434231,-75.5404091,,,clinic,clinic,,,,,,,,,salud_bienestar
node,2973162707,Tienda la 10 - Esfuerzos de paz,6.2381625,-75.5355261,convenience,,,,,,,,,,,,tienda_viveres
node,2973236986,Panadería - Esfuerzos de Paz,6.2386256,-75.5365626,bakery,,,,,,,,,,,,panaderia
node,3092946185,Gente Actual,6.1797354,-75.5633216,hairdresser,,,,,,Calle 20A Sur,22A-97,Mo-Sa 06:00-20:00;Su 09:00-16:00,,,http://www.genteactual.com,belleza_peluqueria
node,3110445838,Rapidogs,6.2076643,-75.5765577,,,fast_food,,,,Carrera 48,5-08,,hot_dog,,https://www.rapidogs.com/,comidas
node,3115583274,El Puerto,6.2157895,-75.5639109,,,restaurant,,,,,,,Delikatessen,,,comidas
node,3181270556,D1,6.2272554,-75.5658785,supermarket,,,,,,Vía Las Palmas Km 2,,,,,,tienda_viveres
node,3216522674,Flor de Loto,6.2550213,-75.5824171,,,restaurant,,,,,,,thai,,,comidas
node,3276216215,Café Con.verso,6.2015303,-75.5781833,,,cafe,,,,,,,coffee_shop,,,comidas
node,3290424718,Carulla Las Palmas,6.217629,-75.5652672,supermarket,,,,,,Vía Las Palmas,,24/7,,,https://www.carulla.com/,tienda_viveres
node,3291769676,Salsamentaria La Maravilla,6.230463,-75.6014499,convenience,,,,,,,,,,,,tienda_viveres
node,3317000958,Subway,6.1978605,-75.5789649,,,fast_food,,,,,,,sandwich,,,comidas
node,3448766640,Clínica Santa Gertrudis,6.1686318,-75.5818312,,,hospital,hospital,,,,,,,,,salud_bienestar
node,3448766642,Frisby,6.1693138,-75.5875825,,,restaurant,,,,,,,regional,,,comidas
node,3476181015,Aser Veterinaria,6.3158477,-75.557513,,,veterinary,,,,,,,,,,mascotas
node,3547429895,Juan Valdez,6.2085379,-75.5671446,,,cafe,,,,,,,,,,comidas
node,3572271500,Govindas veg food,6.2510084,-75.5691738,,,restaurant,,,,,,,,,,comidas
node,3576470686,Burger King,6.1792689,-75.5831414,,,fast_food,,,,,,,burger,,,comidas
node,3585547194,Papeleria Doña Olga,6.2710782,-75.6299336,stationery,,,,,,,,,,,,papeleria
node,3585547199,papeleria Doña Lucía,6.2710488,-75.6294773,stationery,,,,,,,,Mo-Sa 09:00-8:00; Su 9:00-12:00,,,,papeleria
node,3592534873,Empanadas,6.2233246,-75.5876687,,,fast_food,,,,,,,,,,comidas
node,3612699425,deliciosas del caminó,6.4301544,-75.3689157,,,restaurant,,,,,,,,,,comidas
node,3634364955,Reparación de Computador,6.2462704,-75.5860592,computer,,,,,,,,,,,,tecnologia_celulares
node,3634419249,Tienda,6.2469237,-75.5845692,convenience,,,,,,,,,,,,tienda_viveres
node,3634419251,Colchones genericos,6.2476663,-75.5843364,furniture,,,,,,,,,,,,
node,3634438170,Colchones anti-estress,6.2479475,-75.5861051,furniture,,,,,,,,,,,,
node,3634438171,Corte Laser,6.2467431,-75.5860519,general,,,,,,,,,,,,tienda_viveres
node,3634438173,Montallantas,6.2479314,-75.5854768,tyres,,,,,,Calle 43,67A-1,,,,,mecanica_motos
node,3634438174,Tienda 5 esquina,6.2468716,-75.5863842,convenience,,,,,,,,,,,,tienda_viveres
node,3634438175,Trigal Panadería,6.2480532,-75.586118,bakery,,,,,,,,,,,,panaderia
node,3634696108,Minimercado Mercabaratillo,6.159387,-75.5979911,supermarket,,,,,,,,,,,,tienda_viveres
node,3652004143,Droguería La Floresta,6.2562365,-75.599902,,,pharmacy,pharmacy,,,,,"Mo-Fr 08:30-20:00; Sa,Su 08:00-15:00; PH off",,,,salud_bienestar
node,3652004145,Ferretaria y Deposito F&H,6.255509,-75.5961084,hardware,,,,,,,,,,,,construccion
node,3684825191,Flor del Trigo,6.1667187,-75.5866017,,,cafe,,,,,,,,,,comidas
node,3698820461,Plazoleta Principal Funlam,6.2592327,-75.5838725,,,cafe,,,,,,,,,,comidas
node,3714121703,Granadio,6.2477144,-75.5848198,convenience,,,,,,Calle 43,66-39,,,,,tienda_viveres
node,3726582214,Empanadas y Salchipapas Doña Marina,6.2579679,-75.615922,,,fast_food,,,,,,Fr-Sa 18:00+,regional,,,comidas
node,3769828235,Verdeo,6.2108341,-75.5653693,,,restaurant,,,,,,,,,,comidas
node,3787785152,DEPOSITO,6.299186,-75.5396841,hardware,,,,,,,,,,,,construccion
node,3787817698,Tienda Milsen,6.2992526,-75.5385301,convenience,,,,,,,,,,,,tienda_viveres
node,3787817800,Tienda James,6.299298,-75.5384376,convenience,,,,,,,,,,,,tienda_viveres
node,3787819676,Peluquería Pirulo,6.2993673,-75.538392,hairdresser,,,,,,,,,,,,belleza_peluqueria
node,3787820699,Peluqería Yuli,6.2996805,-75.5388573,hairdresser,,,,,,,,,,,,belleza_peluqueria
node,3787835646,panaderia,6.299551,-75.539444,bakery,,cafe,,,,,,,,,,panaderia
node,3787843873,tamayo,6.2995244,-75.5392294,alcohol,,,,,,,,,,,,tienda_viveres
node,3787857758,doña isalia,6.2986099,-75.5381646,convenience,,,,,,,,,,,,tienda_viveres
node,3787858311,esmeralda,6.2984993,-75.5381485,hairdresser,,,,,,,,,,,,belleza_peluqueria
node,3799655733,Piqueteadero,6.291266,-75.5414047,,,restaurant,,,,,,,,,,comidas
node,3799655734,Éxito Verde,6.2910184,-75.5412997,supermarket,,,,,,,,,,,,tienda_viveres
node,3799655740,Carnicería,6.2902138,-75.5419829,butcher,,,,,,,,,,,,tienda_viveres
node,3799655741,Monreal,6.2913876,-75.5414442,butcher,,,,,,,,,,,,tienda_viveres
node,3799873280,Granero el último viento,6.2948457,-75.5411699,convenience,,,,,,,,,,,,tienda_viveres
node,3804237724,Tienda Citará,6.2500615,-75.6173835,convenience,,,,,,,,,,,,tienda_viveres
node,3804238655,Tienda,6.2503679,-75.6166818,convenience,,,,,,,,,,,,tienda_viveres
node,3804240051,Tienda,6.2491734,-75.6167676,convenience,,,,,,,,,,,,tienda_viveres
node,3805713308,Panadería,6.2752528,-75.5576357,bakery,,,,,,,,,,,,panaderia
node,3811553429,mi buñelo,6.2484419,-75.602254,,,cafe,,,,,,,,,,comidas
node,3811557721,El Cafecito,6.2472333,-75.6155046,,,cafe,,,,,,,,,,comidas
node,3811557722,Pipe Sazón,6.2473844,-75.615563,,,restaurant,,,,,,,arepa;hamburguer;hot_dog;juice,,,comidas
node,3811557723,Cubanitos Sadwich´s,6.247076,-75.6153436,,,restaurant,,,,Calle 35 # 91-70,,,Sanduches_cubanos,,https://es-la.facebook.com/CubanitosSandwichs/,comidas
node,3811561150,D1,6.2502427,-75.6035507,supermarket,,,,,,,,"PH,Mo-Su 08:00-21:00",,,,tienda_viveres
node,3811561460,Los Dos Faros,6.2488531,-75.60351,convenience,,,,,,,,,,,,tienda_viveres
node,3811568098,MANDINRICAS,6.2495442,-75.6047685,,,fast_food,,,,,,,,,,comidas
node,3811569315,Centro Comercial El Diamante,6.2607309,-75.5897696,mall,,,,,,,,10:00-19:00,,,,
node,3811570010,krosquipollo,6.263938,-75.5967783,,,restaurant,,,,,,10:00-22:00,regional,,,comidas
node,3811575043,Restaurante Chino,6.2640122,-75.5967409,,,restaurant,,,,,,08:00-22:00,comida_china,,,comidas
node,3811578401,Mercado Madrid,6.2640563,-75.5967106,supermarket,,,,,,Calle 50;Colombia,avenida 80,08:30-21:00,,,,tienda_viveres
node,3811578905,La Frontera,6.2481997,-75.6005923,convenience,,,,,,,,,,,,tienda_viveres
node,3828692134,Barberia,6.2435326,-75.5862513,hairdresser,,,,,,,,,,,,belleza_peluqueria
node,3828692135,Charcuteria y Panaderia el Bolivariano,6.2435177,-75.5860634,,,restaurant,,,,,,,,,,comidas
node,3828692136,El Rejo / Comida Mexicana,6.2439433,-75.5867077,,,restaurant,,,,,,,mexican,,,comidas
node,3828692138,La Gaviota,6.2451159,-75.5846811,pawnbroker,,,,,,,,,,,,
node,3830580628,Cosechas,6.200672,-75.5730611,,,fast_food,,,,,,,,,,comidas
node,3830580629,Juan Valdez Café,6.2012253,-75.5727023,coffee,,cafe,,,,,,,coffee_shop,,https://juanvaldez.com/,comidas
node,3833593379,Aplastados de Pacho,6.2458962,-75.5889305,,,restaurant,,,,,,,sandwich,,,comidas
node,3833593380,FastDog,6.2459031,-75.5889775,,,fast_food,,,,,,,,,,comidas
node,3833593381,Kokoriko Bolivariana,6.2459129,-75.5890435,,,restaurant,,,,,,,,,,comidas
node,3833643911,La Guadalupana,6.2447006,-75.589567,,,restaurant,,,,,,24/7,,,,comidas
node,3833646184,La Catrina,6.2451435,-75.5845963,,,restaurant,,,,,,,mexican,,,comidas
node,3833692715,FOU confecciones,6.2459416,-75.5867141,clothes,,,,,,,,,,,,ropa_calzado
node,3834542355,Casa de Angeles,6.2483989,-75.5867053,erotic,,,,,,,,,,,,
node,3834781450,Coorporación Odontológica de Antioquia,6.2448932,-75.5848312,,,doctors,doctor,,,,,,,,,salud_bienestar
node,3835005745,Zea Café y Barismo,6.2439446,-75.5857036,coffee,,,,,,Carrera 66b,Circular 3 - 11,,,,,
node,3839039957,Carniceria la 96c,6.262891,-75.6100389,butcher,,,,,,,,,,,,tienda_viveres
node,3839039959,Legumbres de Omar,6.2628483,-75.610078,greengrocer,,,,,,,,,,,,tienda_viveres
node,3839635351,Farmacia San Gregorio,6.2595222,-75.6094015,,,pharmacy,,,,,,,,,,salud_bienestar
node,3839635352,Farmacia San Jeronimo,6.26075,-75.6086598,,,pharmacy,pharmacy,,,,,,,,,salud_bienestar
node,3839860595,Billares,6.2602945,-75.6079825,alcohol,,,,,,,,,,,,tienda_viveres
node,3839860596,Legumbreria la Pradera,6.2602479,-75.609026,greengrocer,,,,,,,,,,,,tienda_viveres
node,3839860597,Minimercado la INA,6.2605803,-75.6087619,supermarket,,,,,,,,,,,,tienda_viveres
node,3839860598,Panadería,6.2602278,-75.6080778,bakery,,,,,,,,,,,,panaderia
node,3840163624,Tienda,6.2600702,-75.6106793,convenience,,,,,,,,,,,,tienda_viveres
node,3840169829,Tienda,6.2624837,-75.6094386,convenience,,,,,,,,,,,,tienda_viveres
node,4005449790,Mall Plaza,6.200493,-75.563939,mall,,,,,,,,,,,,
node,4037711100,Veg Station,6.2088025,-75.565642,,,restaurant,,,,,,,,,,comidas
node,4037719234,Medellin Beer Factory,6.2088014,-75.5655878,,,restaurant,,,,,,,,,,comidas
node,4044855813,The Sushi Shop,6.2071436,-75.5657084,,,fast_food,,,,Carrera 35,7-110,,sushi,,,comidas
node,4044855814,Tierra de Agua,6.2071201,-75.5656964,,,fast_food,,,,,,,,,,comidas
node,4044855816,Maloka,6.2070756,-75.5656782,,,cafe,,,,,,,,,,comidas
node,4081890013,Universidad Pascual Bravo,6.2749027,-75.5875358,,,hospital,hospital,,,,,,,,,salud_bienestar
node,4095267633,Carulla Express,6.2066618,-75.5662806,supermarket,,,,,,,,,,,,tienda_viveres
node,4095270059,Retro,6.2104423,-75.5727123,antiques,,,,,,,,-18:30,,,,
node,4101009892,Esco Envigado,6.1696409,-75.5836977,outdoor,,,,,,32-118,,"Mo-Fr 07:20-12:30, 13:30-17:20; Sa 08:00-12:00",,,https://www.esco.com.co/,
node,4110788389,Granero La Fe,6.3108963,-75.5638909,supermarket,,,,,,,,,,,,tienda_viveres
node,4117412010,barberia,6.2918886,-75.544092,hairdresser,,,,,,,,,,,,belleza_peluqueria
node,4117412013,Montallantas El Mono,6.2922751,-75.5449772,tyres,,,,,,,,,,,,mecanica_motos
node,4120004089,Subway,6.2550236,-75.5802181,,,fast_food,,,,,,Mo-Sa 08:00-21:00,sandwich,,,comidas
node,4121140669,Automall Santa María de Las Vegas,6.1928088,-75.5794908,mall,,,,,,,,,,,,
node,4140470689,Tienda de Doña Gloria,6.266854,-75.62902,variety_store,,,,,,,,,,,,papeleria
node,4140993507,La mesa del Barrio,6.2948674,-75.543797,,,restaurant,,,,,,,,,,comidas
node,4152250189,Javato Jones Store,6.2096124,-75.5658578,clothes,,,,,,Carrera 36,10A-7,Mo-Su 11:00-19:00,,,,ropa_calzado
node,4152321789,IPS Universitaria - Sede Prado,6.2611556,-75.5653804,,,clinic,clinic,,,,,,,,,salud_bienestar
node,4152322290,Plaza de comidas Ruta N,6.2650183,-75.5665813,,,fast_food,,,,,,,,,,comidas
node,4160400489,Colombia Tours Empresa De Turismo,6.2507447,-75.5684218,travel_agency,,,,,,,,,,,,
node,4170417492,Panadería Santa Cruz,6.2922772,-75.552966,bakery,,,,,,,,24/7,,,,panaderia
node,4170417693,Asados Santa Cruz,6.2920338,-75.5530555,,,fast_food,,,,,,Mo-Su 09:00-22:00,chicken;steak_house;friture,,,comidas
node,4170417895,Supermercado Las Margaritas,6.2911409,-75.5539994,supermarket,,,,,,,,Mo-Su 08:00-20:00,,,,tienda_viveres
node,4173731296,Hooters,6.207573,-75.5675948,,,restaurant,,,,,8-44,,burger,,,comidas
node,4173742301,Bigote's,6.2570662,-75.5782279,,,restaurant,,,,,,,german;pizza,,,comidas
node,4173742302,Frutti Jhon,6.2571128,-75.5783215,,,restaurant,,,,,,,friture;burger;ice_cream;hot_dog;fish;sausage;sandwich,,,comidas
node,4174524375,Tienda La Silga,6.1424825,-75.575127,convenience,,,,,,,,,,,,tienda_viveres
node,4174549800,La Vaquita - Envigado,6.1696409,-75.5857968,supermarket,,,,,,,,,,,,tienda_viveres
node,4174607991,Esquina el Social,6.1727999,-75.5831088,convenience,,,,,,,,,,,,tienda_viveres
node,4177117293,Wichos,6.2933904,-75.5425114,,,restaurant,,,,,,,,,,comidas
node,4177117297,medellin,6.2943003,-75.5453904,supermarket,,,,,,,,,,,,tienda_viveres
node,4177118390,Panadería Pin Pon Pan,6.292564,-75.5449268,bakery,,,,,,,,,,,,panaderia
node,4177118391,Helados Primavera,6.2918673,-75.5443687,,,restaurant,,,,,,,,,,comidas
node,4177118393,Mercado Los Orrego,6.2923708,-75.5455369,supermarket,,,,,,,,,,,,tienda_viveres
node,4177131402,Pollo El Primo,6.2912847,-75.5437953,,,fast_food,,,,,,,,,,comidas
node,4177131410,Heladería,6.2911008,-75.5437564,,,ice_cream,,,,,,,,,,comidas
node,4177136423,Papelería Don Chepe,6.2921587,-75.5449258,stationery,,,,,,c 31,36B-102,,,,,papeleria
node,4177142261,Mandingas,6.2909336,-75.5443011,,,fast_food,,,,,,,,,,comidas
node,4177142262,Don Icenove,6.290939,-75.5442502,supermarket,,,,,,,,,,,,tienda_viveres
node,4177163447,Panadería De La Cancha,6.2910468,-75.5440363,bakery,,,,,,,,,,,,panaderia
node,4177165732,102,6.2918487,-75.5440351,chemist,,,,,,Carrera34,102 112,,,,,salud_bienestar
node,4177169772,La 38,6.2896989,-75.5468556,hardware,,,,,,,,,,,,construccion
node,4177179221,Magda,6.2911546,-75.5434559,,,fast_food,,,,,,,,,,comidas
node,4177596089,BonCamarón,6.2096856,-75.5709715,,,restaurant,,,,,,Su-Th 11:00-20:00; Fr-Sa 11:00-20:30,seafood,,,comidas
node,4179740801,Zona Web Café Internet,6.3466275,-75.507859,computer,,,,,,Calle 50,342743137,24/7,,,,tecnologia_celulares
node,4179796189,Optica La Asunción,6.3461959,-75.508848,optician,,,,,,,,,,,,salud_bienestar
node,4183858596,Distribuidor Honda,6.2435638,-75.602955,motorcycle,,,,,,Carrera 81,,,,,,mecanica_motos
node,4184284794,Sala Sistemas,6.2360128,-75.5633475,electronics,,,,,,Calle 36,,,,,,tecnologia_celulares
node,4184677839,Los Perritos Comidas Rapidas,6.2480858,-75.5925119,,,fast_food,,,,Carrera 73,41-61,Mo-Su 17:00-00:00,burger;hot_dog,,,comidas
node,4208011890,pc's milagrosa,6.2356588,-75.5564647,electronics,,,,,,,,,,,,tecnologia_celulares
node,4209578899,Burdo,6.2084572,-75.5657929,,,restaurant,,,,Carrera 35,,,international,,,comidas
node,4211001392,Cambria Cafe Resto,6.2141019,-75.5725924,,,restaurant,,,,Carrera 43E,12-16,,cake;breakfast;french;coffee_shop,,,comidas
node,4223049689,Surco Records,6.2448791,-75.5649597,music,,,,,,calle 47,43-88,Mo-Sa 14:00-22:00,,,https://surcotienda.co/,
node,4231972194,Centro de Salud El Salvador,6.2379305,-75.5606633,,,clinic,clinic,,,36A,40_135,,,,,salud_bienestar
node,4238247589,Restaurante Caseritos Gourmet,6.2458797,-75.5837092,,,cafe,,,,,,,,,,comidas
node,4244810091,Mall La Mota,6.2141506,-75.5969077,,,restaurant,,,,,,,,,,comidas
node,4244828789,Presto La Mota,6.2137649,-75.5966718,,,restaurant,,,,,,,,,,comidas
node,4253436599,Al Alma,6.2070507,-75.5661158,,,cafe,,,,Calle 8,35-37,,coffee_shop;breakfast;cake;bagel,,,comidas
node,4253446102,Master Sandwich and Co,6.2071313,-75.5660027,,,cafe,,,,Calle 8,35-33,,,,,comidas
node,4270145092,Al Alma,6.2069361,-75.5742623,,,cafe,,,,Carrera 45,,,breakfast,,,comidas
node,4274233603,Taller de Motos,6.3049541,-75.5707034,car_repair,,,,,,,,,,,,mecanica_motos
node,4276125765,Durangos,6.3115715,-75.5795995,,,fast_food,,,,,,,,,,comidas
node,4276125767,Monta Llantas,6.3005294,-75.5688941,car_repair,,,,,,,,,,,,mecanica_motos
node,4276125768,Monta Llantas,6.3014523,-75.5670681,car_repair,,,,,,,,24/7,,,,mecanica_motos
node,4276142960,la Y,6.3032177,-75.5701246,convenience,,,,,,,,,,,,tienda_viveres
node,4285397589,Chicken Chops,6.2017027,-75.5718932,,,restaurant,,,,Carrera 43A,1 Sur-150,Mo-Su 11:00-22:00,,,,comidas
node,4288684689,Pergamino Cafe,6.2082255,-75.5670951,,,cafe,,,,Carrera 37,8A-37,,coffee_shop,,,comidas
node,4290775191,Dinely Peluquería,6.2548845,-75.5836597,hairdresser,,,,,,,,,,,,belleza_peluqueria
node,4293510512,Mi sazón casero,6.3017344,-75.573068,,,restaurant,,,,Calle 104,74-79,,,,,comidas
node,4293783193,Bogotá Beer Company,6.2074548,-75.5651931,,,restaurant,,,,,,,,,,comidas
node,4295223093,Royal Thai,6.2079728,-75.5675962,,,restaurant,,,,,,,,,,comidas
node,4296912289,Frisby,6.2099715,-75.5685374,,,fast_food,,,,,,,chicken,,,comidas
node,4300815337,Supermercado El Olimpíco,6.2390893,-75.6038957,supermarket,,,,,,,,,,,,tienda_viveres
node,4300859369,Kokorico Colombia,6.2569632,-75.5832048,,,restaurant,,,,,,,,,,comidas
node,4304769402,Tortas Envinadas Las Negras,6.3019411,-75.5725498,bakery,,,,,,,,,,,,panaderia
node,4306497936,La esquina del pastel,6.3004471,-75.5705573,kiosk,,,,,,,,06:00-17:00,,,,tienda_viveres
node,4310541103,Pollos Frosty,6.3017982,-75.5726436,,,fast_food,,,,,,,steak_house,,,comidas
node,4310541104,Restaurante Blanquita,6.2997007,-75.5741536,,,restaurant,,,,,,08:00-20:00,regional,,,comidas
node,4310541105,Spa MAritza,6.2985463,-75.5748644,hairdresser,,,,,,,,,,,,belleza_peluqueria
node,4310541199,pedregal,6.3020755,-75.5725343,bakery,,,,,,,,,,,,panaderia
node,4311244784,El Jordan,6.2905945,-75.5386321,supermarket,,,,,,,,,,,,tienda_viveres
node,4311788362,La Cabrera,6.3011899,-75.5723026,,,restaurant,,,,,,,barbecue,,,comidas
node,4313741037,Pizzantino,6.2570227,-75.6131421,beverages,,,,,,,,,,,,tienda_viveres
node,4315214398,Los rapidos,6.2576484,-75.6144685,kiosk,,,,,,,,Tu-Su 18:00-22:00,,,,tienda_viveres
node,4315816192,hermanitas hospitalarias del sagrado corazón,6.2594164,-75.5619578,,,clinic,clinic,,,Carrera 50;Palacé,,,,,,salud_bienestar
node,4319033489,Mercados Vélez,6.286027,-75.5612214,supermarket,,,,,,,,,,,,tienda_viveres
node,4319064591,Gallo Tuerto,6.3799655,-75.479894,,,restaurant,,,,Doble calzada Niquia - Hatillo,,Mo-Su 09:30-03:30,burger;steak_house;breakfast;grill,,,comidas
node,4319075091,Mis Carnes,6.3835048,-75.4622858,,,restaurant,,,,Doble calzada Niquia - Hatillo,,Mo-Su 11:00-20:00,burger;steak_house;breakfast;barbecue;friture;local,,,comidas
node,4319075791,Pasteur,6.2090114,-75.5709459,,,pharmacy,,,,Carrera 43A,,24/7,,,,salud_bienestar
node,4319098691,Surtimax,6.3800761,-75.4462398,supermarket,,,,,,Carrera 18,,Mo-Su 10:00-21:00,,,,tienda_viveres
node,4319100490,Chef Burger,6.2113285,-75.5691195,,,restaurant,,,,Salida Carrera 43 A,,Mo-Su 11:00-21:30,burger,,,comidas
node,4319100789,Droguería El Poblado,6.2098991,-75.5705545,,,pharmacy,,,,Carrera 43 A,,Mo-Su 10:00-20:00,,,,salud_bienestar
node,4319808010,D1 Guayabal,6.2009656,-75.5889166,supermarket,,,,,,Calle 9 Sur,,Mo-Fr 09:00-19:00; Sa-Su 10:00-18:00,,,,tienda_viveres
node,4320656135,Comidas rapidas Delimemo,6.3016808,-75.5653559,kiosk,,,,,,,,Mo-Su 05:00-13:30,,,,tienda_viveres
node,4323769892,Almacen El Pez,6.2359574,-75.5751326,seafood,,,,,,carrera 81,,Mo-Su 09:00-18:00,,,http://www.almacenelpez.com,tienda_viveres
node,4323914830,juanghx,6.2531872,-75.5646225,seafood,,,,,,,,Mo-Su 08:00-06:00,,,https://juanghx.webnode.es/,tienda_viveres
node,4323928890,El Anzuelo Tienda de Pesca,6.2736315,-75.5845364,seafood,,,,,,,,Mo-Su 09:00-19:00,,,http://www.elanzuelo.com.co,tienda_viveres
node,4325636732,Clínica de Antioquia,6.3349603,-75.5573678,,,hospital,hospital,,,,,,,,,salud_bienestar
node,4326349857,Mundo Verde,6.207816,-75.5671277,,,restaurant,,,,,,,,,,comidas
node,4326912690,Electrónicas Canare S.A.S,6.2420562,-75.5933018,electronics,,,,,,Transversal 39 A,72-38,Mo-Fr 08:00-18:00; Sa 08:00-12:00,,,https://www.electronicascanaresas.com/,tecnologia_celulares
node,4326979813,Chelita Chingona,6.2077793,-75.5683908,,,restaurant,,,,,,,,,,comidas
node,4326979816,Tropical BBQ,6.207934,-75.5683426,,,restaurant,,,,Carrera 39,,,,,,comidas
node,4327351589,el norteño,6.2317706,-75.5688467,seafood,,,,,,,,,,,,tienda_viveres
node,4327588183,Fundación Hogar Claret,6.2395446,-75.5274183,,,hospital,,,,,,,,"Es un centro de atención para jóvenes y adultos con problemas de drogadición, ludopatía y alcoholismo.",,salud_bienestar
node,4332312019,La Tienda de Diego,6.2940087,-75.5396575,supermarket,,,,,,,,,,,,tienda_viveres
node,4332317032,El manguero,6.2942052,-75.539354,,,fast_food,,,,,,05:00-16:00,"frutas,salchipapas",,,comidas
node,4332321957,El chispero,6.2933235,-75.5385785,supermarket,,,,,,,,,,,,tienda_viveres
node,4332326611,Internet De Soto,6.2904315,-75.5385159,,,cafe,,,,,,,,,,comidas
node,4332329950,Tienda La Avanzada,6.2947781,-75.5396217,convenience,,,,,,,,,,,,tienda_viveres
node,4332331538,Tienda Oliver,6.2941892,-75.5394203,convenience,,,,,,,,,,,,tienda_viveres
node,4332331540,Tienda Rubén,6.2937118,-75.5394822,convenience,,,,,,,,,,,,tienda_viveres
node,4332333990,El Mirador de La Uva,6.2944898,-75.5377674,,,cafe,,,,,,,,,,comidas
node,4332335639,basurero,6.2937784,-75.5396995,,,hospital,,,,,,,,,,salud_bienestar
node,4332335640,Supermercado la Viña,6.2939097,-75.5398303,supermarket,,,,,,,,,,,,tienda_viveres
node,4332346716,Restaurante y Panaderia San Benito,6.2556488,-75.5723393,,,restaurant,,,,Carrera 56 A,,,coffee_shop,,,comidas
node,4332349858,Legumbreria,6.2932853,-75.5385829,Verduras,,,,,,,,,,,,
node,4332628416,Cafeteria Jampa,6.2538176,-75.5728852,,,cafe,,,,,,,,,,comidas
node,4334343342,Jugositos y Panaderia,6.2539862,-75.5740245,,,cafe,,,,Carrera 56 C,,,,,,comidas
node,4337870955,La mueble - La mueblería,6.2332811,-75.6020434,furniture,,,,,,,,,,Lugar en el corredor de tiendas de muebles habitado en altas horas de la noche. Generalmente es habitado por las personas desplazadas de la…,,
node,4345181196,Autolarte,6.1875304,-75.585959,car,,,,,,,,,,,,mecanica_motos
node,4346819189,Eleinco,6.1826073,-75.5866226,electronics,,,,,,Carrera 48,26 sur - 181,Mo-Su 08:00-06:00,,,https://eleinco.com.co/,tecnologia_celulares
node,4351098843,Al Pan Pan,6.2472828,-75.5657094,bakery,,,,,,,48-78,24/7,,,,panaderia
node,4351304109,Hotsun Arroz Express,6.2474039,-75.5653282,,,restaurant,,,,,,,,,,comidas
node,4353065414,Starbucks,6.1999061,-75.5727323,,,cafe,,,,,,Mo-Fr 06:00-22:00; Sa 06:30-22:00; Su 07:00-22:00,coffee_shop,,,comidas
node,4364813496,El tambo,6.2780313,-75.4976125,,,restaurant,,,,vía a piedras Blancas a Santa Elena,,,,,,comidas
node,4365006889,"Herby Ltda, Reparación de Computadores.",6.3008569,-75.5670948,computer,,,,,,Calle 103G,65-81,Mo-Fr 08:00-19:00; Sa 09:00-12:00,,,,tecnologia_celulares
node,4368595612,Ingedelta Ltda,6.2460113,-75.5893972,outdoor,,,,,,Circular 3,70-16,"Mo-Fr 08:00-12:00, 14:00-18:00",,,,
node,4376677389,SATA Parilla Moderna,6.2138449,-75.572669,,,restaurant,,,,Carrera 43E,11a,Mo-Fr 12:00-21:00; Sa-Su 12:00-23:00,steak_house;argentinian,,,comidas
node,4378093889,Samuelito 2,6.2483901,-75.5924954,bakery,,,,,,Carrera 73,42-07,,,,,panaderia
node,4379351277,Panadería Pan kche,6.3465741,-75.5547937,,,cafe,,,,,,"Mo-Su,PH 07:00-08:00",regional,,,comidas
node,4381380546,Caseritos,6.2411971,-75.5967335,,,restaurant,,,,Carrera 76,34-24,Mo-Fr 09:00-17:00,regional,,,comidas
node,4381380548,Antonio Gelato y Café,6.2409621,-75.5967186,,,ice_cream,,,,,,,,,,comidas
node,4381380569,Pepe Ganga,6.2432892,-75.5940056,toys,,,,,,,,,,,https://www.pepeganga.com,
node,4381504777,La Terraza,6.2451912,-75.5956071,,,fast_food,,,,Avenida Nutibara,74-39,,,,,comidas
node,4381504779,Starbucks Coffee,6.2458898,-75.5957358,,,cafe,,,,,,,coffee_shop,,,comidas
node,4381504780,La Causa,6.2461324,-75.5964305,,,restaurant,,,,,,,peruvian;japanese,,,comidas
node,4386468890,Mahalo park,6.1525563,-75.5620728,,,restaurant,,,,,,,,,,comidas
node,4388163640,Don Fabio,6.3037778,-75.5785047,kiosk,,,,,,,,,,,,tienda_viveres
node,4392269189,KFC,6.2088481,-75.5664288,,,fast_food,,,,Calle 10,36-23,,chicken,,,comidas
node,4393503061,Kawasaki,6.2104625,-75.5680096,motorcycle_repair,,,,,,,,,,,,mecanica_motos
node,4393815070,Buñuelitos Ya!,6.2569203,-75.5779514,,,restaurant,,,,,,07:00-12:00,burger,,,comidas
node,4393817271,La Tiendecita,6.2569651,-75.5780337,,,restaurant,,,,,,,Peruana_y_Criolla,,,comidas
node,4394069391,Carulla,6.152257,-75.5400308,supermarket,,,,,,,,Mo-Su 10:00-22:00,,,https://www.carulla.com/,tienda_viveres
node,4394288389,Cholao Peters,6.2591277,-75.5909694,beverages,,,,,,,,"Mo-Su 10:00-12:45, 18:15-21:00",,,,tienda_viveres
node,4394337592,Subway,6.2640836,-75.58832,,,fast_food,,,,,,,sandwich,,,comidas
node,4398300389,"muchas tiendas de ropa, zapatos y accesorios",6.2518099,-75.5650056,clothes,,,,,,Carrera 49,53-20,Mo-Th 09:00-19:30; Fr-Sa 09:00-20:00; Su 10:00-18:00,,,,ropa_calzado
node,4398300390,Viejoeste,6.2508471,-75.5651182,,,fast_food,,,,,,,,,,comidas
node,4400464989,Mi Pueblo,6.2506842,-75.5660963,,,restaurant,,,,,,,,,,comidas
node,4404804730,McDonald's,6.2359037,-75.5691425,,,fast_food,,,,,,,burger,,,comidas
node,4405184089,Lavadero Las Palmas,6.224527,-75.565285,,,car_wash,,,,Calle 26,38-07,Mo-Su 07:00-19:00,,,,mecanica_motos
node,4405184090,Lavaggio Auto Lavado,6.2031421,-75.5613533,,,car_wash,,,,,,Mo-Su 08:00-17:30,,,,mecanica_motos
node,4408370289,Rapido y Delicioso,6.2526843,-75.5879921,,,fast_food,,,,,,,,,,comidas
node,4408371189,Mercolanta,6.2500128,-75.588487,supermarket,,,,,,,,,,,,tienda_viveres
node,4408998712,Chiclayo,6.2466388,-75.5941156,,,restaurant,,,,,,,peruvian,,,comidas
node,4408998825,Don Jacobo Postres y Ponqués,6.2466253,-75.5940372,bakery,,,,,,,,,,,,panaderia
node,4409739181,La Pampa Argentina,6.2472291,-75.5947171,,,restaurant,,,,,,,steak_house,,,comidas
node,4410318198,Tabun,6.2067333,-75.5644061,,,restaurant,,,,Carrera 33,799,,,,,comidas
node,4410318493,Angry mom tattoo,6.1749693,-75.5860417,beauty,,,,,,Avenida El Poblado;Carrera 43A,,,,,,belleza_peluqueria
node,4424148190,Hyundai,6.2313995,-75.5700682,car,,,,,,,,,,,,mecanica_motos
node,4431022495,Amgels Parrilla,6.3460379,-75.5105531,,,restaurant,,,,Cra 54,50-24,"Mo-Su 07:30-11:00, 18:30-22:00",steak_house;coffee_shop;breakfast;burger;grill;hot_dog,,,comidas
node,4435310589,Yeison Alexander Galeano Perez,6.2957965,-75.5401023,,,veterinary,,,,,,,,,,mascotas
node,4437946889,Dance Gym - Comfamiliar Camacol,6.2541376,-75.5786439,,,,,fitness_centre,,Calle 49B,63-21,Mo-Fr 05:30-21:30; Sa-Su 08:00-13:00,,,https://www.comfamiliarcamacol.com/,salud_bienestar
node,4443030091,Esco S.A.,6.1888386,-75.5999877,outdoor,,,,,,carrera 56,72 a 245,Mo-Fr 07:20-17:20; Sa 08:00-12:00,,,https://www.esco.com.co/,
node,4448736889,Continental Mall,6.2523381,-75.5666407,mobile_phone,,,,,,Calle 53 - Maracaibo,49-139,Mo-Sa 09:00-19:00,,,https://www.continentalmall.com.co/,tecnologia_celulares
node,4449599392,Barichara,6.1761446,-75.6506895,,,pharmacy,,,,,,,,,,salud_bienestar
node,4451070096,Servicio Técnico Auteco,6.2401771,-75.5736023,car_repair,,,,,,calle 38,52-34,Sa 20:30-06:30; Mo-Th 20:30-06:30; Fr 06:30-20:30,,,,mecanica_motos
node,4452477890,Suescun,6.2894786,-75.5670253,,,veterinary,,,,,,,,,,mascotas
node,4452616389,Comidas rapidas el Dasny,6.1610681,-75.6387063,,,fast_food,,,,,,,burger,,,comidas
node,4452652589,Barberia la 32,6.1727056,-75.5806321,hairdresser,,,,,,,,,,,,belleza_peluqueria
node,4454416790,seKtor Store,6.2105493,-75.5682436,clothes,,,,,,Calle 10 A,40-55,Mo-Fr 21:00-07:00; Sa 21:30-02:00,,,,ropa_calzado
node,4457756297,Euro,6.2157214,-75.6055427,supermarket,,,,,,,,,,,,tienda_viveres
node,4457910074,Pasteur,6.212652,-75.5760871,,,pharmacy,,,,,,"Mo-Sa 07:30-20:00; Su, PH 10:00-18:00",,,,salud_bienestar
node,4459923689,Bruno,6.2108616,-75.5646282,,,restaurant,,,,Carrera 35,10b 33,,,,,comidas
node,4462543291,Llankar Medellín,6.2486705,-75.5898196,tyres,,,,,,Calle 43,70A-26,,,,,mecanica_motos
node,4464431290,Centro comercial Punto de la Oriental,6.2462492,-75.5661826,department_store,,,,,,,,,,,,
node,4465249651,La Quintana,6.2084688,-75.5707482,,,restaurant,,,,,,,,,,comidas
node,4475368553,Esparta,6.3036711,-75.570402,,,,,fitness_centre,,,,,,gimnasio,,salud_bienestar
node,4477643073,Siroka,6.2454618,-75.5967644,,,restaurant,,,,,74B-10,,,,,comidas
node,4484851289,Martes 1 La chica,6.1649507,-75.5902267,supermarket,,,,,,Carrera 41,40 G Sur - 03,Mo-Su 07:00-09:00,,,,tienda_viveres
node,4489615990,Full Arabe,6.2472521,-75.5896091,,,restaurant,,,,,,,arab,,,comidas
node,4492782639,Pasteur,6.1998211,-75.5722128,,,pharmacy,,,,,,,,,,salud_bienestar
node,4492786629,La Provincia,6.2003546,-75.5720307,,,restaurant,,,,,,,,,,comidas
node,4492789181,Subway,6.199912,-75.5723901,,,fast_food,,,,,,,sandwich,,,comidas
node,4492789917,Percimon,6.1996984,-75.5726044,,,fast_food,,,,,,,ice_cream,,,comidas
node,4492792786,Sport Wings,6.2002906,-75.5723525,,,restaurant,,,,,,,chicken,,,comidas
node,4492795113,Carulla,6.2000826,-75.5758933,supermarket,,,,,,,,,,,,tienda_viveres
node,4492797628,Cheo Parrilla,6.1985548,-75.572939,,,restaurant,,,,,,,steak_house,,,comidas
node,4492799450,Centro Comercial Rio Sur,6.1987387,-75.5731947,department_store,,,,,,,,,,,,
node,4492802053,J y C Delicias,6.1989038,-75.5733179,,,restaurant,,,,,,,burger,,,comidas
node,4492834315,Guia Cereza Poblado,6.2084448,-75.5652162,erotic,,,,,,Calle 10,34-17,,,,https://tiendacereza.com/?from=guiacereza.com,
node,4503404977,Panaderia Mirapan,6.2897318,-75.5834986,bakery,,,,,,,,,,,,panaderia
node,4508716289,Café Zeppelin,6.2464356,-75.5975997,,,cafe,,,,Transversal 39,76-12,Mo-Th 00:00-22:00; Fr-Sa 00:00-12:00,,,,comidas
node,4511104591,Plaza Bella Mall,6.2039397,-75.5614833,department_store,,,,,,,,,,,,
node,4511334389,AKT,6.2390474,-75.5742264,tyres,,,,,,,,,,,,mecanica_motos
node,4513841411,Göra,6.2441086,-75.5622828,car_repair,carpenter,,,,,Calle 47,40-26,,,,,mecanica_motos
node,4532784791,Giraldo Motors Servicio Volkswagen VW,6.2322724,-75.5729924,car_repair,,,,,,,,,,,,mecanica_motos
node,4532823390,Servicentro Volkswagen VW,6.2421194,-75.5728437,car_repair,,,,,,Calle 41;Los Huesos,52-21,,,,,mecanica_motos
node,4534591490,Café con Amor,6.2488427,-75.5704051,,,cafe,,,,Carrera 52;Carabobo,,,coffee_shop,,,comidas
node,4537155195,Droguería Uno A,6.173735,-75.6096949,,,pharmacy,,,,Carrera 52,#50,,,,,salud_bienestar
node,4538750489,Remy ips Medellín,6.2577427,-75.5637284,,,clinic,,,,,,,,,,salud_bienestar
node,4540573743,Monsieur Burger,6.2093356,-75.5717569,,,restaurant,,,,,,,burger,,,comidas
node,4542361305,Botánika Lounge,6.2086903,-75.5669175,,,restaurant,,,,,,,Fusion,,,comidas
node,4543599325,Versalles,6.2519603,-75.5653112,,,restaurant,,,,,,Mo-Sa 08:00-19:00,regional,,,comidas
node,4544571689,Ferreteria Robledo,6.2864722,-75.5873842,hardware,,,,,,,,,,,,construccion
node,4548511992,El Roble Motor,6.2328383,-75.573555,car,,,,,,Calle 31,46-28,,,,https://roblemotor.com/,mecanica_motos
node,4548587790,El roble motor,6.191136,-75.5798966,car,,,,,,cr48#15sur160,160,Mo-Su 08:00-18:00,,,,mecanica_motos
node,4551658991,Lenteja Express,6.2464308,-75.5948851,,,restaurant,,,,,,Mo-Th 12:00-21:30; Fr-Sa 12:00-23:00; Su 12:00-19:30,,,http://lentejaexpress.com.co,comidas
node,4551670691,Vegarden,6.2352813,-75.6027469,,,restaurant,,,,,,,regional,,,comidas
node,4551680290,Naan,6.207025,-75.5657003,,,restaurant,,,,,,,indian,,,comidas
node,4551680291,Salud Pan,6.2466267,-75.590056,health_food,,restaurant,,,,,,,,,,comidas
node,4551681789,Pizzeria Olivia,6.2455441,-75.596192,,,restaurant,,,,,,,pizza;italian_pizza,,,comidas
node,4551681790,Vita Integral Nutricion Funcional,6.2477262,-75.597354,supermarket,,,,,,,,,,,,tienda_viveres
node,4552406389,Mall El Indio,6.227411,-75.5658105,supermarket,,,,,,,,,,,,tienda_viveres
node,4554610393,La Migueria,6.2537291,-75.5832646,bakery,,,,,,,,,,,,panaderia
node,4556573077,Morris Fotografía,6.2040013,-75.5989392,photo,,,,,,Calle 6,,Mo-Fr 09:00-05:00; Sa 09:00-01:00,,,http://www.morrisfotografia.com.co,
node,4558975891,Perú Fuzion Parrilla Bar,6.2052438,-75.5821856,,,restaurant,,,,Calle 2 Sur,50-14,,peruvian,,,comidas
node,4559368394,Carulla,6.1986169,-75.565855,supermarket,,,,,,,,,,,,tienda_viveres
node,4559392590,Jack & Roll,6.1778036,-75.5862101,,,restaurant,,,,,,,,,,comidas
node,4559392989,La tRESuno,6.1766595,-75.5863375,,,restaurant,,,,,,,,,,comidas
node,4562408489,Supermercado Mil Variedades,6.2870558,-75.5734763,supermarket,,,,,,carrera 68 #92f-03,,,,,,tienda_viveres
node,4567060384,Ferreteria H y N,6.2340282,-75.5490028,hardware,,,,,,,,,,,,construccion
node,4570958690,Agrofacil,6.2395288,-75.55116,computer,,,,,,calle 48 # 27-60,,,,,,tecnologia_celulares
node,4575737696,gym El Club,6.2424448,-75.5863728,,,,,fitness_centre,,Carrera 66B,35-28,Mo-Fr 05:00-22:00; Sa-Su 07:00-15:00,,,https://cafelclub.wixsite.com/cafelclub,salud_bienestar
node,4578383091,Restaurante In China,6.2056754,-75.5602284,,,restaurant,,,,,,,,,,comidas
node,4578393390,Zerenguetti Mascotas,6.2379178,-75.5699161,pet,,,,,,,,,,,,mascotas
node,4578400591,Restaurante country club,6.2193961,-75.560889,,,restaurant,,,,,,,,,,comidas
node,4578404989,Perros -El Mono,6.1918408,-75.5554935,,,fast_food,,,,Calle 4 B Sur,,We-Sa 09:00-18:00,,,,comidas
node,4578475589,Mantenimiento y reparación de computadoras,6.3123054,-75.5706722,computer,,,,,,Calle 22A,60-74,,,,,tecnologia_celulares
node,4582141690,Mocorongo comidas rápidas,6.1681534,-75.5880259,,,fast_food,,,,Calle 39 Sur,,,,,,comidas
node,4585239801,Ciclo Acosta,6.33696,-75.559727,bicycle,,,,,,Carrera 50A,53-37,Mo-Sa 08:00-20:00,,,http://facebook.com/cicloacosta,
node,4587494891,Marquis trabajo,6.2279556,-75.5777911,clothes,,,,,,Carrera 52 - Avenida Guayabal,29-13,Mo-Su 10:00-07:00,,,,ropa_calzado
node,4587677895,Asados luz,6.3161662,-75.559466,,,restaurant,,,,Carrera 53,27-29,,steak_house,,http://facebook.com,comidas
node,4588195492,Coomeva EPS,6.2296276,-75.5913111,,,clinic,,,,,,,,,,salud_bienestar
node,4590243894,Drogueria Cosmos,6.2695916,-75.5564614,,,pharmacy,,,,Carrera 48A,76-02,"Mo-Sa 09:00-14:00, 15:00-21:00",,,,salud_bienestar
node,4595518903,IPS Comfama SURA,6.2456545,-75.5645554,,,hospital,,,,Calle 48,,,,,https://www.comfama.com/,salud_bienestar
node,4596950198,Tienda D1,6.163919,-75.622271,department_store,,,,,,,,,,,,
node,4596954091,AGAVAL,6.1715239,-75.6084429,department_store,,,,,,,,,,,,
node,4596954092,Pollos Mario,6.1729443,-75.6092693,,,restaurant,,,,,,,chicken,,,comidas
node,4596967093,Hospital del sur,6.1656657,-75.6218374,,,hospital,,,,,,,,,,salud_bienestar
node,4596969991,Quimicos antioquia,6.1697373,-75.6159818,department_store,,,,,,,,,,,,
node,4596970194,FÁBRICAS UNIDAS,6.1627973,-75.6144135,department_store,,,,,,,,,,,,
node,4596974196,Mundo Piñatas,6.172935,-75.6094714,party,,,,,,,,,,,,
node,4596974197,Electrobello,6.1728199,-75.6096884,clothes,,,,,,,,,,,,ropa_calzado
node,4596988189,Deposito san pio,6.1658681,-75.6211185,department_store,,,,,,,,,,,,
node,4597279589,Los Quesudos de Happy,6.1617819,-75.6264203,,,fast_food,,,,,,,,,,comidas
node,4597355091,Farmacia Suramerica,6.1608491,-75.6257795,,,pharmacy,pharmacy,,,,,,,,,salud_bienestar
node,4597355390,El Carriel de la Hamburguesa,6.1612042,-75.6261294,,,fast_food,,,,,,,,,,comidas
node,4598677494,Frisby,6.1717445,-75.6094676,,,fast_food,,,,,,,chicken,,,comidas
node,4598720391,Kokoriko,6.171947,-75.6089931,,,fast_food,,,,,,,chicken,,,comidas
node,4600620790,Mall Itagüí,6.1729848,-75.6101592,mall,,,,,,,,,,,,
node,4600639092,Delipollo,6.1720957,-75.6097298,,,restaurant,,,,,,,chicken,,,comidas
node,4600666689,La Media Naranja,6.1727447,-75.6098501,clothes,,,,,,,,,,,,ropa_calzado
node,4606449666,Droguería Buenos Aires,6.2351257,-75.5487633,chemist,,,,,,,,10:00-23:00,,,,salud_bienestar
node,4606449667,Baratelo,6.2347766,-75.5489158,supermarket,,,,,,,,,,,,tienda_viveres
node,4606449668,pizza & lasagna,6.2348593,-75.5488758,,,restaurant,,,,,,,,,,comidas
node,4606530089,IPS Promedan Salud Barbosa,6.4357494,-75.3309412,,,doctors,,,,Calle 13,13-4,Mo-Fr 06:30-18:30; Sa 07:00-12:00,,,https://promedanips.co/,salud_bienestar
node,4607211597,Pasteur Parque Sabaneta,6.1529493,-75.615057,,,pharmacy,pharmacy,,,,,,,,,salud_bienestar
node,4607211694,Pasteur Vegas Plaza,6.1513636,-75.6234672,,,pharmacy,pharmacy,,,,,,,,,salud_bienestar
node,4607216490,La Garantia Induamerica,6.1671718,-75.6203694,,,pharmacy,,,,,,,,,,salud_bienestar
node,4607216491,LA SONSONEÑA,6.1656586,-75.6212295,,,restaurant,,,,,,,,,,comidas
node,4607222596,Industrias Roca,6.1602521,-75.6230019,hardware,,,,,,,,,,,,construccion
node,4607222702,Pasteur,6.1840242,-75.6559023,,,pharmacy,,,,,,,,,,salud_bienestar
node,4607230493,Veterinaria Induamerica,6.1672999,-75.6199609,,,veterinary,,,,,,,,,,mascotas
node,4607230590,Asados Criollos Induamerica,6.1672375,-75.6203025,,,restaurant,,,,,,,,,,comidas
node,4607239289,Fritos Induamerica,6.1671632,-75.6204198,,,fast_food,,,,,,,,,,comidas
node,4607244889,Pasteur Ditaires,6.1703541,-75.628258,,,pharmacy,pharmacy,,,,,24/7,,,,salud_bienestar
node,4614348594,Vida Sana,6.2554749,-75.5823864,,,pharmacy,,,,Calle 49A,65A-51,"Mo-Sa 08:00-12:00, 13:00-17:00",,,,salud_bienestar
node,4615510490,Arigato panadería artesanal,6.1582179,-75.6454349,,,restaurant,,,,Calle 81 Sur,63-12,Tu-Su 09:00-22:00,pizza;bread,,,comidas
node,4616257689,Euro,6.2440274,-75.5940062,supermarket,,,,,,Avenida Nutibara;Transversal 39B,,,,,,tienda_viveres
node,4618506392,Pasteur Parque Itagüí,6.1728295,-75.6091007,,,pharmacy,,,,Calle 51,51-04,24/7,,,,salud_bienestar
node,4618506690,Pasteur Carrera 52,6.1733821,-75.6101913,,,pharmacy,,,,,,,,,,salud_bienestar
node,4620990789,La Patrona,6.2558518,-75.6021899,,,restaurant,,,,,,,paisa;mexican;tacos,,,comidas
node,4622655489,Kabuki,6.2081979,-75.5645767,,,restaurant,,,,Carrera 33,8 10,,japanese;peruvian,,,comidas
node,4623922192,Tiendas D1 La 92,6.2833532,-75.5604981,convenience,,,,,,Calle 92,50D-31,Mo-Su 08:00-21:00,,,https://domicilios.tiendasd1.com/?utm_source=google&utm_medium=sem&utm_campaign=domicilios&utm_term=clicks_cpc&utm_content=sem-seasonal&gad_source=1&gclid=Cj0KCQiAwbitBhDIARIsABfFYIKCxAMWbOVPD0KYehv4F1rhC0a7P8ZfBT8jHsfGCXzUsLq-gvjd6tQaApo6EALw_wcB,tienda_viveres
node,4624673789,D1,6.210062,-75.5763717,department_store,,,,,,,,Mo-Su 08:00-21:00,,,,
node,4624673790,La Lupa Arte Digital,6.2098199,-75.5762842,photo,,,,,,Carrera 47,7 94,,,,https://www.lalupa.co/,
node,4625938394,Supermercado Barbosa,6.4374436,-75.3321914,supermarket,,,,,,,,,,,,tienda_viveres
node,4625938395,Droguería Solidaria,6.4382139,-75.3319764,,,pharmacy,,,,,17-22,Mo-Su 07:00-22:00,,,,salud_bienestar
node,4626012492,Euro,6.4374113,-75.3304821,department_store,,,,,,,,,,,,
node,4633690290,SurtiMAX,6.4385055,-75.3310145,department_store,,,,,,,,,,,,
node,4634019489,Mercados La Hermandad,6.1769416,-75.5799391,supermarket,,,,,,Carrera 42A,,,,,,tienda_viveres
node,4636437689,El Submarino,6.330429,-75.5676583,alcohol,,,,,,Carrera 59F,,,,,,tienda_viveres
node,4640566490,Hogar mi querido viejo #2,6.2572216,-75.6026541,,,,clinic,,,,,,,elderly nursing home,,salud_bienestar
node,4640566692,Modisteria satreria y arreglos,6.2569948,-75.6027654,clothes,,,,,,,,,,,,ropa_calzado
node,4640573690,Frutas y verduras el rebajon,6.2564222,-75.6033317,greengrocer,,,,,,,,,,,,tienda_viveres
node,4640582690,Tienda,6.2602176,-75.604697,beverages,,,,,,,,,,,,tienda_viveres
node,4640583589,La Gioconda. Galeria y Marqueteria,6.2562191,-75.6015145,furniture,,,,,,,,,,,,
node,4640598489,Ferretería la 87,6.2597376,-75.6046006,hardware,,,,,,,,,,,,construccion
node,4640978589,Comidas Rapidas Diome,6.3118441,-75.5699149,,,fast_food,,,,,,,,,,comidas
node,4642377110,Helados hugos,6.269308,-75.5575428,,,restaurant,,,,,,,,,,comidas
node,4648783491,Comidas rapidas,6.2981836,-75.583368,,,fast_food,,,,,,,,,,comidas
node,4658258089,Mini mercado Mabe,6.2812977,-75.6065502,supermarket,,,,,,Calle 64,,Mo-Su 06:30-21:30,,,,tienda_viveres
node,4665525292,Unidad intermedia de Santa Cruz 🏥,6.2930972,-75.5604182,,,doctors,,,,,,,,,,salud_bienestar
node,4670271021,Tattoo Studio,6.1531054,-75.613035,beauty,,,,,,,,,,,,belleza_peluqueria
node,4683253491,Creador - Café,6.2076385,-75.5676408,,,cafe,,,,Carrera 37 A,8-43,Mo-Sa 06:30-21:30; Su 08:00-20:00,coffee_shop,,http://www.creador.cafe,comidas
node,4691514792,El Carretero,6.4382392,-75.3338259,,,restaurant,,,,,,,,,,comidas
node,4691516790,El Muelle,6.4369705,-75.3318804,,,restaurant,,,,,,,,,,comidas
node,4691520989,Pasteur,6.437159,-75.3318231,,,pharmacy,,,,,,,,,,salud_bienestar
node,4696009589,Santa Lucía,6.2090967,-75.5759552,optician,,,,,,,,,,,,salud_bienestar
node,4697614395,Tienda D1,6.4359577,-75.3318002,department_store,,,,,,,,,,,,
node,4698260089,OFEX,6.2381215,-75.6007042,,,clinic,clinic,,,Carrera 80 A,32EE 72,,,,,salud_bienestar
node,4698266191,Duque Sistemas - Tienda Virtual,6.1474326,-75.6188755,computer,,,,,,Carrera 45,75B Sur 124,Mo-Sa 09:00-20:00,,,http://www.duquesistemas.wix.com/tiendavirtual,tecnologia_celulares
node,4698722891,Clínica Emmsa,6.3389999,-75.542059,,,clinic,clinic,,,,,,,,,salud_bienestar
node,4698743793,AKT,6.3330643,-75.5541308,bicycle,,,,,,"Autopista Norte, Calle 46",,Mo-Su 08:00-16:00,,,,
node,4700114089,Mundo sonrisas,6.1729192,-75.6090223,,,dentist,,,,,,,,,,salud_bienestar
node,4707198991,Parqueadero y Lavadero Secretaría de Tránsito,6.1476781,-75.6191805,,,car_wash,,,,Carrera 45,,,,,,mecanica_motos
node,4710972290,Delpavy,6.2981734,-75.583403,,,fast_food,,,,Calle 97C,,,,,,comidas
node,4714362490,El Fogón,6.438025,-75.3307854,,,restaurant,,,,,,,,,,comidas
node,4715237389,Lo Exquisito del Mar,6.2573477,-75.5849502,,,restaurant,,,,Calle 49B,68-46,,seafood,,,comidas
node,4726365391,MATI,6.2140458,-75.576774,,,restaurant,,,,Carrera 48,,Mo-Sa 09:00-19:00,,,,comidas
node,4726432289,Centeno Vegetariano Restaurante,6.2068112,-75.5662524,,,restaurant,,,,Carrera 36,,Mo-Sa 09:00-21:00; Su 10:00-16:00,,,,comidas
node,4728669989,Los Asados,6.2444237,-75.5767099,,,restaurant,,,,,,,,,,comidas
node,4729922610,Ganso & Castor,6.2234615,-75.5737045,,,cafe,,,,,,,coffee_shop,,,comidas
node,4738918221,Drogas Cálidad,6.252002,-75.5649196,,,pharmacy,,,,Calle 54;Caracas,,,,,,salud_bienestar
node,4740267424,Café velvet,6.2080139,-75.5669822,,,cafe,,,,Carrera 37 N8a - 46 Medellin,,,,,,comidas
node,4740762742,Placebo Coffee Bar,6.2273486,-75.4910345,coffee,,,,,,,,,,,,
node,4740762743,Tienda Mixte Dora,6.250645,-75.5000439,convenience,,,,,,,,,,,,tienda_viveres
node,4740763023,Soul,6.2276647,-75.4911919,,,restaurant,,,,,,,,,,comidas
node,4742463327,Heladería tangomanos,6.2692613,-75.5546994,beverages,,,,,,Carrera 45,76-16,Mo-Fr 09:00-23:00; Sa-Su 13:00-02:00,,,,tienda_viveres
node,4744078324,Arrechócolas,6.2489982,-75.5888917,,,fast_food,,,,,,,local,,,comidas
node,4749995223,Le Panetier,6.2455526,-75.5937404,bakery,,,,,,,39B-141,,,,,panaderia
node,4749995225,Cultura Naturalia,6.2458748,-75.5896631,,,cafe,,,,,,,,,,comidas
node,4755651723,Vegetable shop,6.2478631,-75.5846251,supermarket,,,,,,,,,,,,tienda_viveres
node,4756575821,Vegetable shop,6.2477998,-75.5868052,department_store,,,,,,,,,,,,
node,4757205410,HOSPITAL,6.165313,-75.621337,,,hospital,,,,,,,,,,salud_bienestar
node,4757205411,HOSPITAL,6.171281,-75.613242,,,hospital,,,,,,,,,,salud_bienestar
node,4757205412,Hospital San Rafael,6.375113,-75.449558,,,hospital,hospital,,,Carrera 16 #11-1,,,,,http://hospitalgirardota.com/,salud_bienestar
node,4758905721,Nativos bebidas saludables,6.2709285,-75.5915243,beverages,,,,,,Carrera 76,61-58,Mo-Su 10:00-21:00,,,,tienda_viveres
node,4760129621,BFit,6.2196622,-75.5665897,,,,,fitness_centre,,,,,,,,salud_bienestar
node,4768561321,Vinke Barbershop,6.2146581,-75.5730419,hairdresser,,,,,,,,,,,,belleza_peluqueria
node,4769777221,Parmessano,6.2234414,-75.5748589,,,restaurant,,,,Carrera 48,19A-70,"Mo-Fr 08:00-11:00,12:00-18:30; Sa 08:00-11:30; PH,Su closed",,,,comidas
node,4770212722,Merka 10,6.2094802,-75.5676863,convenience,,,,,,Calle 10,38-41,,,,,tienda_viveres
node,4771875721,Don Percho Burgers,6.2109807,-75.5698322,,,cafe,,,,Carrera 43,10-53,,burger,,,comidas
node,4773023222,Panadería belen,6.2320381,-75.5973584,bakery,,,,,,,,,,,,panaderia
node,4773067859,Panadería Giraldo,6.2258248,-75.5861276,bakery,,,,,,Calle 25,,,,,,panaderia
node,4773105627,Restaurante la 89,6.2333305,-75.6130317,,,restaurant,,,,,,,,,,comidas
node,4773165625,Merkados Rico mania,6.2293451,-75.6083967,supermarket,,,,,,,,,,,,tienda_viveres
node,4773165664,Panadería y reposteria brosty,6.2309077,-75.6055785,bakery,,,,,,cra 83 # 29A - 106,,,,,,panaderia
node,4773167466,Autoservicio salome,6.2309042,-75.6050186,supermarket,,,,,,,,,,,,tienda_viveres
node,4773223032,Abarrotes Caramanta,6.2258692,-75.6023039,supermarket,,,,,,,,,,,,tienda_viveres
node,4773227429,Supermercados isabela,6.224812,-75.6059506,supermarket,,,,,,,,,,,,tienda_viveres
node,4773275222,Panatteria jose y maria,6.2326473,-75.5913991,bakery,,,,,,,,,,,,panaderia
node,4773284321,Panadería rosales,6.2323925,-75.5908523,bakery,,,,,,,,,,,,panaderia
node,4773284421,Restaurante Las delicias de Caty,6.2324023,-75.5909907,,,restaurant,,,,,,,,,,comidas
node,4773449524,German Street Food,6.210256,-75.571443,,,cafe,,,,Carrera 43 B,9-07,,burger;german;chicken,,,comidas
node,4773800848,Panadería,6.2488354,-75.6022142,,,cafe,,,,,,24/7,panadería,,,comidas
node,4775097662,Buñuelos,6.2089965,-75.5665887,,,cafe,,,,Calle 10,36-47,Mo-Su 06:00-20:00,local,,,comidas
node,4785209023,Nandos Pizza,6.312058,-75.5697892,,,fast_food,,,,,,,,,,comidas
node,4786413249,Sinergia Salud,6.2376649,-75.5869094,,,,centre,,,,,Mo-Fr 06:00-19:00,,,,salud_bienestar
node,4788809847,AMA Veterinaria,6.2721552,-75.558162,,,veterinary,,,,,,,,,,mascotas
node,4794219623,MANDINGAS,6.2633761,-75.548741,,,fast_food,,,,,,,,,,comidas
node,4799923221,Café Revolución,6.2459279,-75.5922708,,,cafe,,,,Carrera 73,4-10,Mo-Sa 07:00-19:00; Su 07:00-18:00,,,https://caferevolucion.co/,comidas
node,4802786121,Marcela don Leo,6.2965807,-75.541204,supermarket,,,,,,,,,,,,tienda_viveres
node,4802799921,J9 distribuciónes,6.2471442,-75.564831,electronics,,,,,,,,,,,,tecnologia_celulares
node,4803861725,D1 San Ignacio,6.2464417,-75.5635626,supermarket,,,,,,Calle 49;Ayacucho,,Mo-Sa 08:00-21:00; Su 09:00-18:00,,,,tienda_viveres
node,4803881522,D1 Buenos Aires,6.2410397,-75.5530587,supermarket,,,,,,Calle 49,,Mo-Sa 08:00-21:00; Su 09:00-18:00,,,,tienda_viveres
node,4803894721,D1 Buenos aires,6.2425728,-75.5565615,supermarket,,,,,,Carrera 35,,Mo-Sa 08:00-21:00; Su 09:00-18:00,,,,tienda_viveres
node,4804334422,Tortas y tortas fábrica 🏭,6.1989482,-75.5890655,bakery,,,,,,,,,,,,panaderia
node,4805856921,Jugos y pasteles YEGAPE,6.2542017,-75.574275,beverages,,,,,,,,,,,,tienda_viveres
node,4806086556,Los Coches,6.2306759,-75.5697107,car_repair,,,,,,Carrera 43 A,30-74,Mo-Fr 07:30-18:00; Sa 08:00-13:00,,"Chrysler, Jeep, Dodge, Ram",https://loscoches.com/,mecanica_motos
node,4806257521,Promedan S. O. S,6.2505085,-75.5607899,,,doctors,,,,,,,,,,salud_bienestar
node,4810650223,Tiendas médicas,6.245601,-75.5651497,,,doctors,,,,,,,,,,salud_bienestar
node,4814835221,D1 Hospital,6.2632142,-75.5631428,supermarket,,,,,,Carrera 50D,,Mo-Sa 08:00-21:00; Su 09:00-18:00,,,,tienda_viveres
node,4819071121,Agro metrocable,6.2937313,-75.5417104,pet,,,,,,,,,,,,mascotas
node,4823249922,Lenteja express,6.2084961,-75.5656557,,,restaurant,,,,,,,spanish;local;caribbean,,,comidas
node,4826294522,Variedades Angel,6.3023805,-75.572878,department_store,,,,,,Calle 104A,74-54,,,,http://www.martmarq.com,
node,4827407867,Clínica Veterinaria,6.2111091,-75.576217,,,veterinary,,,,,,24/7,,,,mascotas
node,4829207021,Otro Cuento,6.2490256,-75.562031,,,restaurant,,,,Calle 53,43-4,"Mo-Su 11:00-22:00,00:00-12:00",,,,comidas
node,4833131623,Cafe Cliche,6.2484904,-75.5952231,,,cafe,,,,,,,burger;deli;french;coffee_shop;tapas,,,comidas
node,4837593022,Habana,6.2104386,-75.5699561,,,fast_food,,,,,,,,,,comidas
node,4837593023,El Taxista,6.2110633,-75.5710238,,,restaurant,,,,,,,,,,comidas
node,4837593024,Ciao Pizza & Mexico Comida,6.2114479,-75.5709917,,,restaurant,,,,,,,mexican;pizza,,,comidas
node,4837593121,La Casa de Beto,6.210116,-75.5697225,,,restaurant,,,,,,,,,,comidas
node,4837593122,Jugosos Mix,6.2112312,-75.5710594,,,cafe,,,,,,,,,,comidas
node,4839230422,Arepa esquina,6.2479489,-75.6092736,,,fast_food,,,,,,Mo-Su 17:00-00:00,,,,comidas
node,4839292323,Mi Pueblo,6.2500055,-75.5696012,,,restaurant,,,,,,,,,,comidas
node,4839295723,Hacienda Orígen,6.2507565,-75.5657628,,,restaurant,,,,,,,local,,https://www.haciendaorigen.com/,comidas
node,4839295724,Mi Pueblo,6.2512332,-75.5657845,,,restaurant,,,,,,Mo-Su 08:00-20:00+,,,,comidas
node,4840446122,El Machetico,6.2109955,-75.5717127,,,fast_food,,,,,,,,,,comidas
node,4842270822,Subway,6.2795016,-75.5710166,,,fast_food,,,,,,,sandwich,,,comidas
node,4842271523,Dunkin' Donuts,6.2797016,-75.5709759,,,fast_food,,,,,,,donut;coffee_shop,,,comidas
node,4850321013,Parador Rancho Alegre,6.34737,-75.706594,,,restaurant,,,,,,,,,,comidas
node,4850321014,La Mona,6.3449002,-75.7034867,,,restaurant,,,,,,,,,,comidas
node,4850321015,Parador Aldea,6.3420705,-75.7003538,,,restaurant,,,,,,,,,,comidas
node,4850321016,Estadero Fonda El Arriero,6.3286973,-75.6908602,,,restaurant,,,,,,,,,,comidas
node,4850321017,Estadero El Moino,6.3354059,-75.6933519,,,restaurant,,,,,,,,,,comidas
node,4855589422,Legumbreria Betto,6.2343911,-75.59109,greengrocer,,,,,,Carrera 70,32C-05,,,,,tienda_viveres
node,4860686123,La Reina,6.1355038,-75.6343761,,,restaurant,,,,,,,,,,comidas
node,4860813023,Tienda Mixta Manila,6.2133895,-75.573095,convenience,,,,,,Calle 11A,43-17,,,,,tienda_viveres
node,4860813024,Quedate Aquí,6.2134936,-75.5730814,clothes,,,,,,Calle 11A,43-16,"Mo-Sa 10:00-10:00, 19:00-19:00",,,,ropa_calzado
node,4860813025,Bereket,6.2097586,-75.5704054,clothes,,,,,,Calle 9,,,,,,ropa_calzado
node,4860813026,El Taconazo,6.2096964,-75.5702433,,,fast_food,,,,Calle 9,,,,,,comidas
node,4860813027,Otus,6.2085394,-75.5669493,clothes,,,,,,Carrera 37,8A 81,,,,,ropa_calzado
node,4860813028,Primavera,6.2085382,-75.5668317,clothes,,,,,,Carrera 37,,,,,,ropa_calzado
node,4860817121,Wanitta,6.2078964,-75.5671052,clothes,,,,,,Carrera 37,,,,,https://www.wanitta.com/,ropa_calzado
node,4868045423,Mondongo's,6.2463377,-75.5893585,,,restaurant,,,,Carrera 70,Circular 3-39,,regional,,https://mondongos.com.co,comidas
node,4886476821,Katerine,6.3464927,-75.5691826,,,cafe,,,,,,,,,,comidas
node,4895368821,Pizzería Olivia,6.2137401,-75.5728549,,,restaurant,,,,,,,,,,comidas
node,4899714221,Western Wings,6.2134113,-75.5728502,,,restaurant,,,,,,,american;burger,,,comidas
node,4904963321,Boricua,6.2384661,-75.603345,,,restaurant,,,,,,,,,,comidas
node,4904963322,Barrio burguer,6.1662392,-75.5920549,,,fast_food,,,,,,,,,,comidas
node,4925409722,Expendio BIMBO SANJOSE,6.2509146,-75.5648678,bakery,,,,,,,,,,,,panaderia
node,4925422121,Expendio Bimbo sanjose,6.2473008,-75.5647122,bakery,,,,,,,,,,,,panaderia
node,4932696722,Pits Moto Wash,6.2106708,-75.5689347,,,car_wash,,,,Carrera 41A,10-42,Mo-Fr 08:30-18:00; Sa 08:30-14:00,,,,mecanica_motos
node,4935374424,Del agua Pescados y Mariscos,6.3330734,-75.5571119,,,restaurant,,,,,,,,,,comidas
node,4941358921,Palo Santo,6.2493776,-75.5975019,,,restaurant,,,,,,,,,,comidas
node,4949991121,Panaderia 20 de Julio,6.2516252,-75.6219194,bakery,,,,,,,,,,,,panaderia
node,4950117326,Jhohans,6.2476764,-75.5978535,,,restaurant,,,,,,,,,,comidas
node,4950119023,Merica Hogar,6.2530492,-75.6088691,supermarket,,,,,,,,,,,,tienda_viveres
node,4950119028,Homer's,6.239574,-75.5904418,,,fast_food,,,,,,,,,,comidas
node,4950119029,Clínica Laser De Piel,6.2406067,-75.587777,,,clinic,,,,,,,,,,salud_bienestar
node,4950119030,Louis Barton,6.2407351,-75.5878733,clothes,,,,,,,,,,,,ropa_calzado
node,4951647242,Madre Laura,6.2456521,-75.6174567,,,restaurant,,,,,,,,,,comidas
node,4951675822,Supermercado La Vaquita,6.2610449,-75.5973826,supermarket,,,,,,,,,,,,tienda_viveres
node,4951675824,Droguería Botica Junín,6.2616812,-75.5972289,,,pharmacy,,,,,,,,,,salud_bienestar
node,4951675826,San Miguel,6.2620294,-75.5971407,furniture,,,,,,,,,,,,
node,4951675827,Soft Touch Heladería,6.2625963,-75.5970367,,,fast_food,,,,,,,ice_cream,,,comidas
node,4951675833,D1,6.2642098,-75.596644,supermarket,,,,,,,,,,,,tienda_viveres
node,4951843722,Stop Jeans Outlet,6.2404399,-75.5876062,clothes,,,,,,,,,,,,ropa_calzado
node,4951843725,Los Perritos,6.2100332,-75.5688003,,,fast_food,,,,,,,burger;hot_dog,,,comidas
node,4951843727,La Jugosa,6.210029,-75.5690896,,,restaurant,,,,,,,,,,comidas
node,4951843728,Kitkof,6.2101785,-75.5687537,,,fast_food,,,,,,,burger,,,comidas
node,4951843732,Texas's beef,6.2119995,-75.5747158,,,fast_food,,,,,,,,,,comidas
node,4951843733,Frisby,6.2121491,-75.5748696,,,fast_food,,,,,,,chicken,,,comidas
node,4951843739,Punto G,6.2422899,-75.5929387,,,restaurant,,,,,,,,,,comidas
node,4951843741,Pikare Restaurant,6.2503593,-75.6013183,,,restaurant,,,,Calle 44,80-55,,local,,,comidas
node,4951843742,La 84,6.2535727,-75.6030882,supermarket,,,,,,,,,,,,tienda_viveres
node,4951843743,Drogueria,6.2566145,-75.6031542,,,pharmacy,,,,Carrera 87,,,,,,salud_bienestar
node,4951843747,Sushi World,6.2470802,-75.5972394,,,restaurant,,,,,,,,,,comidas
node,4951843748,Drogueria Alemana,6.247158,-75.5983699,,,pharmacy,,,,Transversal 39,,,,,,salud_bienestar
node,4951844621,Enjoy - Yoghurt Helado,6.240823,-75.5878118,,,cafe,,,,,,,,,,comidas
node,4951844624,Dunkin',6.210817,-75.5706484,,,fast_food,,,,Calle 10,,,donut;coffee_shop,,,comidas
node,4951844627,Drogas La Economia,6.2108175,-75.5708252,,,pharmacy,pharmacy,,,Calle 10,,,,,,salud_bienestar
node,4951844628,Mr Choripan,6.2102071,-75.5685602,,,cafe,,,,,,,,,,comidas
node,4951844630,Sicilia in Bocca,6.2098892,-75.5688269,,,restaurant,,,,,,,pizza,,,comidas
node,4951844635,Mastello,6.2104574,-75.5676332,,,restaurant,,,,Calle 10A,,,italian;italian_pizza,,,comidas
node,4951844643,Chipas,6.2112479,-75.5724475,,,fast_food,,,,,,,,,,comidas
node,4951844644,Smart fit,6.2127978,-75.5748072,,,,,fitness_centre,,Calle 10,#43e-60,,,,,salud_bienestar
node,4951844646,El Taconazo,6.2121816,-75.5746362,,,fast_food,,,,,,,mexican,,,comidas
node,4951844649,Miniso,6.2442147,-75.5946723,variety_store,,,,,,,,,,,,papeleria
node,4951844651,D1 Farma,6.2537776,-75.6032045,,,pharmacy,,,,,,,,,,salud_bienestar
node,4951844652,Pikantos,6.2538833,-75.6028059,,,restaurant,,,,,,,,,,comidas
node,4951844659,Lucas burger,6.257465,-75.6036261,,,restaurant,,,,,,,,,,comidas
node,4951844676,Pizza world,6.2410507,-75.5876186,,,fast_food,,,,,,,pizza,,,comidas
node,4951844679,Oxxo,6.2437379,-75.5937852,convenience,,,,,,,,24/7,,,,tienda_viveres
node,4951844681,Gym Shop,6.2460952,-75.5959851,sports,,,,,,,,,,,,
node,4951844686,Pizza Americana,6.248642,-75.6037303,,,fast_food,,,,,,,,,,comidas
node,4951844722,Pasteur,6.209374,-75.567551,,,pharmacy,pharmacy,,,,,,,,,salud_bienestar
node,4951844729,Presto,6.2121768,-75.5747776,,,fast_food,,,,,,,burger,,,comidas
node,4951844736,Adrissa,6.2456722,-75.5955937,clothes,,,,,,,,,,,,ropa_calzado
node,4951845521,Miceviche,6.2106764,-75.5685551,,,restaurant,,,,,,,,,,comidas
node,4951845522,Mi Pico e' Gallo,6.2103042,-75.5686925,,,restaurant,,,,,,,mexican,,,comidas
node,4951845524,Empanada Express,6.2108397,-75.570886,,,fast_food,,,,,,,,,,comidas
node,4951845526,Tortas y Tortas,6.2795481,-75.5712763,,,cafe,,,,,,,cake,,,comidas
node,4951845528,Posdata,6.242404,-75.5930383,,,restaurant,,,,,,,,,,comidas
node,4951845530,Pollos Mario La América,6.2503687,-75.6015009,,,restaurant,,,,Calle 44,80-191,,chicken,,,comidas
node,4951845721,Subway,6.240988,-75.5876811,,,fast_food,,,,,,,sandwich,,,comidas
node,4953874968,El Almendro,6.257689,-75.5803281,,,restaurant,,,,Transversal 53,,,,,,comidas
node,4955399021,Olé olé,6.2080805,-75.5671418,,,restaurant,,,,,,,spanish;diner,,,comidas
node,4956120322,San Esteban IPS,6.2782437,-75.6361794,,,hospital,,,,Carrera 131,62-28,,,,,salud_bienestar
node,4956126074,El Ranchito Parrilla,6.2791192,-75.6313277,,,restaurant,,,,Calle 63,126-53,Mo-Su 09:00-22:00,regional,,,comidas
node,4957295818,El Corral,6.208365,-75.5642907,,,fast_food,,,,,,,burger,,,comidas
node,4958678421,Librería antiquarian,6.2457043,-75.565124,books,,,,,,Carrera 44,47-59,Mo-Sa 09:00-21:00,,,,papeleria
node,4958770421,El golazo,6.2568701,-75.5842499,books,,,,,,,,,,,,papeleria
node,4960255523,Sushi House,6.2427188,-75.601409,,,restaurant,,,,,,,sushi,,,comidas
node,4962344922,Fuver de la montaña,6.4371012,-75.3320792,greengrocer,,,,,,,,,,,,tienda_viveres
node,4962363121,Castisan,6.4374786,-75.3323033,bakery,,,,,,,,,,,,panaderia
node,4962992423,Lucia,6.2088327,-75.5670567,,,restaurant,,,,,,,,,,comidas
node,4963002321,Patria mia,6.2085396,-75.5673246,,,restaurant,,,,,,,,,,comidas
node,4964026921,Ammazza,6.2063462,-75.5647101,,,restaurant,,,,,,,italian_pizza,,,comidas
node,4964920922,Buenavida,6.2062475,-75.564665,,,cafe,,,,,,,,,,comidas
node,4964927026,Jugos y cervezas,6.2480745,-75.6219767,,,cafe,,,,,,,,,,comidas
node,4965936452,Uno mas uno,6.246322,-75.590452,,,cafe,,,,Circular 4,71-03,Mo-Th 09:30-20:30; Fr-Sa 09:30-21:00,international,,,comidas
node,4968541722,Minimercado Mile,6.2405899,-75.5504763,supermarket,,,,,,,,,,,,tienda_viveres
node,4968541723,Frutas,6.2348313,-75.5432572,greengrocer,,,,,,,,,,,,tienda_viveres
node,4969112421,D1,6.2215407,-75.5802657,supermarket,,,,,,,,,,,,tienda_viveres
node,4971136321,makeno,6.2098106,-75.566372,clothes,,,,,,Carrera 37,10-35,,,,,ropa_calzado
node,4971201522,Alambique,6.2108674,-75.5709257,,,restaurant,,,,Carrera 41,106,,,,,comidas
node,4971201523,Crepes & Waffles,6.2239589,-75.5742571,,,restaurant,,,,Carrera 44,19a-100,,crepe;ice_cream,,,comidas
node,4971211721,Bonhomia,6.2078172,-75.5672059,,,restaurant,,,,Carrera 37,853,,,,,comidas
node,4971211722,La Cantine,6.206009,-75.5641709,,,restaurant,,,,Carrera 33,711,,,,,comidas
node,4971213321,Urbania Café,6.2097783,-75.5728254,,,cafe,,,,Calle 8,43B-132,,,,,comidas
node,4971231521,Casa del Arbol Colectivo,6.2165663,-75.5708472,shoes,,,,,,Carrera 43B,15-56,,,,,ropa_calzado
node,4977668021,Arte Dolce,6.2073896,-75.5648404,confectionery,,,,,,,,,,,,panaderia
node,4988943321,Esquema Creativo,6.2505236,-75.6150606,gift,,,,,,Calle 37,94 A 15,Su-Fr 08:00-17:00,,,http://www.esquema-creativo.com,papeleria
node,4992796533,Canela,6.2100343,-75.4984754,,,restaurant,,,,,,,,,,comidas
node,4998573421,Artículos médicos medellin,6.2741492,-75.5616585,outdoor,,,,,,,,,,,,
node,4998656321,Laundry Café,6.2397607,-75.5905549,laundry,,,,,,Transversal 39B,70-57,Mo-Sa 09:00-20:00; Su 10:00-16:00,,,https://www.laundrycafe.co/,
node,4998686221,Parque Gimnasio,6.2555159,-75.5925069,outdoor,,,,,,,,,,,,
node,4998686521,asados el rincón llanero,6.2643063,-75.5627626,,,restaurant,,,,,,,,,,comidas
node,4998695622,Nino's pizza cafe,6.2580257,-75.5980725,,,restaurant,,,,,,,,,,comidas
node,5004020721,Dominos pizza,6.1814692,-75.5822827,,,fast_food,,,,,,,,,,comidas
node,5016776723,Hospital Santa Margarita,6.3497187,-75.5048852,,,hospital,hospital,,,,,,,,,salud_bienestar
node,5026387566,EXITO,6.2091396,-75.570779,convenience,,,,,,,,,,,,tienda_viveres
node,5029868321,Rosales Suescun,6.2352105,-75.5915636,,,veterinary,,,,,,,,,,mascotas
node,5029868421,Centro veterinario rosales,6.2371549,-75.5916204,,,veterinary,,,,,,,,,,mascotas
node,5029868521,Finca hotel perronalidad,6.1464129,-75.566754,,,animal_boarding,,,,,,,,,,mascotas
node,5030869722,IPS Promedan Itagui,6.1696703,-75.61248,,,doctors,,,,Carrera 49,45-35,Mo-Fr 06:00-19:00; Sa 06:00-17:00,,,http://www.promedanips.com/red-integrada-de-ipss/itagui/,salud_bienestar
node,5036895389,Stinky's Laundry,6.2139157,-75.5724715,laundry,,,,,,43D #104,Calle 12,24/7,,Full service wash and fold laundry. Only 5.900/COP KILO (3+ kilos).,,
node,5037845321,Rapidas & Quesudas,6.256652,-75.5540186,,,fast_food,,,,,,,,,,comidas
node,5039340722,Restaurante y cafetería Palass,6.2725498,-75.5728427,,,restaurant,,,,Calle 74,64B-16,,,,,comidas
node,5041861632,Praco Didacol,6.1797849,-75.5887357,car,,,,,,,,,,,,mecanica_motos
node,5042125321,Mattelsa Poblado,6.2170576,-75.573977,clothes,,,,,,Calle 16,45 - 78,Mo-Sa 10:00-19:00,,,https://www.mattelsa.net/,ropa_calzado
node,5042125323,Mattelsa Estadio,6.2595781,-75.59426,clothes,,,,,,Carrera 77B,48-132,Mo-Sa 10:00-19:00,,,https://www.mattelsa.net/,ropa_calzado
node,5042141523,Mattelsa Bello,6.3367655,-75.5507582,clothes,,,,,,Dg 51A,43-53,Mo-Sa 10:00-19:00,,,https://www.mattelsa.net/,ropa_calzado
node,5042853121,Mattelsa Envigado,6.1680106,-75.5903792,clothes,,,,,,Calle 40 Sur # 43A 27,,Mo-Sa 10:00-19:00,,,https://www.mattelsa.net/,ropa_calzado
node,5043742221,Cafetaria Arte Dolce,6.2075571,-75.5650872,,,ice_cream,,,,Carrera 33,7-67,,,,https://artedolce.com.co/,comidas
node,5043745221,Oci,6.2046964,-75.5632211,,,restaurant,,,,Carrera 33,721,,,,https://www.ocimde.com/,comidas
node,5043799630,"Restaurante La Matriarca, Medellín",6.2096762,-75.5723762,,,restaurant,,,,Calle 8,43B-62,,regional;brunch,,https://lamatriarca.com/,comidas
node,5045070324,Camilo Lopera,6.1453316,-75.5707459,travel_agency,,,,,,,,,,,,
node,5045070325,Las Negras Repostería,6.1582617,-75.6435843,pastry,,,,,,,,"Mo-Sa 08:30-19:30; Su,PH 08:30-18:30",,,,panaderia
node,5051940925,Paraíso,6.2479456,-75.589611,,,restaurant,,,,,,,,,,comidas
node,5054180405,Droguería Alemana,6.2328807,-75.5967012,,,pharmacy,pharmacy,,,,,,,,,salud_bienestar
node,5059143023,Tallara Fusion Perú,6.2507689,-75.5967781,,,restaurant,,,,,,,,,,comidas
node,5059151822,Café Ondas,6.2563991,-75.5992078,,,cafe,,,,,,,,,,comidas
node,5071600022,Munchies,6.209445,-75.5696514,,,fast_food,,,,,,,,,,comidas
node,5090949222,Doña margot,6.2938042,-75.5419617,,,fast_food,,,,,,,,,,comidas
node,5090959524,Feligen centro veterinario,6.2830857,-75.5816735,,,veterinary,,,,,,,,,,mascotas
node,5099674521,Semilla Café,6.2456066,-75.5928517,,,cafe,,,,,,Mo-Fr 08:00-20:30; Sa 08:00-20:30; PH 11:00-18:30,coffee_shop;brunch,,https://www.semilla.com.co,comidas
node,5100929835,clubpaen,6.1691078,-75.5956019,sports,,,,,,,,,,,,
node,5101182875,Centro Comercial La Mota,6.2149071,-75.5973603,mall,,,,,,,,,,,,
node,5101600223,Del Agua Pescados & Mariscos,6.3330558,-75.557116,,,restaurant,,,,Carrera 49,47-07,,,,,comidas
node,5101600224,Casero,6.2725346,-75.5727424,,,restaurant,,,,Calle 74,64B-28,Mo-Sa 07:00-17:00,breakfast;chicken;fish;friture;local;pasta;regional,,,comidas
node,5103534621,Carmen,6.2099102,-75.5657565,,,restaurant,,,,,,,,,,comidas
node,5103728722,"Trópicos, el café de Abril",6.2674581,-75.5661295,,,cafe,,,,,,Mo-Fr 08:00-18:00; Sa 08:00-13:00,,,,comidas
node,5106105421,Granero la fe,6.3101596,-75.5626283,supermarket,,,,,,,,,,,,tienda_viveres
node,5106113421,Droguería buena salud,6.3101032,-75.5625768,beauty,,,,,,,,,,,,belleza_peluqueria
node,5111478240,Heladeria Tutos,6.2685772,-75.5568277,,,fast_food,,,,,,,,,,comidas
node,5123900244,Fruver Campo Verde,6.2483676,-75.5937446,greengrocer,,,,,,Carrera 74,42-01,,,,,tienda_viveres
node,5123900830,Balconcito,6.2463809,-75.5909846,,,cafe,,,,,,,,,,comidas
node,5145336001,Kia Motors,6.2146419,-75.5807327,car,,,,,,,,,,,,mecanica_motos
node,5145336003,Yokomotor,6.2148898,-75.5811927,car_repair,,,,,,,,,,,,mecanica_motos
node,5147855123,Tiendas D1 de todos.,6.2593086,-75.603945,supermarket,,,,,,,,,,,,tienda_viveres
node,5152054721,Victoria Regía,6.2107472,-75.570778,,,restaurant,,,,Calle 10,,,,,,comidas
node,5153340321,La chaqueteria,6.2445816,-75.5990068,department_store,,,,,,,,,,,,
node,5165030921,Nuquí,6.2105756,-75.5694343,,,restaurant,,,,,,,fish_and_chips;fish;seafood,,,comidas
node,5168251221,Itaca,6.2498593,-75.5605815,,,restaurant,,,,,,,,,,comidas
node,5168260921,Sabor Pacifico,6.2620856,-75.5950685,,,restaurant,,,,,,,,,,comidas
node,5168319221,compumaticmayu,6.1928858,-75.5899751,computer,,,,,,,,,,,https://www.woohands.com/en/provider-profile/compumaticmayu,tecnologia_celulares
node,5174101121,Colmédicos Ed. Furatena,6.2488152,-75.5656483,,,doctors,,,,,,,,,,salud_bienestar
node,5186466071,La Luciola,6.2617477,-75.5969414,,,restaurant,,,,Carrera 80,49-86,,,,https://twitter.com/luciolarest,comidas
node,5187562421,Chela,6.2955287,-75.5399619,supermarket,,,,,,,,,,,,tienda_viveres
node,5187630022,La Chagra,6.206895,-75.5644427,,,restaurant,,,,Carrera 33,,,caribbean;brazilian,,,comidas
node,5189038068,Starbucks,6.1992055,-75.5750654,,,cafe,,,,,,,coffee_shop,,,comidas
node,5189038069,Starbucks,6.2072914,-75.5718095,,,cafe,,,,,,,coffee_shop,,,comidas
node,5191804621,Cabina Literaria,6.2438718,-75.596894,,,cafe,,,,Carrera 76,74-04,Mo-Sa 10:00-20:00,coffee_shop;sandwich,,,comidas
node,5205341602,Sushi Love,6.2616299,-75.5971362,,,restaurant,,,,Avenida 80,,Mo-Su 12:00-22:00,,,,comidas
node,5207022855,Club de Ajedrez Los Peones,6.2515553,-75.565311,,,cafe,,,,,,,,"Club de ajedrez, el más conocido de Medellín",,comidas
node,5226823421,La Miguería,6.2599976,-75.5933467,bakery,,,,,,,,,,,,panaderia
node,5227038824,Cafetería y Salsamentaria H&G,6.2252939,-75.5987665,,,cafe,,,,Calle 20 A,78-04,,,,,comidas
node,5227038825,Droguería Belén No. 3,6.225219,-75.5985927,,,pharmacy,pharmacy,,,,,,,,,salud_bienestar
node,5227038826,Como en casa,6.2254052,-75.5990498,,,cafe,,,,Calle 20A,78-34,,diner;breakfast;coffee_shop,,,comidas
node,5227054422,Melón & Pimentón,6.2252528,-75.5986869,,,restaurant,,,,,,,,,,comidas
node,5227054423,Salsamentaria Frío y Caliente,6.225354,-75.5989068,beverages,,,,,,Calle 20 A,78-16,,,,,tienda_viveres
node,5227063721,Tavonay,6.2253462,-75.5988835,,,cafe,,,,Calle 20 A,78-14,,steak_house;sausage;coffee_shop,,,comidas
node,5249729664,Gimnasio CPS La cruz,6.2696453,-75.5365453,,,,,fitness_centre,,,,,,Acutalmente inactivo por reparación,,salud_bienestar
node,5249805947,Papelería y Variedades el Templo,6.2695173,-75.5372373,stationery,,,,,,Calle 77,,,,Allí se pueden sacar fotocopias,,papeleria
node,5249818267,Asadero de pollos La cruz,6.2701446,-75.5361914,,,cafe,,,,Carrera 24,,,regional,,,comidas
node,5249826521,Venta de Combustible,6.271507,-75.5373555,gas,,,,,,Carrera 24,,,,Parqueadero de camiones donde tambien venden gasolina,,
node,5249839582,Punto de Salud,6.2702686,-75.5363906,,,pharmacy,pharmacy,,,Carrera 24,,,,,,salud_bienestar
node,5249839647,Farmacia Central,6.2715977,-75.5376808,,,pharmacy,pharmacy,,,Carrera 24,,,,,,salud_bienestar
node,5249851907,Doña Rosa,6.269694,-75.5384096,supermarket,,,,,,Calle 77,,,,,,tienda_viveres
node,5249851909,Inder,6.269504,-75.5384646,,,,,fitness_centre,,Carrera 24b,,,,,,salud_bienestar
node,5250437924,Tiendita,6.2699855,-75.5361711,supermarket,,,,,,Carrera 24,,,,,,tienda_viveres
node,5262330840,Media Naranja,6.2485584,-75.5701562,clothes,,,,,,,,,,,,ropa_calzado
node,5262759696,TIENDA BLUE MAGIC - LOCAL 128,6.2489747,-75.570287,clothes,,,,,,,,,,,,ropa_calzado
node,5262759697,TIENDA GANGSTER - LOCAL 243,6.2488867,-75.5703299,clothes,,,,,,,,,,,,ropa_calzado
node,5262763473,TIENDA GANGSTER ITAGÜI,6.1714132,-75.6087042,clothes,,,,,,,,,,,,ropa_calzado
node,5262771876,Tienda Gangster Local 243,6.248957,-75.5702659,clothes,,,,,,,LOCAL 243,,,,,ropa_calzado
node,5262772682,Tienda Blue Magic Local 128,6.2487712,-75.5702895,clothes,,,,,,,LOCAL 128,,,,,ropa_calzado
node,5264219626,Marquis San diego,6.2354236,-75.5692812,clothes,,,,,,,,,,,,ropa_calzado
node,5264234022,Marquis Premium,6.2296632,-75.5705238,clothes,,,,,,,,,,,,ropa_calzado
node,5264241621,Marquis Molinos,6.2328321,-75.6040742,clothes,,,,,,,,,,,,ropa_calzado
node,5264241622,Marquis Unicentro,6.2409459,-75.5872072,clothes,,,,,,,,,,,,ropa_calzado
node,5283500620,Zaira sas Centro Médico for Drivers,6.2472105,-75.5826784,,,,centre,,,,,,,,,salud_bienestar
node,5287325624,Clínica veterinaria animal sweet,6.3134099,-75.5577221,,,veterinary,,,,,,24/7,,,,mascotas
node,5299660785,La polar,6.1849988,-75.6564998,,,pharmacy,pharmacy,,,,,,,,,salud_bienestar
node,5299660787,Godot Restaurante (El placer de lo exquisito),6.1846971,-75.6575612,,,fast_food,,,,Carrera 81,42Sur-03,Mo-Su 12:00-21:00,sandwich;burger;steak_house;Asados;crepes;ALmuerzos;cazuelas;carne_asada,,https://www.godot.com.co/,comidas
node,5299660788,Hakuna,6.1859148,-75.6560221,,,fast_food,,,,,,,,,,comidas
node,5302818822,Ay que rico!,6.2516547,-75.5882616,,,fast_food,,,,,,,,,,comidas
node,5302819322,El Colmado,6.2514607,-75.5883799,,,restaurant,,,,,,,,,,comidas
node,5306483621,Mija Artesanal,6.2132198,-75.572215,,,cafe,,,,Calle 11A,43d-46,Mo-Th 09:00-22:00; Fr-Sa 08:00-23:30; Su 08:00-22:00,,,,comidas
node,5307408322,Marcarte Casa Cultural,6.1681985,-75.5850826,tattoo,,,,,,Calle 38A Sur,,,,,,
node,5307653047,Club de ajedrez Los Peones,6.251558,-75.565272,shoes,,,,,,,,,,Club de ajedrez Chess club,,ropa_calzado
node,5309256124,Pizzeria Donato,6.2086962,-75.5705339,,,restaurant,,,,,,,,,,comidas
node,5321092780,Restaurante Doña Marta,6.1557853,-75.6164231,,,restaurant,,,,Carrera 48B,,,,,,comidas
node,5321306432,El Avenazo,6.2511169,-75.6121998,bakery,,,,,,,,,,,,panaderia
node,5322269425,Del Tren del Café,6.2445056,-75.5721767,,,restaurant,,,,,,,,,,comidas
node,5322269427,Efecty,6.2446026,-75.5718454,kiosk,,,,,,,,,,,,tienda_viveres
node,5322604311,El buen Vecino,6.2493143,-75.6105724,supermarket,,,,,,,,,,,,tienda_viveres
node,5322604312,La Piña Madura,6.2501696,-75.6120153,supermarket,,,,,,,,,,,,tienda_viveres
node,5322604313,Betto's,6.2504339,-75.612143,,,fast_food,,,,,,,,,,comidas
node,5322604316,Pollo Broster,6.2495074,-75.6114147,,,restaurant,,,,,,,regional,,,comidas
node,5322611026,Surtimax,6.2506509,-75.6115217,supermarket,,,,,,,,,,,,tienda_viveres
node,5322611027,Distribuidora de desechables,6.2483264,-75.6092012,convenience,,,,,,,,,,,,tienda_viveres
node,5322611028,La bombonera,6.2480614,-75.6091652,,,fast_food,,,,,,,,,,comidas
node,5325918621,Kilele,6.2625974,-75.5680525,,,restaurant,,,,Carrera 55,64-36,,,,,comidas
node,5326430521,Almacen De Camping,6.2543158,-75.5965891,outdoor,,,,,,Carrera 78,,,,,,
node,5330312966,El Café,6.2553053,-75.5809805,,,restaurant,,,,Calle 49B,64C-39,,,,,comidas
node,5333558427,La enfermera,6.1848329,-75.6577188,,,pharmacy,pharmacy,,,,,,,,,salud_bienestar
node,5340880322,Restauran,6.1713817,-75.6053752,,,fast_food,,,,,,,,,,comidas
node,5340880323,Vitamar,6.1712467,-75.605322,seafood,,,,,,,,,,,,tienda_viveres
node,5340880324,Dafen,6.1714094,-75.6052183,hardware,,,,,,,,,,,,construccion
node,5340880325,Salud total,6.170304,-75.610783,,,clinic,,,,,,,,,,salud_bienestar
node,5340880326,Acercode metalurgica,6.1664568,-75.6175496,car_repair,,,,,,,,,,,,mecanica_motos
node,5340880327,Hierros HB Sa.,6.1656062,-75.6172031,hardware,,,,,,,,,,,,construccion
node,5340913823,D' paladares,6.1724818,-75.6060883,bakery,,,,,,,,,,,,panaderia
node,5340913826,Mayorista pueta 1,6.1859121,-75.5939919,greengrocer,,,,,,,,,,,,tienda_viveres
node,5340914321,Algamar,6.1704827,-75.6044996,department_store,,,,,,,,,,,,
node,5340914322,Topaco sa.,6.1722478,-75.6068273,hardware,,,,,,,,,,,,construccion
node,5340914323,Hospital Del Sur,6.1649458,-75.6220566,,,hospital,hospital,,,Calle 33,50A-25,,,,https://www.hospitaldelsur.gov.co,salud_bienestar
node,5340914521,Servipagitagui,6.1721573,-75.6070063,,,car_wash,,,,,,,,,,mecanica_motos
node,5353244279,MaxGamez,6.2789856,-75.6352858,video_games,,,,,,,,Mo-Su 09:00-21:00,,,,
node,5355875723,Ruta 66 Mecánica Rápida,6.2215888,-75.5922939,car_repair,,,,,,,,,,,,mecanica_motos
node,5355892023,Lávame Sucio Spa,6.23947,-75.5846937,,,car_wash,,,,,,,,,,mecanica_motos
node,5355892321,Le Papie,6.2144677,-75.5970379,,,fast_food,,,,,,,,,,comidas
node,5364508901,Panmetro,6.2569556,-75.6146603,pastry,,,,,,,,,,,,panaderia
node,5368492515,Cable a Tierra,6.2799977,-75.5028024,,,restaurant,,,,,,,,,https://www.tripadvisor.com/Restaurant_Review-g297478-d4041343-Reviews-Cable_a_Tierra-Medellin_Antioquia_Department.html,comidas
node,5368492516,El Planchon Del Parque,6.2779955,-75.4983392,,,restaurant,,,,,,,,,,comidas
node,5371377621,El Viejo y El Pancake,6.252534,-75.58773,,,cafe,,,,Calle 47,69A-11,,american,,,comidas
node,5373282521,Domino's,6.2088116,-75.5663068,,,fast_food,,,,Calle 10,,,,,,comidas
node,5373830021,Octavia Maravilla,6.1436576,-75.604908,,,restaurant,,,,,,,,,,comidas
node,5376320421,Marietta,6.2084985,-75.5657409,,,restaurant,,,,Carrera 34,,,,,,comidas
node,5379277721,Crepes & Waffles,6.2093361,-75.5657674,,,restaurant,,,,Carrera 36,,,crepe;ice_cream,,,comidas
node,5387464421,La Pampa Parilla Argentina,6.2076108,-75.5647936,,,restaurant,,,,,,,,,,comidas
node,5387467222,Café Dulcinea,6.2103738,-75.5670531,confectionery,,,,,,,,,,,,panaderia
node,5389660223,Swiss Bakery,6.2086581,-75.5680954,confectionery,,,,,,,,,,,,panaderia
node,5389791921,Hija Mia Coffeeroasters,6.2125511,-75.570682,,,restaurant,,,,,,,,,,comidas
node,5394858822,Idol Burger,6.2466317,-75.596182,,,fast_food,,,,Circular 75,39B-21,,burger,,,comidas
node,5394858824,Federal Ribs,6.1771472,-75.5861839,,,restaurant,,,,Calle 30a Sur,44A - 07,"Mo-Th 12:00-21:30, Fr-Sa 12:00-23:00, Su 12:00-20:30",american,,http://www.federalribs.com,comidas
node,5394900821,Federal Ribs,6.1606116,-75.6041876,,,restaurant,,,,centro comercial Mallorca,local 50-51,"Mo-Th 12:00-21:30, Fr-Sa 12:00-22:00, Su 12:00-20:30",american,,http://www.federalribs.com,comidas
node,5395706021,Acanto Repositeria,6.2079569,-75.5670886,,,restaurant,,,,,,,,,,comidas
node,5404060921,JAGA Soluciones Eléctricas,6.1836128,-75.6561939,hardware,,,,,,,,,,,,construccion
node,5408668421,Urbano Coffee,6.2142568,-75.5719106,,,cafe,,,,Calle 13,,,,,,comidas
node,5415383823,Lavandería,6.2134724,-75.5733911,dry_cleaning,,,,,,,,Mo-Su 08:00-19:00,,,,
node,5415383824,Las Manas,6.2152327,-75.5727321,,,restaurant,,,,,,,,,,comidas
node,5415536021,Fruity Combos,6.2935587,-75.5418141,,,restaurant,,,,"6.293559, -75.541814",,Mo-Su 09:00-20:45,chicken,,,comidas
node,5417549197,Tostao’,6.2126132,-75.5760999,,,cafe,,,,,,,,,,comidas
node,5417552940,Domino's,6.1518818,-75.6136252,,,fast_food,,,,,,,pizza,,,comidas
node,5417596221,Berracas de la 13,6.2479074,-75.6231679,,,restaurant,,,,,,,regional,,,comidas
node,5418739521,Barna,6.2126393,-75.5737902,,,restaurant,,,,,,,,,,comidas
node,5421517277,Bao Bei,6.2086517,-75.5662951,,,restaurant,,,,,,,,cocina asiática contemporánea,,comidas
node,5421519004,Sumo Ramen,6.2087328,-75.5662456,,,restaurant,,,,,,,,comida japonesa,,comidas
node,5423374449,Sesave,6.2135439,-75.5717868,,,restaurant,,,,,,,,cocina y coworking,,comidas
node,5424532683,Canutos,6.2137324,-75.5717838,,,cafe,,,,Calle 12 # 43d 18,,,,taller de frutas,,comidas
node,5425621523,Rumah Soul Up,6.2093873,-75.5727572,,,cafe,,,,,,,,,,comidas
node,5425677421,Praná - Cocina Natural,6.1768541,-75.5836841,bakery,,restaurant,,,,Transversal 29 Sur,,Mo-Sa 12:00-19:00,,,,panaderia
node,5426962062,El Danny,6.2647552,-75.5423448,gift,,,,,,Carrera 28,70-15,Mo-Su 10:00-22:00,,,,papeleria
node,5426975195,Drogueria Dallas,6.2668654,-75.5423047,,,hospital,hospital,,,Calle 71B,28A-26,,,,,salud_bienestar
node,5426989208,Tienda Sin nombre,6.2668552,-75.5424108,supermarket,,,,,,Calle 71B,No 29-9,,,No se visualiza razon social.,,tienda_viveres
node,5426995337,Ferretería,6.2635105,-75.5430701,hardware,,,,,,Carrera 28,,Mo-Su 09:00-21:00,,,,construccion
node,5426995338,Tienda azul,6.2634769,-75.5432026,supermarket,,,,,,Carrera 28,,Mo-Su 09:00-21:00,,,,tienda_viveres
node,5426995340,El dany,6.2635243,-75.5429777,hairdresser,,,,,,Carrera 28,,Mo-Su 09:00-21:00,,,,belleza_peluqueria
node,5426995341,Las escaleritas,6.2638137,-75.5432988,supermarket,,,,,,Calle 70,,Mo-Su 09:00-21:00,,,,tienda_viveres
node,5426995342,Ferretería,6.2640567,-75.5432755,hardware,,,,,,Calle 70,,Mo-Su 09:00-21:00,,,,construccion
node,5427000838,Legumbreria,6.2668696,-75.5425672,greengrocer,,,,,,Calle 71B,No. 29-24,,,Razon social: Legumbreria,,tienda_viveres
node,5427002545,Sin nombre,6.2669315,-75.5426898,supermarket,,,,,,Calle 71B,29-16,,,Sin razón social visible,,tienda_viveres
node,5427002790,Barberia,6.2668788,-75.5426017,hairdresser,,,,,,Calle 71B,N 29-29,,,Razon social: Barberia,,belleza_peluqueria
node,5427008121,Panadería,6.2668886,-75.5427476,bakery,,,,,,Calle 71B,No 29-55,,,"Razón social: Panadería, venden churros buenos",,panaderia
node,5427008292,HELADERIA -FOTOCOPIADORA-INTERNET,6.2652176,-75.542244,,,ice_cream,,,,Calle 71,CRA28,,,,,comidas
node,5427014121,Tienda La Curvita,6.2658494,-75.5421613,convenience,,,,,,Carrera 28,CRA29,,,,,tienda_viveres
node,5427015649,Helados Yanclao,6.2665083,-75.5424736,,,ice_cream,,,,29 # 71 A -45,,,,,,comidas
node,5427015713,El Tanque,6.263592,-75.5425739,butcher,,,,,,Carrera 28,69 23,,,,,tienda_viveres
node,5427015716,Sin Nombre,6.2634564,-75.542607,fabric,,,,,,Calle 69,68 B 65,,,,,
node,5427015717,MODISTERIA,6.2633905,-75.542368,,dressmaker,,,,,Calle 69,,,,,,
node,5427016159,Foto Estudio,6.2665856,-75.5424589,,photographer,,,,,#71 A- 45,CRA29,,,,,
node,5427016321,Drogueria Uvapar,6.2633475,-75.5421933,chemist,,,,,,,,,,,,salud_bienestar
node,5427016322,Mini Market la Uva,6.2632626,-75.5418578,supermarket,,,,,,Calle 69,,,,"supermercado, con elementos que pueden caer en la calle (avisos), elementos inflamables y con acumulo posible de basuras, y un poste ladead…",,tienda_viveres
node,5427024329,Taller de motos,6.2669135,-75.5429485,car_repair,,,,,,Calle 71B,29-59,,,Razon social: Taller de motos,,mecanica_motos
node,5427024331,Fruver Monterrey,6.2668864,-75.5430185,greengrocer,,,,,,Calle 71A,30-83,,,,,tienda_viveres
node,5427026695,Fotos montajes,6.2666881,-75.5430416,photo,photographic_laboratory,,,,,Calle 71A,30-77,,,Fotografia para documentos y montaje,,
node,5427032278,Venta de Mekato,6.2666742,-75.5429675,convenience,,,,,,Calle 71A,30-62,,,Sin razon social visible,,tienda_viveres
node,5427042054,Billares Azules,6.2633283,-75.5420709,,brewery,,,,,,,,,VENTA DE LICORES Y ABARROTES,,
node,5427063303,Supermercado max super,6.2645985,-75.5449319,supermarket,,,,,,Calle 70,32,Mo-Su 09:00-21:00,,super mercado con domicilio .,,tienda_viveres
node,5427063304,El Paisa,6.2645948,-75.5449032,supermarket,,,,,,Calle 69,32,Mo-Su 09:00-21:00,,"TIENDA DE ABARROTES, VENTA DE MINI PIPETAS DE GAS.",,tienda_viveres
node,5427063306,El BUEN SAZON,6.2640725,-75.5449642,,,fast_food,,,,Calle 69-31,32,Mo-Su 09:00-21:00,regional;burger,"COMIDAS RÁPIDAS COMO PERRO, HAMBURGUESAS, CARNES.",,comidas
node,5427063307,Papeleleria y Tienda de Zapatos,6.2637564,-75.5449772,stationery,,,,,,Calle 69-32,32,Mo-Sa 08:00-18:00,,PAPELERÍA Y VENA DE ARTÍCULOS ESCOLARES COMO ZAPATOS.,,papeleria
node,5427063311,Miselanea,6.2645395,-75.5443975,stationery,,,,,,Carrera 31A,70,,,Venta de artículos escolares y recargas de energía y distintos operadores,,papeleria
node,5427474722,La rebaja plus,6.2559345,-75.5822646,,,pharmacy,pharmacy,,,,,,,,,salud_bienestar
node,5427486921,Juan Fredo Café,6.2537589,-75.5833995,,,restaurant,,,,,,,,,,comidas
node,5429308656,carpinteria,6.2652207,-75.5440677,,carpenter,,,,,Calle 70,30-28,,,riesgo de inundacion y red gas natural expuesta.,,construccion
node,5429322550,Papeleria y Variedades,6.2634254,-75.542592,stationery,,,,,,,,,,,,papeleria
node,5429332234,Peluqueria,6.2625657,-75.5443415,hairdresser,,,,,,Calle 68A,31-43,,,,,belleza_peluqueria
node,5429334224,Peluqueria,6.2627153,-75.5442215,hairdresser,,,,,,Calle 68A,31-32,,,,,belleza_peluqueria
node,5429336648,Taller de motos,6.2619676,-75.5443293,car_repair,,,,,,Carrera 31A,68-44,,,,,mecanica_motos
node,5429343383,Peluqueria,6.2622883,-75.5449105,hairdresser,,,,,,Calle 31A,68-107,,,,,belleza_peluqueria
node,5429346348,Comida rápida,6.2623884,-75.5449585,,,fast_food,,,,Calle 31A,68-101,,,,,comidas
node,5429346880,Veterinaria,6.2625637,-75.5448933,,,veterinary,,,,Calle 31A,68-28,,,,,mascotas
node,5429352131,Taller de motos,6.2618474,-75.5435736,car_repair,,,,,,Calle 68,68-11,,,,,mecanica_motos
node,5429353013,Tienda Mariana,6.2622045,-75.5436002,greengrocer,,,,,,Carrera 30,68A-05,,,,,tienda_viveres
node,5429354391,Tienda,6.2629578,-75.5442235,convenience,,,,,,Carrera 31,68A-4,,,,,tienda_viveres
node,5429356666,Tienda Cerrajería,6.2629487,-75.5443413,,locksmith,,,,,Carrera 31,68A-11,,,,,
node,5429356870,Minitienda,6.2652512,-75.5439649,convenience,,,,,,Carrera 31,15,,,,,tienda_viveres
node,5429363053,Tienda,6.2617507,-75.5438019,convenience,,,,,,Carrera 31A,68-06,,,,,tienda_viveres
node,5429366437,Zapateria,6.2630118,-75.5435727,,shoemaker,,,,,,,,,,,ropa_calzado
node,5429366438,Granero el Deportista,6.2632672,-75.5441369,supermarket,,,,,,Calle 68b,26,,,,,tienda_viveres
node,5429366964,Tienda El Parche,6.2618869,-75.5437279,convenience,,,,,,Carrera 30,68-28,,,,,tienda_viveres
node,5429376384,Licorera la 27,6.2622045,-75.5427968,alcohol,,,,,,Calle 68A,28-74,,,,,tienda_viveres
node,5429388839,TIenda,6.2622449,-75.5437975,convenience,,,,,,Carrera 28,68A-61,,,,,tienda_viveres
node,5429391495,Tienda Los Rieles,6.2623853,-75.5439831,convenience,,,,,,Carrera 28,68A-20,,,,,tienda_viveres
node,5432451039,Douraku ramen japones,6.2108467,-75.5692022,,,restaurant,,,,,,,japanese,,,comidas
node,5438760121,Alma,6.2527049,-75.5882552,,,restaurant,,,,,,,,,,comidas
node,5441453521,La Taqueria Comida Mexicana,6.208138,-75.5645794,,,restaurant,,,,,,,mexican,,,comidas
node,5442972522,Frity Combos,6.2937566,-75.5417608,,,restaurant,,,,,,Mo-Su 10:30-20:45,chicken,,,comidas
node,5443317616,The Barber Shop,6.2634686,-75.5417729,hairdresser,,,,,,Carrera 27,,,,"VENTA DE HELADOS, DULCERIA, LICOR Y BARBERA",,belleza_peluqueria
node,5443317617,Venta de Helados,6.2636509,-75.541736,,,ice_cream,,,,Carrera 27,,,,,,comidas
node,5443317618,Reparación de Lavadoras y Neveras,6.2635723,-75.5417615,,electronics_repair,,,,,Carrera 27,,,,REPARACIÓN DE NEVERAS Y LAVADORAS A DOMICILIO,,tecnologia_celulares
node,5443320365,Don Tatto Swa,6.2638375,-75.5425208,tattoo,,,,,,Carrera 28,,,,"Es un segundo piso en la cual presta servicio de tatuajes, pero en el momento de la visita se encontraba cerrado.",,
node,5443320366,The Barber Shop,6.2639161,-75.542437,hairdresser,,,,,,Carrera 28,,,,se encuentra un local donde se presta servicio de BARBERIA Y TATTOO. en el momento de realizar el mapeo se encontraba cerrado.,,belleza_peluqueria
node,5443320367,Mirador de la UVA,6.2639144,-75.5421648,beverages,,,,,,Calle 69A,,,,"en una casa donde se habilitó el primer cuarto para la instalación de la tienda, que ofrecen alimentos de la canasta familiar",,tienda_viveres
node,5443320368,Helados de la UVA,6.2639238,-75.5420944,,,ice_cream,,,,Calle 69 A,,,,se encuentra una heladería en el primer piso pero se encontraba cerrado.,,comidas
node,5443320369,Los Monos,6.2639771,-75.5417605,supermarket,,,,,,Carrera 27,,,,es un casa donde se habilitó las,,tienda_viveres
node,5443361606,tienda,6.2642081,-75.5415987,supermarket,,,,,,27 - 24,70b,Mo-Su 09:00-21:00,,Tienda hecha en madera ubicada al principo de la calle donde vende parva y pastelitos.,,tienda_viveres
node,5443361608,Sin Nombre,6.2645397,-75.5412648,bakery,,,,,,Carrera 27,,,,"Es una casa con presencia de humedad, también esta acondicionado para una panadería y servicio de recarga de gas. en el hogar habita una me…",,panaderia
node,5443361609,Sin Nombre,6.2642703,-75.5424325,bakery,,,,,,Carrera 28,,,,,,panaderia
node,5443473821,Turban Doner Kebap,6.2092554,-75.5667957,,,restaurant,,,,Calle 10,42,,,,,comidas
node,5443477321,El Dorado Tours,6.209037,-75.5664611,travel_agency,,,,,,Calle 10,,,,,,
node,5443797422,Prâná Cocina al natural,6.1764769,-75.5844692,,,restaurant,,,,Transversal 31 Sur,32D-13,,,,,comidas
node,5443895321,Viva Spa Poblado,6.1962799,-75.5775032,massage,,,,,,Carrera 46,10 Sur - 21,,,,,salud_bienestar
node,5444205821,Orale comida Mexicana,6.2472594,-75.5903204,,,restaurant,,,,,,,mexican,,,comidas
node,5444205822,El Compy Venezolana,6.2472889,-75.5902067,,,restaurant,,,,,,,,,,comidas
node,5449502569,Variedades la 30,6.2654143,-75.5432044,stationery,,,,,,Carrera 30,,,,"Es una tienda donde venden gran variedad de cosas, desde ropa hasta papelería y venta de minutos etc.",,papeleria
node,5449508837,Cafeteria,6.2656996,-75.5430489,,,cafe,,,,Carrera 30 71#72,,,sandwich,"Venta de empanadas, buñuelos, panes, rollos, café, bebidas entre otras.",,comidas
node,5449508838,Ferreteria Jhon Vital,6.2658596,-75.5430489,hardware,,,,,,Carrera 30 #71-74,,,,,,construccion
node,5449508839,Granos Orientales,6.2659576,-75.5429745,convenience,,,,,,Carrera 30,,,,Tienda con venta de todo tipo de alimentos.,,tienda_viveres
node,5449526345,Frutas y verduras,6.2662596,-75.5444352,greengrocer,,,,,,Calle 71A #31-14,,,,Domicilio gratis.,,tienda_viveres
node,5449526346,Sandra Spa,6.2661743,-75.54377,beauty,,,,,,Calle 71A #31-36,,,,,,belleza_peluqueria
node,5449531087,Variedades yusmi,6.2661876,-75.5438559,variety_store,,,,,,Calle 71A#31-38,,,,,,papeleria
node,5449531088,Bellisima Spa,6.2662063,-75.5439471,beauty,,,,,,Calle 71A#31-39,,,,,,belleza_peluqueria
node,5449531089,Comida rapida,6.2662116,-75.543998,,,fast_food,,,,Calle 71A #31-40,,,,"Venta de longaniza, chuzo, perros calientes etc.",,comidas
node,5449543442,carniceria,6.2654285,-75.5445736,butcher,,,,,,Carrera 31A #71-11,,,,,,tienda_viveres
node,5449543444,Tienda mascotas,6.2655824,-75.5444996,pet,,,,,,Carrera 31A #71-11,,,,"Adicional... Venta de bebidas (Alcohol, bolis)",,mascotas
node,5452667822,Pasteur,6.2549316,-75.5797323,,,pharmacy,,,,,,,,,,salud_bienestar
node,5452667823,Tostao’,6.2559103,-75.5816784,bakery,,cafe,,,,,,,coffee_shop,,,panaderia
node,5452667824,Droguería Torrenza,6.2557254,-75.5817885,,,pharmacy,pharmacy,,,,,Mo-Sa 08:00-08:00,,,,salud_bienestar
node,5455514722,Blueberry Laureles,6.2462004,-75.5958619,,,ice_cream,,,,"Avenida 74B, No. 39B-93",,Mo-Su 11:00-21:00,,,,comidas
node,5460480333,mary,6.2634524,-75.543108,miscelanea,,,,,,Carrera28,68b-64,,,,,
node,5460480335,Pollos Harry,6.2634924,-75.5428747,convenience,,,,,,Carrera 28,68A-79,,chicken,,,tienda_viveres
node,5460480336,El descanso,6.2634844,-75.5427942,supermarket,,,,,,Carrera 28,68 a 61,,,,,tienda_viveres
node,5460480337,Los Rieles,6.263551,-75.5426574,supermarket,,,,,,Carrera 28,68 a 20,,,,,tienda_viveres
node,5460480338,Venta En Casa de Alchol Casero,6.2634817,-75.5435318,yes,,,,,,Calle 69,30-25,,,,,
node,5460480340,Taller,6.2636177,-75.5438027,car_repair,,,,,,Calle 69,30-48,,,,,mecanica_motos
node,5460480341,enny,6.263759,-75.5441836,hairdresser,,,,,,Carrera 31,78-101,,,,,belleza_peluqueria
node,5460480342,Topsport,6.2640283,-75.5441434,clothes,,,,,,Carrera 31,68-36,,,,,ropa_calzado
node,5460480343,LOS,6.2641803,-75.5441138,supermarket,,,,,,Carrera 31,64-30,,,,,tienda_viveres
node,5460480344,Mi Emociones,6.2643082,-75.5440978,gift,,,,,,Carrera 31,64 35,,,,,papeleria
node,5460550221,El Buho,6.2526405,-75.5880604,,,cafe,,,,,,,,,,comidas
node,5463546421,El Cafe Tal 70,6.2497186,-75.5880456,,,restaurant,,,,,,,,,,comidas
node,5465821221,Kebab house,6.207251,-75.5651023,,,fast_food,,,,,,,arab,,,comidas
node,5469939523,MercaUNAC,6.2420406,-75.6107655,supermarket,,,,,,,,,,,,tienda_viveres
node,5473346000,panaderia,6.2634663,-75.5433085,,,cafe,,,,Carrera 28,,Mo-Sa 08:00-18:00,coffee_shop,,,comidas
node,5474445521,Ricuras caleñas,6.4373523,-75.332095,bakery,,,,,,,,,,,,panaderia
node,5475843924,Bao Bei cocina asiatica contemporana,6.2086419,-75.5661765,,,restaurant,,,,,,,,,,comidas
node,5481256317,Drogueria Estación Acevedo,6.3011729,-75.5566531,,,pharmacy,pharmacy,,,Carrera 52,,,,,,salud_bienestar
node,5481761414,Unidad Visual Global Optica,6.2388873,-75.5936556,optician,,,,,,Calle 33,,,,,,salud_bienestar
node,5481761419,Suxi Medical,6.238882,-75.5937655,,,clinic,,,,Calle 33,,,,,,salud_bienestar
node,5481766629,Optica Belén,6.2325361,-75.5961674,optician,,,,,,Carrera 76,,,,,,salud_bienestar
node,5482805566,Drogueriai Azucena,6.2993214,-75.5569938,,,pharmacy,pharmacy,,,Calle 107,,,,,,salud_bienestar
node,5483227483,Subway,6.2455224,-75.5961272,,,fast_food,,,,Avenida 37,,,sandwich,,,comidas
node,5483381957,Droguería Maxi Salud,6.2914686,-75.5583067,,,pharmacy,,,,Calle 99,,,,,,salud_bienestar
node,5488922931,Carnicería Roja,6.2894623,-75.5469382,butcher,,,,,,Carrera 38,,,,,,tienda_viveres
node,5488922942,Droguería Provital,6.2892117,-75.5453825,,,pharmacy,,,,Carrera 35A,,,,,,salud_bienestar
node,5489027817,Restaurante La Reina,6.2811162,-75.5457996,,,restaurant,,,,Carrera 34,,,,,,comidas
node,5489368607,efi Carnes,6.2858858,-75.555481,butcher,,,,,,Calle 94,,,,,,tienda_viveres
node,5489522771,Frisby,6.2467769,-75.5965148,,,restaurant,,,,Transversal 39B,,,,,,comidas
node,5489522774,Trigo y Laurel,6.2444839,-75.5968742,,,restaurant,,,,Carrera 76,,,,,,comidas
node,5489599800,Droguería Nueva Vida,6.2716541,-75.5584079,,,pharmacy,pharmacy,,,Carrera 49,,Mo-Sa 08:00-18:00,,,,salud_bienestar
node,5489624831,Acuatic Fercho,6.2723366,-75.5581202,pet,,,,,,Carrera 49,,,,,,mascotas
node,5489903988,Lineas Hospitalarias,6.2391753,-75.5862165,,,hospital,hospital,,,Calle 33,,,,,,salud_bienestar
node,5491551326,Droguería Yamille,6.2641674,-75.5643927,,,pharmacy,,,,Calle 67,,,,,,salud_bienestar
node,5492213553,Droguería Parque Gaitan,6.264526,-75.5480888,,,pharmacy,,,,Carrera 36A,,,,,,salud_bienestar
node,5492541643,Dogueria Droxi,6.2265741,-75.5852851,,,pharmacy,,,,Calle 25,,,,,,salud_bienestar
node,5492541650,Dogueria la Ahorradora,6.2263961,-75.5855258,,,pharmacy,,,,Calle 25,,,,,,salud_bienestar
node,5492541672,Supermercado Multigangas J.M.,6.2256288,-75.5863318,supermarket,,,,,,Calle 25,,,,,,tienda_viveres
node,5492577599,Drogueria Fundadores,6.2267454,-75.583209,,,pharmacy,pharmacy,,,Calle 25,,,,,,salud_bienestar
node,5493973416,Metro Farma La 45,6.2687159,-75.5547152,,,pharmacy,,,,Carrera 44A,,,,,,salud_bienestar
node,5494073080,Droguería Hidalgo,6.2656245,-75.5464232,,,pharmacy,,,,Carrera 34,,,,,,salud_bienestar
node,5494163812,Droguería Pentel,6.2636489,-75.5485703,,,pharmacy,,,,Carrera 37,68-78,,,,,salud_bienestar
node,5494720426,El Patacón,6.2757023,-75.500373,,,restaurant,,,,,,,local,,,comidas
node,5494758741,Droguería Albania,6.2572446,-75.5615884,,,pharmacy,,,,Calle 61,,,,,,salud_bienestar
node,5494779522,Incodol,6.2391321,-75.5946754,,,clinic,clinic,,,Calle 33 A,,,,,,salud_bienestar
node,5495196363,éxito express,6.2632903,-75.5888718,supermarket,,,,,,Calle 53,,,,,,tienda_viveres
node,5497069515,Farmaster,6.2469222,-75.5649988,,,pharmacy,,,,Carrera 45,,Mo-Sa 00:00-23:59; Su 00:00-23:58,,,,salud_bienestar
node,5497281187,DentiSalud,6.2489366,-75.5633935,,,dentist,,,,,,,,,,salud_bienestar
node,5497888679,Los Marines,6.2677121,-75.6142429,convenience,,,,,,Calle 49,,,,,,tienda_viveres
node,5504432059,Merkepaisa La 33,6.2397186,-75.5822918,supermarket,,,,,,,,,,,,tienda_viveres
node,5507110571,Consultorio Odontológico Dental Social,6.2148345,-75.5861219,,,dentist,,,,Carrera 65,,,,,,salud_bienestar
node,5509498284,Servicentro El Carusel,6.2511856,-75.6056625,car_repair,,,,,,Calle 44,8850,,,,,mecanica_motos
node,5509498429,Droguería Sosalud,6.2457424,-75.6207673,,,pharmacy,,,,Carrera 105B,,,,,,salud_bienestar
node,5509498446,Drogas el Huequito,6.2556489,-75.6030057,,,pharmacy,,,,Carrera 87,,,,,,salud_bienestar
node,5509498456,Perritos,6.2562235,-75.5999936,,,fast_food,,,,Calle 46,,,hot_dog,,,comidas
node,5509498471,Surtifarmax,6.2510016,-75.60386,,,pharmacy,,,,Carrera 82,,,,,,salud_bienestar
node,5509871784,Latin-Farma,6.3464495,-75.5078059,,,pharmacy,,,,Carrera 50,,,,,,salud_bienestar
node,5512558032,Paisa Pan,6.2505683,-75.6044635,bakery,,,,,,Calle 44,,,,,,panaderia
node,5512558065,San José,6.2606614,-75.6050912,convenience,,,,,,Carrera 87,,,,,,tienda_viveres
node,5512558079,Droguería,6.2576152,-75.605181,,,pharmacy,,,,Carrera 89,,,,,,salud_bienestar
node,5512558113,El Portal Chino,6.2595069,-75.6037514,,,restaurant,,,,Calle 47F,,,,,,comidas
node,5512558152,Fruta Fresk,6.2580032,-75.6087537,convenience,,,,,,Carrera 92,,Mo-Sa 08:00-20:00; Su 08:00-14:00,,,,tienda_viveres
node,5512558239,Surti Max,6.2597429,-75.613815,convenience,,,,,,Calle 48A,,,,,,tienda_viveres
node,5512558250,Droguería Metro Avenida,6.2583164,-75.6141342,,,pharmacy,,,,Carrera 99,,,,,,salud_bienestar
node,5512558255,Surti Max,6.257074,-75.6149215,supermarket,,,,,,Calle 45,,,,,,tienda_viveres
node,5512558262,Arroz Paisa,6.2565194,-75.6161566,,,restaurant,,,,Carrera 43,,,,,,comidas
node,5512651337,IDentall,6.3481198,-75.508027,,,dentist,,,,Calle 52,,,,,,salud_bienestar
node,5512682539,La Relief Drogueria,6.2002135,-75.5905589,,,pharmacy,,,,Carrera 53,,,,,,salud_bienestar
node,5512785272,Droguería La Promocion,6.2385127,-75.6035663,,,pharmacy,,,,Calle 33,,,,,,salud_bienestar
node,5512785314,Droguería La 84,6.2487233,-75.6052454,,,pharmacy,pharmacy,,,Carrera 84,,,,,,salud_bienestar
node,5512785374,Paola Muñoz,6.2469729,-75.6105575,,,dentist,dentist,,,Carrera 88,,,,,,salud_bienestar
node,5512785398,Terrasol,6.2472888,-75.6103939,bakery,,,,,,Carrera 88,,,,,,panaderia
node,5512849108,Drogería Farmasur Medellín,6.1953704,-75.5911531,,,pharmacy,,,,Calle 13A Sur,,,,,,salud_bienestar
node,5515370607,Drogas Luben #1,6.1879161,-75.5968165,,,pharmacy,,,,Carrera 52D,,,,,,salud_bienestar
node,5515370618,Pasteur Farmacia,6.1886021,-75.5959106,,,pharmacy,,,,Carrera 52D,,,,,,salud_bienestar
node,5515371027,Veteraneria 24 Horas,6.1911226,-75.5933672,,,veterinary,,,,Carrera 52D,,,,,,mascotas
node,5515371036,Odontologia General y Especializada,6.1912546,-75.5932358,,,dentist,,,,Carrera 52D,,,,,,salud_bienestar
node,5515421553,Droguería Multibello,6.3412635,-75.5646681,,,pharmacy,pharmacy,,,Calle 58,,,,,,salud_bienestar
node,5515553949,Odontologia Especializada,6.18843,-75.5965604,,,dentist,,,,Carrera 52D,,,,,,salud_bienestar
node,5515554025,Merca Villas,6.1943258,-75.5991112,supermarket,,,,,,Calle 85,,,,,,tienda_viveres
node,5515554027,Farma Ofertas,6.1843255,-75.6017612,,,pharmacy,,,,Carrera 54,,,,,,salud_bienestar
node,5515554055,Pharmavillas,6.1943071,-75.5990897,,,pharmacy,,,,Calle 85,,,,,,salud_bienestar
node,5515554086,Farmacenter,6.1911393,-75.5991635,,,pharmacy,,,,Carrera 58,,,,,,salud_bienestar
node,5515554229,Droguería La 50,6.3385197,-75.5588707,,,pharmacy,pharmacy,,,Diagonal 55,,,,,,salud_bienestar
node,5518481862,Sutoservicio El Punto,6.3511754,-75.5679506,supermarket,,,,,,Calle 73,,,,,,tienda_viveres
node,5521341521,Barna,6.2126715,-75.573834,,,restaurant,,,,,,,,,,comidas
node,5523876730,Drogas La Fortaleza,6.3469267,-75.5668779,,,pharmacy,pharmacy,,,Calle 65,,,,,,salud_bienestar
node,5523876760,Asadero Y Restaurante,6.3423197,-75.5673028,,,restaurant,,,,Calle 58,,,,,,comidas
node,5523924418,Droguería Pharma Full,6.1835555,-75.6007896,,,pharmacy,,,,Calle 69,52-92,,,,,salud_bienestar
node,5523924455,Droguería Villa Loma,6.1836628,-75.5995725,,,pharmacy,,,,Carrera 52D,,,,,,salud_bienestar
node,5523924460,Droguería Oasisfarma,6.1842075,-75.599307,,,pharmacy,,,,Carrera 52D,,,,,,salud_bienestar
node,5523952640,Droguería Jaimar,6.3460315,-75.5476484,,,pharmacy,pharmacy,,,Diagonal 65,,,,,,salud_bienestar
node,5526547201,Droguería Medi Full,6.1814576,-75.6034771,,,pharmacy,,,,Calle 64,,,,,,salud_bienestar
node,5526677388,Farmasur,6.1794129,-75.6097676,,,pharmacy,,,,Calle 56,,,,,,salud_bienestar
node,5526677398,Droguería La Fortaleza De Itagüí,6.1788016,-75.6090997,,,pharmacy,,,,Calle 56,,,,,,salud_bienestar
node,5526677723,Droguería Sol Radiante,6.1817322,-75.6047867,,,pharmacy,,,,Calle 64,,,,,,salud_bienestar
node,5526677772,Supermercado,6.1747823,-75.6124558,supermarket,,,,,,Carrera 55A,,,,,,tienda_viveres
node,5526677779,Droguería El Rosario,6.1792663,-75.6125396,,,pharmacy,,,,Calle 47C,,,,,,salud_bienestar
node,5526678234,Droguería Mil Descuentos,6.177049,-75.6071779,,,pharmacy,,,,Calle 56,56-68,,,,,salud_bienestar
node,5526678258,Droguería,6.1762096,-75.6067568,,,pharmacy,,,,Calle 56,,,,,,salud_bienestar
node,5529490197,Panadería y Repostería,6.2359917,-75.5984004,bakery,,,,,,Carrera 78,,,,,,panaderia
node,5529655287,Droguería Alemana,6.2342732,-75.6023821,,,pharmacy,pharmacy,,,Calle 32,,,,,,salud_bienestar
node,5529668353,Drogas La Economia,6.169783,-75.612193,,,pharmacy,,,,Carrera 49,,,,,,salud_bienestar
node,5529668375,Droguería La Gloria,6.1692637,-75.613296,,,pharmacy,,,,Carrera 49,,,,,,salud_bienestar
node,5529668388,Droguería Pharma Stock,6.1701223,-75.6111851,,,pharmacy,,,,Carrera 49,,,,,,salud_bienestar
node,5529668398,Droguería Multidrogas,6.1693617,-75.6127663,,,pharmacy,,,,Carrera 49,,,,,,salud_bienestar
node,5532003321,Don Barbero,6.242818,-75.6001549,hairdresser,,,,,,Carrera 80,35-17,Mo-Sa 10:00-21:00,,,,belleza_peluqueria
node,5532308368,Exito Express,6.2298837,-75.601835,supermarket,,,,,,Carrera 81,,,,,,tienda_viveres
node,5532347682,farmacenter,6.151988,-75.6191319,,,pharmacy,pharmacy,,,Carrera 46CC,,,,,,salud_bienestar
node,5532355770,Clínica Veterinaria El Poblado,6.2106955,-75.568188,,,veterinary,,,,Calle 10A,40-52,,,,,mascotas
node,5532355811,Droguería Alemana,6.2095749,-75.5675107,,,pharmacy,pharmacy,,,Calle 10,,,,,,salud_bienestar
node,5532355921,Farma Fast,6.2102535,-75.5692294,,,pharmacy,pharmacy,,,Calle 10,,,,,,salud_bienestar
node,5532355952,MundoFarma,6.2118927,-75.5735061,,,pharmacy,,,,Calle 10,,,,,,salud_bienestar
node,5532355994,Clínica de Oncología Astorga,6.2097609,-75.5731943,,,clinic,clinic,,,Calle 8,,Mo-Fr 07:00-20:00,,,,salud_bienestar
node,5534612722,rosby,6.2129919,-75.5839867,stationery,,,,,,,,,,,,papeleria
node,5541512676,Tienda Alcázar de la Sabana,6.1514373,-75.6063597,convenience,,,,,,Calle 61B Sur,40-21 Casa 58,Mo-Sa 08:00-21:00; Su 08:00-19:00,,,,tienda_viveres
node,5541512685,Droguería Alcántara,6.1534988,-75.6102349,,,pharmacy,pharmacy,,,Carrera 43A,,,,,,salud_bienestar
node,5541512692,Illumident,6.1537352,-75.6100404,,,dentist,dentist,,,Carrera 43A,62 sur - 41,,,,,salud_bienestar
node,5541512709,Papelería God y Good,6.15253,-75.6064954,stationery,,,,,,Calle 61B Sur,,,,,,papeleria
node,5541512710,Tienda del Primo,6.1525438,-75.6065238,convenience,,,,,,Calle 61B Sur,,,,,,tienda_viveres
node,5541592842,Restaurante Catalan,6.1547841,-75.6089931,,,restaurant,,,,Carrera 43A,,,,,,comidas
node,5541602217,Super Droguería la 77,6.1851688,-75.5945863,,,pharmacy,,,,Carrera 50,,,,,,salud_bienestar
node,5541602352,Demidrogas,6.1840728,-75.5953326,,,pharmacy,,,,Carrera 50,,,,,,salud_bienestar
node,5541659867,Drogueria Luz Del Dia 2,6.149998,-75.6224846,,,pharmacy,pharmacy,,,Carrera 47,,,,,,salud_bienestar
node,5544018760,Campollo,6.151226,-75.6198618,,,restaurant,,,,Calle 75 Sur,,,,,,comidas
node,5544053398,Droguería Prosperidad,6.2919511,-75.5826592,,,pharmacy,,,,Carrera 79,,,,,,salud_bienestar
node,5544063122,Restaurant Bolívar,6.2447854,-75.5704272,,,restaurant,,,,Carrera 51,44-18,,,,,comidas
node,5544063821,Empanadas Envigadeñas Plaza Botero,6.2516188,-75.569053,,,fast_food,,,,,,,,,,comidas
node,5544091847,Paso Pan,6.1556514,-75.6165913,bakery,,,,,,Calle 67 Sur,,,,,,panaderia
node,5544157941,Farmedica Vital,6.1537085,-75.6159441,,,pharmacy,pharmacy,,,Calle 68 Sur,,,,,,salud_bienestar
node,5544157967,CediMujer,6.150381,-75.6150982,,,doctors,doctor,,,Carrera 43B,,,,,,salud_bienestar
node,5544157968,Pizza Loca El Mejor Sabor,6.1501715,-75.6152857,,,restaurant,,,,Carrera 43B,,,,,,comidas
node,5544157978,Panadería Y Reposteria El Bizcocho,6.1505128,-75.6166032,bakery,,,,,,Carrera 45,,,,,,panaderia
node,5544157979,Drogas Descuentos,6.1504271,-75.6167137,,,pharmacy,pharmacy,,,Carrera 45,,,,,,salud_bienestar
node,5544157980,Orthoplan,6.1500556,-75.6171929,,,dentist,dentist,,,Carrera 45,,,,,,salud_bienestar
node,5544157994,Drogueria Smart,6.1513513,-75.6142978,,,pharmacy,pharmacy,,,Calle 68A Sur,,,,,,salud_bienestar
node,5544207936,Droguería Famidrogas M.R.,6.299448,-75.5750028,,,pharmacy,,,,Carrera 74,,,,,,salud_bienestar
node,5544207941,Droguería Las Ángeles,6.2983096,-75.5756559,,,pharmacy,,,,Carrera 74,,,,,,salud_bienestar
node,5544207958,Universo Droguería,6.2957442,-75.5775952,,,pharmacy,,,,Calle 98,,,,,,salud_bienestar
node,5544207963,Supermercado,6.2958509,-75.577919,supermarket,,,,,,Calle 98,,,,,,tienda_viveres
node,5544207970,Droguería La 76,6.2976184,-75.5790824,,,pharmacy,,,,Calle 98D,,,,,,salud_bienestar
node,5545663222,Carrniceria,6.2638893,-75.5437478,supermarket,,,,,,,,,,,,tienda_viveres
node,5545663223,Casa de decoraciones,6.2639096,-75.5438956,party,,,,,,,,,,,,
node,5545670768,Mini Mercado,6.2638815,-75.5436438,supermarket,,,,,,Calle 69A,60-17,,,,,tienda_viveres
node,5545670769,Verduleria y fruteria,6.2639323,-75.5441255,greengrocer,,,,,,,,,,,,tienda_viveres
node,5545675236,Tienda Maria Hoyos,6.264158,-75.5423415,,,pharmacy,pharmacy,,,Calle 70,numero 28 30,7:00 am 8:00 pm,,"venden medicamento ( ibuprofeno, acetaminofen, acetaminofen en jarabe, buscapina, calmidol,mareol) tienen estanterias para colocar los medi…",,salud_bienestar
node,5545688654,vimar,6.2663191,-75.5445784,chemist,,,,,,,,24/7,,,,salud_bienestar
node,5545690235,El Paisa,6.2645682,-75.5449268,supermarket,,,,,,Calle 69,32,Mo-Su 09:00-21:00,,"TIENDA DE ABARROTES, VENTA DE MINI PIPETAS DE GAS.",,tienda_viveres
node,5545699693,zapateria,6.2660951,-75.5448181,shoes,,,,,,,,,,,,ropa_calzado
node,5545703908,Venta de Gas y Lavadero de Motos,6.2640391,-75.5424284,gas,,,,,,Calle 70,cll 70 28 86,08:00-19:00,,casa adecuada para la venta de pipetas de gas y para prestar el servicio de lavado de motos,,
node,5545710794,Casa de Modisteria,6.2642546,-75.5419971,,dressmaker,,,,,# 27 - 68,CALLE 70B,,,,,
node,5545711566,Granero,6.26511,-75.5430024,convenience,,,,,,Calle 71,,Mo-Su 10:00-22:00,,,,tienda_viveres
node,5545722572,Taller De Bicicletas,6.2657695,-75.5443447,bicycle,,,,,,,,,,,,
node,5545722855,Centro de Salud Raizal,6.2666715,-75.5447521,,,hospital,hospital,,,,,,,,,salud_bienestar
node,5545724565,Pasteleria,6.2649451,-75.5446835,pastry,,,,,,,,,,,,panaderia
node,5545724568,El Palacio del Revolcon,6.2665566,-75.5444391,variety_store,,,,,,,,,,,,papeleria
node,5545724569,banka,6.2647266,-75.5445956,locksmith,,,,,,,,,,,,
node,5545724570,Casa de la Esquina,6.2645811,-75.5444688,convenience,,,,,,Carrera 31A,,,,,,tienda_viveres
node,5545740815,tienda,6.2641288,-75.5420599,chemist,,,,,,Calle 70,numero 27 59,,,"vende medicamentos. sevedol, dolex gripa, dolex forte, buscapina, ibuprofeno, acetaminofen. venta frecuente de estos medicamentos, los medi…",,salud_bienestar
node,5546129027,Rico Ajiaco y Algo más,6.2460813,-75.5893812,,,restaurant,,,,Carrera 70,Circular 3-15,Mo-We 11:00-17:00; Th-Su 11:00-18:00,regional;local,,http://www.ricoajiaco.com,comidas
node,5546595221,Rika Fruita,6.2509367,-75.5657495,,,ice_cream,,,,,,,,,,comidas
node,5546742836,Kokoriko,6.2573022,-75.5831138,,,restaurant,,,,Transversal 51A,,,,,,comidas
node,5546742850,Farma Vida,6.2634539,-75.5610557,,,pharmacy,,,,Calle 67,,,,,,salud_bienestar
node,5546742876,Restaurante Delicias Del Mar Y Rio,6.256596,-75.5809908,,,restaurant,,,,Carrera 65,,,,,,comidas
node,5546797415,Droguería Fharmaya,6.2987255,-75.5684026,,,pharmacy,,,,Carrera 67,,,,,,salud_bienestar
node,5546798329,Droguería Max Discuentas 2,6.2929815,-75.5693514,,,pharmacy,,,,Carrera 65,,,,,,salud_bienestar
node,5546798379,Droguería Lider Medellín,6.3054798,-75.5679721,,,pharmacy,,,,Carrera 68A,,,,,,salud_bienestar
node,5546798380,Consultorio Medico,6.3087776,-75.5676609,,,clinic,,,,Calle 113,,,,,,salud_bienestar
node,5546798542,Farmacenter,6.3073453,-75.5683824,,,pharmacy,,,,Carrera 70,,,,,,salud_bienestar
node,5546798563,Droguería Boyacá,6.308747,-75.567732,,,pharmacy,,,,Carrera 70,,,,,,salud_bienestar
node,5546856843,Arrocitos de la U - Asadero,6.2633223,-75.5696873,,,restaurant,,,,Calle 65,,"Mo-Su,PH 06:00-22:00",,,,comidas
node,5546856844,Farmafacil,6.2643663,-75.568869,,,pharmacy,pharmacy,,,,,Mo-Su 08:00-23:00,,,,salud_bienestar
node,5548328021,Arepa Puess',6.2467298,-75.5701369,,,fast_food,,,,,,,,,,comidas
node,5548531934,Cruz Roja,6.228108,-75.5772281,,,pharmacy,pharmacy,,,,,,,,,salud_bienestar
node,5548531941,Lubricantes,6.2345637,-75.6095022,hardware,,,,,,Calle 32,,,,,,construccion
node,5548531943,Montallantas,6.2345148,-75.6125612,car_repair,,,,,,Calle 31C,,,,,,mecanica_motos
node,5548531951,Ferretería Galeras,6.2309528,-75.6053582,hardware,,,,,,,,,,,,construccion
node,5548531952,Panadería Dulce Encanto,6.2344974,-75.6128141,bakery,,,,,,,,,,,,panaderia
node,5548531955,Almacen Moto Internet,6.2352092,-75.6073087,car_parts,,,,,,,,,,,,mecanica_motos
node,5548531958,Rapidelicias,6.2316978,-75.6083313,,,restaurant,,,,,,,,,,comidas
node,5548536625,Monta llantas,6.2345364,-75.6094328,car_repair,,,,,,Calle 32,,,,,,mecanica_motos
node,5548536631,Licorera Los Alpes,6.2324968,-75.6078904,alcohol,,,,,,,,,,,,tienda_viveres
node,5548537322,Plazoleta Villa de Aburra,6.2353715,-75.60142,wine,,,,,,,,,,,,
node,5548537327,Eps Sura Los Molinos,6.2328707,-75.6051856,,,doctors,doctor,,,Carrera 82 C,,24/7,,,,salud_bienestar
node,5548537524,Boleteria Futbol,6.2287439,-75.5912026,ticket,,,,,,,,,,,,
node,5548537526,Drogas La Rebaja,6.2428251,-75.6002941,,,pharmacy,pharmacy,,,,,,,,,salud_bienestar
node,5548537529,Las Mercedes,6.2343347,-75.6082241,outdoor,,,,,,Calle 32,,,,,,
node,5548721274,La Tienda,6.2188228,-75.5648428,,,restaurant,,,,,,,,,,comidas
node,5548721276,Restaurante,6.3198564,-75.551683,,,restaurant,,,,,,,,comida regional,,comidas
node,5548721280,Norte recuerdo,6.3214039,-75.5574986,bakery,,,,,,,,,,,,panaderia
node,5548721283,El rancherito,6.2178657,-75.5639862,,,restaurant,,,,,,,,,,comidas
node,5548721286,Zarzal,6.1663676,-75.5453286,,,restaurant,,,,,,,,,,comidas
node,5548721288,D1,6.1712576,-75.4902527,supermarket,,,,,,,,,,,,tienda_viveres
node,5548721341,Comidas rápidas,6.3199146,-75.5518831,,,fast_food,,,,,,,,,,comidas
node,5548721342,La cancha,6.3237767,-75.5583298,bakery,,,,,,,,,,,,panaderia
node,5548721345,Teléfono,6.2267676,-75.5652701,mobile_phone,,,,,,,,,,,,tecnologia_celulares
node,5548721346,Crepes and wafles,6.2204296,-75.5666135,,,cafe,,,,,,,,,,comidas
node,5548721348,La tieda de pedro,6.2067166,-75.5456625,,,cafe,,,,,,,,,,comidas
node,5548721351,Abracadabra,6.1750064,-75.4918954,,,restaurant,,,,,,,,,,comidas
node,5548721352,La monita,6.168031,-75.4871928,,,restaurant,,,,,,,,,,comidas
node,5549351703,Drogueria,6.3004554,-75.5527576,,,pharmacy,,,,Carrera 49B,,,,,,salud_bienestar
node,5549351708,Drogueria Los Socios,6.2999195,-75.5512324,,,pharmacy,,,,Calle 110,,,,,,salud_bienestar
node,5549351716,Drogueria,6.2996782,-75.5496335,,,pharmacy,,,,Calle 110,,,,,,salud_bienestar
node,5549353422,Drogueria,6.3002936,-75.5487932,,,pharmacy,,,,Carrera 46,,,,,,salud_bienestar
node,5549357005,Versalles Droguería,6.2938533,-75.5714274,,,pharmacy,,,,Calle 98,,,,,,salud_bienestar
node,5549357331,Supermercado la 98,6.2950084,-75.5748466,supermarket,,,,,,Calle 98,,,,,,tienda_viveres
node,5549357383,Farma Paisa,6.2934888,-75.5707549,,,pharmacy,,,,Calle 98,,,,,,salud_bienestar
node,5549357388,Droguería el Descanso,6.2941773,-75.5728222,,,pharmacy,pharmacy,,,Calle 98,70-9,,,,,salud_bienestar
node,5549357433,Droguería Maracana,6.2913399,-75.5766108,,,pharmacy,,,,Carrera 73,,,,,,salud_bienestar
node,5551751396,Revuelteria,6.2642778,-75.5432207,supermarket,,,,,,Carrera 30,13,,,venta de algunos vegetales al aire libre riesgo de EDA para personas consumidoras.,,tienda_viveres
node,5553413830,abarrotes,6.2651051,-75.542791,convenience,,,,,,Carrera 28,,,,,,tienda_viveres
node,5553415201,tienda,6.2651168,-75.5431191,greengrocer,,,,,,Carrera 30,,,,,,tienda_viveres
node,5553422596,Panadería,6.2640363,-75.5424292,tea,,,,,,Carrera 28,Cll 70-123,Mo-Su 09:00-21:00,,Panadería,,
node,5553442849,Arreglos y modisteria,6.2640334,-75.5424299,,dressmaker,,,,,Carrera 28,cll 28- 17,,,,,
node,5553446660,Supermercado,6.2644535,-75.5423297,supermarket,,,,,,Carrera 28,cll 70- 17,,,,,tienda_viveres
node,5553453466,Tienda,6.2648563,-75.5422438,convenience,,,,,,Carrera 28,70-33,,,,,tienda_viveres
node,5558092805,Rami Pan,6.2915695,-75.5621137,bakery,,,,,,Carrera 52,,,,,,panaderia
node,5574946521,Deli Lunch,6.2508091,-75.5660216,,,restaurant,,,,Carrera 49,52-81,Mo-Su 10:00-17:00,regional,,,comidas
node,5574946522,La Grande Pizza,6.2478347,-75.5615794,,,restaurant,,,,,,Mo-Su 09:00-21:00,,,,comidas
node,5579484700,El Pan de la Abuela,6.2495595,-75.5629934,bakery,,,,,,,,,,,,panaderia
node,5582745512,Buñuelos,6.2702108,-75.5362285,,,fast_food,,,,,,,,Ricos buñuelos rellenos de queso mozarella y palitos de queso y bocadillo.,,comidas
node,5599375322,Korea House,6.2478789,-75.5976079,,,restaurant,,,,Transversal 39B,77-56,Tu-Su 12:00-21:00,korean;steak_house,,,comidas
node,5608266308,Papeleria,6.2651574,-75.5407368,stationery,,,,,,Carrera 25,,,,"Este establecimiento solo cumple con la función de papelería; estructura física agrietada, cercada a elementos y estructuras que pueden cae…",,papeleria
node,5608284436,Tienda,6.2650881,-75.540769,sweets,,,,,,Carrera 25,,Mo-Sa 08:00-18:00,,"Establecimiento adecuado en 2 piso desnivelado,uso de ventas de dulces, estructura física agrietada, alto riesgo de derrumbe y deslizamient…",,
node,5608306847,Verdolaga,6.2642852,-75.5407158,sweets,,,,,,Carrera 25,,,,"Un pequeño establecimiento con la única venta de dulces, gaseosas, etc. Estructura agrietada y cables luz sueltos, con riesgo de inundación…",,
node,5608306848,Tienda,6.2647569,-75.540824,supermarket,,,,,,Carrera 25,,Mo-Sa 09:00-20:00,,"Tienda con venta de gran variedad de alimentos, cerca de elementos que pueden caer en la calle, venta y uso de gas propano, cerca de estruc…",,tienda_viveres
node,5608306849,La Divisa,6.2645514,-75.5408121,alcohol,,,,,,Carrera 25,,,,"Establecimiento con venta de licor y variedad de alimentos, estructura física agrietada, uso de gas propano y cerca de punto de acumulación…",,tienda_viveres
node,5608338567,Tienda,6.2637154,-75.5406426,sweets,,,,,,Carrera 25,,,,"Pequeño establecimiento única venta dulces, gaseosas, confitería, etc. uso de gas propano. Cerca de hidrantes y colegio. Mayor flujo de adu…",,
node,5608338569,Venta de gas,6.2634015,-75.5406872,gas,,,,,,Carrera 25,,,,"Local con venta de gran cantidad de pipetas de gas propano, riesgo de inundación, deslizamiento de tierra, amenaza de caída de árbol y post…",,
node,5618518721,Flying Tree Yoga,6.2412493,-75.5928123,,,,,fitness_centre,,Transversal 39A,71-85,,,,https://www.flyingtreeyoga.com/,salud_bienestar
node,5619439577,Droguería San Jose,6.2465029,-75.5858671,,,pharmacy,pharmacy,,,,,,,,,salud_bienestar
node,5619439579,Litografía,6.2463056,-75.5853602,copyshop,,,,,,,,,,,,papeleria
node,5619439580,Médico - Odontológico,6.2469495,-75.5866101,,,doctors,doctor,,,,,,,,,salud_bienestar
node,5619439581,San Joaco Hambuerguesas,6.2469202,-75.5865189,,,fast_food,,,,,,,,,,comidas
node,5619439582,Papelería,6.2469075,-75.5864525,copyshop,,,,,,,,,,,,papeleria
node,5619439583,Los Libertadores,6.2468162,-75.5861367,alcohol,,,,,,,,,,,,tienda_viveres
node,5619439585,Tienda Religiosa,6.2463536,-75.5854527,art,,,,,,,,,,,,papeleria
node,5619439587,Minimercado la 67,6.2466796,-75.5856874,supermarket,,,,,,,,,,,,tienda_viveres
node,5619439588,Pan Sabroso,6.2466922,-75.5857672,bakery,,,,,,,,,,,,panaderia
node,5619789099,Bendito Restaurante,6.2269791,-75.5746746,,,restaurant,,,,,,,regional,,,comidas
node,5621371114,TIENDA,6.263348,-75.5425655,articulos_de_la_canasta_familiar,,,,,,Carrera 28,68B-30,Mo-Su 08:00-22:00,,,,
node,5621371115,TIENDA EL 22-20,6.2633026,-75.5425709,TIENDA,,,,,,Carrera 28,68B-30,Mo-Sa 08:00-18:00,,,,
node,5621371116,Taller de motos MRQ,6.2629842,-75.5432542,motorcycle,,,,,,Calle 68B,28-72,Mo-Fr 08:00-17:00,,,,mecanica_motos
node,5621371117,CERRAJERIA,6.2628414,-75.5428981,locksmith,,,,,,Calle 68B,28-10,Mo-Su 09:00-18:00,,,,
node,5621371118,El Rincon de Ramón,6.2629819,-75.5433039,convenience,,,,,,Calle 68B,28-76,Mo-Sa 08:00-20:00,,,,tienda_viveres
node,5621371120,Tienda,6.263384,-75.5433466,convenience,,,,,,Carrera 30,68B-18,Mo-Sa 08:00-18:00,,,,tienda_viveres
node,5621373321,Luzma Delicias,6.2632527,-75.5433405,,,restaurant,,,,Carrera 30,68B-35,,regional,,,comidas
node,5621373322,CONFESIONES,6.2628546,-75.542999,,dressmaker,,,,,Calle 68B,28-25,,,,,
node,5621373323,Modisteria y Miscelanea,6.2634224,-75.5425579,,dressmaker,,,,,Carrera 28,68B-64,Mo-Su 09:00-21:00,,,,
node,5622751692,El aviador,6.2651887,-75.5421443,hardware,,,,,,Calle 71,,,,"Industria, infraestructura agrietada con elementos que pueden caer a la calle, presencia de sustancias químicas y peligrosas, presencias de…",,construccion
node,5622805870,Legumbreria El Coste,6.2651638,-75.5419952,convenience,,,,,,Calle 71,,,,Casa en la cual hay un establecimiento comercial y utilizan gas profano.,,tienda_viveres
node,5622816516,La 71,6.2651659,-75.5420498,convenience,,,,,,Calle 71,,,,"Establecimiento comercial, utilización de gas profano.",,tienda_viveres
node,5622882590,Confecciones EXKAPE,6.2650832,-75.5415614,clothes,,,,,,Calle 71,,,,"varias personas laboran en el lugar, utilizan maquinas de alto voltaje, y trabajan con tela.",,ropa_calzado
node,5630983421,Mercado del Tranvía,6.2425112,-75.5562605,,,restaurant,,,,,,,,,,comidas
node,5636373546,La cafetería,6.2615414,-75.5793145,,,cafe,,,,,,Mo-Fr 07:00-17:00,,,,comidas
node,5636373547,Droguería Colsubsidio,6.2614221,-75.5793524,,,,yes,,,,,,,,,salud_bienestar
node,5636405477,Papelería del 21,6.2619807,-75.5763046,stationery,,,,,,,,Mo 07:30-17:00; Tu-Fr 07:30-17:30,,,,papeleria
node,5636405483,Papelería Arqu1tectura Unal,6.2630055,-75.5759576,stationery,,,,,,,,Mo-Fr 08:00-17:00,,,,papeleria
node,5637538021,Peace and Food,6.2426133,-75.5864147,,,restaurant,,,,Avenida Bolivariana,66b#35-36,,french;mediterranean;sandwich;pizza;turkish,,,comidas
node,5638625822,Olímpica San Pío,6.1649606,-75.6199014,supermarket,,,,,,Calle 33,47-32,,,,,tienda_viveres
node,5663231023,Basilica,6.2086312,-75.5676043,,,restaurant,,,,,,,international;sushi;tapas;barbecue;sandwich;diner;fine_dining;grill;burger;italian;italian_pizza;coffee_shop;mediterranean;crepe;regional;steak_house;cake;thai,,,comidas
node,5663231024,Casa Comedor,6.2086893,-75.5656701,,,restaurant,,,,,,,mexican,,,comidas
node,5685993421,La Buena Vida Libros y Café,6.1689543,-75.5894227,books,,,,,,,,,,,,papeleria
node,5686534721,Simple,6.1662668,-75.589668,,,restaurant,,,,,,,,,,comidas
node,5686534821,Cabal Pupusas de El Salvador,6.1664848,-75.589616,,,restaurant,,,,,,,,,,comidas
node,5693949429,Ksabe,6.24624,-75.5913296,,,fast_food,,,,,,,,,,comidas
node,5695426021,Comida Sana,6.2550126,-75.580801,,,restaurant,,,,,,,,,,comidas
node,5695426121,El árbol de la vida,6.2547824,-75.5805798,,,restaurant,,,,,,,,,,comidas
node,5706252723,Cocolatte Café,6.1771451,-75.5863,,,cafe,,,,,,,,,,comidas
node,5737581382,Fumigaciones Leo,6.1567483,-75.6422466,pest_control,,,,,,,,,,,,
node,5741783521,Ganso & Castor,6.2068716,-75.5662767,,,cafe,,,,,,,,,,comidas
node,5748198251,Restaurante Justo,6.2105408,-75.566052,,,restaurant,,,,,,,,,,comidas
node,5748234421,Shanti Cocina Vital,6.2104653,-75.5652823,,,restaurant,,,,Carrera 36,Norte 10B-27,,,,,comidas
node,5748249721,Ceres Mercado Organico,6.2104309,-75.5660881,supermarket,,,,,,,,,,,,tienda_viveres
node,5749477828,Betty's Bowls,6.2073087,-75.5638979,,,restaurant,,,,Carrera 32D,7A-77 Local 01,Mo-Su 08:00-18:00,breakfast,,https://bettysbowls.com/,comidas
node,5755353121,Gato,6.2082761,-75.5658836,,,restaurant,,,,,,,,,https://www.menudigital.com/restaurante/gato,comidas
node,5756534221,Cremas Dona Alba,6.2489375,-75.6215594,,,ice_cream,,,,,,,,,,comidas
node,5757054422,Centro de tecnología,6.2527017,-75.5656685,mobile_phone,,,,,,,,,,,,tecnologia_celulares
node,5757164421,Que Sazón la del Paisita,6.2096705,-75.570182,,,restaurant,,,,,,,,,,comidas
node,5759217738,Domino's,6.2389491,-75.6017643,,,fast_food,,,,Calle 33,80B 34,,pizza,,,comidas
node,5774714553,Emilio,6.2518116,-75.5881977,,,fast_food,,,,,,,,,,comidas
node,5775965353,Cremas Doña Consuelo,6.2486979,-75.6215981,,,ice_cream,,,,,,,,,,comidas
node,5780454853,Cafetería Boyaca,6.2509485,-75.5694343,,,restaurant,,,,,,Mo-Sa 07:30-18:00,,,,comidas
node,5785080654,El Palacio Del Tenis,6.2494113,-75.5700055,shoes,,,,,,,,,,,,ropa_calzado
node,5804933261,Sushi Train,6.2090697,-75.5650788,,,restaurant,,,,,,,sushi,,,comidas
node,5820606938,fotocopiadora don Alberto,6.2684076,-75.5682461,copyshop,,,,,,,,,,"local comercial, implementos de estudio y mas",,papeleria
node,5824564453,Rocoto,6.207763,-75.5647175,,,restaurant,,,,,,,peruvian,,,comidas
node,5835182985,La Parrillita,6.2098542,-75.5715547,,,restaurant,,,,,,,,,,comidas
node,5835293799,De Lolita,6.2682967,-75.5683837,,,cafe,,,,,,Mo-Fr 06:00-19:00; Sa 08:00-16:00; PH off,,,https://delolita.com,comidas
node,5849517989,Tienda lalos,6.182148,-75.6031377,convenience,,,,,,Calle 66A,,,,,,tienda_viveres
node,5859996044,SORBITOS,6.2500081,-75.5911386,,,cafe,,,,,,Mo-Sa 06:30-19:30,,,,comidas
node,5860015304,El CASERITO,6.2493628,-75.5911438,,,restaurant,,,,Carrera 72,CALLE 44,Mo-Sa 06:00-18:00,regional,,,comidas
node,5860017835,Yamaha,6.2497828,-75.5921329,motorcycle,,,,,,Carrera 73,CALLE 44,,,MUNDO YAMAHA,,mecanica_motos
node,5860026735,Honda,6.2497109,-75.5915731,motorcycle,,,,,,,,,,TALLER Y REPUESTOS,,mecanica_motos
node,5860028429,Moto Piston La 44,6.2497024,-75.5914597,motorcycle,,,,,,,,,,,,mecanica_motos
node,5867365002,Drogas Estación Prado,6.2571533,-75.5665371,,,pharmacy,pharmacy,,,,,,,,,salud_bienestar
node,5888690820,Tienda de los Chocolos,6.473097,-75.2753216,supermarket,,,,,,,,,,,,tienda_viveres
node,5891392657,Home Burgers,6.2452905,-75.5952242,,,fast_food,,,,Transversal 39B,74-20,,burger,,,comidas
node,5897972385,Opio Studio Tattoo,6.2088733,-75.5682307,tattoo,,,,,,Calle 9,39-23,Mo-Sa 10:30-19:00,,,https://www.opiostudiotattoo.com/,
node,5900332102,Maxitel Cabinet,6.1520355,-75.6163478,kitchen,,,,,,,,,,,,
node,5920739787,Aves Maria,6.1501269,-75.6140886,,,pharmacy,pharmacy,,,,,,,,,salud_bienestar
node,5923254985,Mr Burger,6.2423508,-75.5866394,,,restaurant,,,,,,,,,,comidas
node,5924065386,D1,6.2412685,-75.5861093,supermarket,,,,,,,,,,,,tienda_viveres
node,5927779290,KTM R2R Bikes,6.214548,-75.5803831,motorcycle,,,,,,Calle 10,50-250,"Mo-Fr 08:30-18:30; Sa 09:00-14:00; Su,PH off",,Tienda y taller autorizado KTM Auteco en Medellin,,mecanica_motos
node,5930282785,Cafe Aroma de Barrio,6.2483529,-75.6218513,,,cafe,,,,,,,coffee_shop,,,comidas
node,5935739685,V.I.T. Tours Medellín,6.2062242,-75.5652991,travel_agency,,,,,,,,,,,,
node,5937796986,Rapilimpio,6.2110969,-75.5716522,laundry,,,,,,Calle 10,43-52,Mo-Fr 08:00-17:45; Sa 08:00-15:00,,,,
node,5941522887,Africa Motos,6.2381761,-75.5744815,motorcycle,,,,,,,,,,,,mecanica_motos
node,5941532986,Africa Motos,6.2391466,-75.5744815,motorcycle,,,,,,,,,,,https://www.africamotos.com/Africa_Motos/Home.html,mecanica_motos
node,5941534185,12 Clicks,6.2272396,-75.5737917,motorcycle,,,,,,,,,,,http://www.12clicks.com.co/motos,mecanica_motos
node,5951706263,Subway,6.2503247,-75.5884079,,,fast_food,,,,,,,sandwich,,,comidas
node,5951706265,Emilio,6.2513573,-75.5880013,,,restaurant,,,,,,,,,,comidas
node,5951706275,Piccolo,6.2526077,-75.5877948,,,restaurant,,,,,,,pizza,,,comidas
node,5951706280,Barbería 7Zero,6.2477971,-75.5899024,hairdresser,,,,,,,,Mo-Su 11:00-18:00,,,,belleza_peluqueria
node,5951706281,Empanadas la catedral,6.2489117,-75.5889654,,,restaurant,,,,,,,regional;empanada,,,comidas
node,5970474989,Dempos,6.1627268,-75.6001779,,,pharmacy,pharmacy,,,,,Mo-Fr 07:00-18:00; Sa 09:00-12:00,,,,salud_bienestar
node,5980121193,Viratto,6.238651,-75.5757296,car,,,,,,,,,,,https://www.viratto.com/,mecanica_motos
node,5994342485,Mi Palenque,6.2558365,-75.6172832,,,restaurant,,,,,,,fish;steak_house;regional;seafood,,,comidas
node,6010405986,Ristorante del Bosque,6.269642,-75.5649341,,,restaurant,,,,,,,,,,comidas
node,6010838985,Mercado del Parque,6.2464666,-75.5937204,,,fast_food,,,,Calle 39D,73-136,,,,https://www.instagram.com/mercadodelparque/,comidas
node,6011381987,Laboratorio del café,6.2650021,-75.5664572,,,cafe,,,,Carrera 52,,,coffee_shop,,https://ellaboratoriodecafe.com,comidas
node,6013612886,Lavocaderia,6.2141098,-75.571678,,,restaurant,,,,Calle 13,43d-23,,avacado,,https://www.lavocaderia.co,comidas
node,6014117490,Café Aroma del Barrio,6.2478674,-75.6220488,,,cafe,,,,,,,coffee_shop,,https://m.facebook.com/aromadebarrio13/about/?ref=page_internal&mt_nav=0,comidas
node,6015768189,Los Mejores,6.2432464,-75.6033328,bakery,,,,,,Calle 35,81-59,Mo-Fr 05:15-20:00; Sa 06:00-19:30; Su 06:00-19:00,,,,panaderia
node,6018580585,La Pizza De Alejo,6.2073826,-75.5655812,,,restaurant,,,,,,,,,,comidas
node,6028153382,Virgen del carmen,6.2684791,-75.5693455,,sculptor,,,,,,,,,,,
node,6032274024,Carpinteria Jeferson Acevedo,6.2744503,-75.6272723,,metal_construction,,,,,,,,,,,construccion
node,6032606785,Droguería La Rebaja,6.245198,-75.6007758,,,pharmacy,pharmacy,,,,,Mo-Sa 07:00-22:00; Su 09:00-20:00,,,,salud_bienestar
node,6034847399,Deli Arepas,6.2541009,-75.5832237,,,restaurant,,,,,,,regional,,,comidas
node,6061171185,Decathlon,6.1767219,-75.5922653,sports,,,,,,,,,,,,
node,6069193185,Sushi Gama,6.2135361,-75.5735993,,,restaurant,,,,Calle 11A,43F-05,"Tu-Th 11:30-14:30, 18:00-21:00; Fr-Sa 12:00-14:30, 18:30-21:30; Mo 18:00-21:00; Su 12:00-16:00",,,https://www.sushigama.com/,comidas
node,6086125285,Opio Studio Tattoo,6.2382722,-75.5969868,tattoo,,,,,,Calle 32F,76-35,Mo-Sa 10:30-19:00,,,https://www.opiostudiotattoo.com/,
node,6090924486,Cafetería Servi Lunc's,6.3011754,-75.5688243,,,cafe,,,,,,,,,,comidas
node,6090943587,Las Delicias,6.3009337,-75.568652,,,restaurant,,,,,,Jan-Dec,,,,comidas
node,6093836686,AROS&GARCIA,6.237589,-75.6029752,,,cafe,,,,Calle 32EE,80C-63,Mo-Sa 00:00-24:00,coffee_shop;sandwich,,http://www.arosygarcia.com,comidas
node,6094162685,Jimmy's,6.239394,-75.5904808,,,fast_food,,,,Calle 33,74B-06,Mo-Th 18:00-24:00; Fr-Sa 18:00-05:00; Su 18:00-23:30,,,http://www.webdeamigos.com/jimmys,comidas
node,6097199586,Justo & Bueno,6.4366979,-75.3315937,department_store,,,,,,,,,,,https://justoybueno.com,
node,6104653985,Mandingas La Almería,6.2437458,-75.6133353,,,fast_food,,,,Carrera 88,34B-34,Mo-Su 16:00-24:00,papas,,,comidas
node,6110014285,Fire House,6.2245027,-75.5744819,,,restaurant,,,,,,Mo-Th 12:00-21:30; Fr-Sa 12:00-22:30; Su 12:00-20:45,,,,comidas
node,6113800785,Mochi-Llín Company,6.2340987,-75.5969194,travel_agency,,,,,,Carrera 76 A,32-52,24/7,,,,
node,6122413185,Serviteca Autodiamante Buenos Aires,6.2398852,-75.552165,car_repair,,,,,,Carrera 29,48-24,24/7,,,,mecanica_motos
node,6129018786,Sándwich Qbano,6.2711103,-75.5766046,,,fast_food,,,,Calle 71,65-150,Mo-Su 12:00-22:00,sandwich,,https://www.qbano.com/,comidas
node,6129628885,Zapaticas Dogs,6.251753,-75.6081542,,,fast_food,,,,Carrera 90,43-05,Su-Th 16:00-23:00; Fr-Sa 16:00-24:00,hot_dog,,,comidas
node,6135548487,Naranjo en Flor,6.346478,-75.5069733,,,restaurant,,,,Carrera 49,49-18,We-Su 08:00-22:00; Mo-Tu 08:00-17:00,regional,,,comidas
node,6135845485,Llantas Casa Grande,6.2492798,-75.5871325,car_repair,,,,,,Calle 44,68A-34,Mo-Fr 08:00-18:00; Sa 08:00-15:00,,,,mecanica_motos
node,6135902885,Barber Shop La 35,6.2441887,-75.6072713,hairdresser,,,,,,Calle 35,84-25,Mo-Th 10:00-20:00; Fr-Sa 10:00-21:00; Su 09:00-18:00,,,,belleza_peluqueria
node,6139389685,La Cleta,6.3464088,-75.5088092,,,restaurant,,,,Carrera 51,50-21,Mo-Th 10:00-21:00; Fr-Su 09:00-22:00,,,,comidas
node,6146460686,BeColombia,6.2114979,-75.5729128,travel_agency,,,,,,Calle 10,43,,,,,
node,6150665985,Los Perritos Brood - La Paz,6.1605033,-75.5952339,,,fast_food,,,,,,,,,,comidas
node,6150666185,Veneca Arepas venezolanas,6.1656991,-75.5891305,,,fast_food,,,,,,,,,,comidas
node,6173421486,Droguería Almería,6.2442334,-75.6129704,,,pharmacy,,,,Carrera 87C,34C-28,Mo-Sa 08:00-21:00; Su 09:00-14:00,,,,salud_bienestar
node,6173435986,Unillaves,6.2442678,-75.6131108,hardware,,,,,,Carrera 87C,34C-40,,,,,construccion
node,6174424289,Fruver y carnicería,6.2050242,-75.5821687,greengrocer,,,,,,,,,,,,tienda_viveres
node,6174424293,Domipollo Express,6.2108442,-75.5953003,,,restaurant,,,,,,,,,,comidas
node,6174428988,D1,6.2092542,-75.5936275,supermarket,,,,,,Diagonal 75B,,Mo-Su 07:00-21:00,,,http://www.tiendasd1.com,tienda_viveres
node,6174436586,Supermercado MercaZ,6.209151,-75.5855872,supermarket,,,,,,,,,,,,tienda_viveres
node,6174436587,Supermercado Justo & Bueno,6.205085,-75.5823201,supermarket,,,,,,,,,,,,tienda_viveres
node,6174436588,Panadería y restaurante,6.2052571,-75.5827517,bakery,,,,,,,,,,,,panaderia
node,6174436591,Barberia y peluquería,6.2055512,-75.5834268,hairdresser,,,,,,,,,,,,belleza_peluqueria
node,6179022589,La Miguería,6.2424888,-75.5978106,bakery,,,,,,Calle 35,77-1,Mo-Sa 07:00-18:00,,,,panaderia
node,6182612785,La Burger Bar,6.1662705,-75.5898452,,,restaurant,,,,,,,burger,,,comidas
node,6204110513,Panadería y Cafetería Los Hermanos,6.250606,-75.5622726,bakery,,,,,,,,,,,,panaderia
node,6208520208,Electrónica I+D,6.254434,-75.5827167,computer,,,,,,Calle 48D,65A-35,Mo-Fr 09:00-18:00,,,https://www.didacticaselectronicas.com/,tecnologia_celulares
node,6219926085,Caseros a su Gusto - C.C. Gran Plaza,6.2469582,-75.5725498,,,restaurant,,,,Carrera 45,53-50,,regional,,,comidas
node,6226250586,ERRAJES,6.2299635,-75.5696192,hardware,,,,,,,,,,,,construccion
node,6226260285,Casa del Tiplex,6.2309354,-75.5928018,copyshop,,,,,,,,,,,,papeleria
node,6226260286,HSS,6.2287675,-75.5945321,hardware,,,,,,,,,,,,construccion
node,6236597514,Buena Esquina,6.3302628,-75.558635,convenience,,,,,,,,,,,,tienda_viveres
node,6237242587,Cemex Itagui,6.1582552,-75.6188464,copyshop,,,,,,,,,,,,papeleria
node,6237243586,CHENCHAS,6.2292797,-75.5838224,car_repair,,,,,,,,,,,,mecanica_motos
node,6247458585,Mediclinico San Francisco,6.247378,-75.564657,,,doctors,,,,Carrera 45,49-45,Mo-Fr 06:00-16:00; Sa 07:00-12:00,,,https://www.mediclinico.com/,salud_bienestar
node,6251492788,Smart Fit,6.2457535,-75.5647951,,,,,fitness_centre,,Calle 48,43-81,Mo-Th 05:00-22:00; Su 08:00-17:00; Fr 05:00-21:00; Sa 07:00-17:00,,,https://www.smartfit.com.co/sedes/san-ignacio,salud_bienestar
node,6251522585,Concesionario Monterrey,6.2439022,-75.5632234,motorcycle,,,,,,Calle 47,41-55,,,,https://www.monterreymotos.com/,mecanica_motos
node,6251524988,Saludable,6.2454075,-75.5654437,,,restaurant,,,,Carrera 44,,,,,,comidas
node,6251568785,Autolavado,6.244037,-75.5645255,,,car_wash,,,,Carrera 43,,,,,,mecanica_motos
node,6251568786,Autolavado,6.2441686,-75.5637779,,,car_wash,,,,,,,,,,mecanica_motos
node,6256362785,Toreto'ss Burger,6.2441364,-75.6127317,,,restaurant,,,,Calle 35,87B-43,"Mo-Th 16:00-21:30; Fr,Sa 12:00-22:30; Su,PH 12:00-21:30",burger;hot_dog;grill,,,comidas
node,6272756640,Visual Plus,6.2512856,-75.5655737,optician,,,,,,,,Mo-Fr 09:00-18:00+; Sa 08:00-17:00,,optica que puede hacer nuevos lentes en una hora,,salud_bienestar
node,6276801087,claro,6.2514925,-75.5721665,mobile_phone,,,,,,,,,,,,tecnologia_celulares
node,6292079185,Donde Pancho,6.257285,-75.5616371,bakery,,,,,,,,,,,,panaderia
node,6292079187,Bolivar,6.2591422,-75.5649972,,,restaurant,,,,,,,,,,comidas
node,6292079285,El Caserito,6.2592832,-75.5646068,,,restaurant,,,,,,,,,,comidas
node,6299719093,Dharma Vegan resto $,6.2098912,-75.5715474,,,restaurant,,,,,,,,,,comidas
node,6299719094,Turban kabab house,6.2093054,-75.5669504,,,restaurant,,,,,,,,,,comidas
node,6299719095,Pezetarian (sushi) $,6.2077528,-75.5659468,,,restaurant,,,,,,,,,,comidas
node,6299719096,Casa flam,6.2084612,-75.5648062,,,restaurant,,,,,,,,,,comidas
node,6299719097,Betty's bowls,6.2072756,-75.5638608,,,restaurant,,,,,,,,,,comidas
node,6299732287,Melevo (steaks),6.2135949,-75.5733473,,,restaurant,,,,,,,,,,comidas
node,6299737286,Zaaika indian restaurant $,6.2087762,-75.5706126,,,restaurant,,,,,,,,,,comidas
node,6299737287,Kai restaurante $,6.2106121,-75.5677734,,,restaurant,,,,,,,,,,comidas
node,6299737288,Cafe dulcinea,6.2105181,-75.5670267,,,restaurant,,,,,,,,,,comidas
node,6299737289,Massi's grab and go (italian) $,6.2069603,-75.5663729,,,restaurant,,,,,,,,,,comidas
node,6302223585,Macanas,6.2072953,-75.5650698,,,restaurant,,,,,,,,,,comidas
node,6309836341,Súpermercados Los Giraldo,6.3036624,-75.5494821,supermarket,,,,,,Cra. 47,120-15,Mo-Sa 08:00-21:00; Su 08:00-15:00,,,,tienda_viveres
node,6309836343,Fruver Los Giraldo,6.3035953,-75.5495615,greengrocer,,,,,,Carrera 47,120-15,Lunes-Sábado de 8:00 am a 8:00 pm. Domingos y festivos de 8:00 am a 3:00 pm,,,,tienda_viveres
node,6316896485,Meridiano,6.2553274,-75.580876,,,restaurant,,,,,,,,,,comidas
node,6317303185,Barbaro Cocina Primitiva,6.2102189,-75.5663042,,,restaurant,,,,Carrera 37,10A-23,,grill,,https://barbarococinaprimitiva.com/,comidas
node,6317309786,Brutal,6.1988697,-75.5726379,,,restaurant,,,,Carrera 42,5 sur -14,,,,,comidas
node,6319834087,Movie time,6.2081511,-75.5664407,,,restaurant,,,,,,,,,,comidas
node,6322101186,Monarca,6.2558262,-75.5820171,,,restaurant,,,,,,,,,,comidas
node,6322110985,Ciao Pizza Gourmet,6.2534813,-75.5799303,,,restaurant,,,,,,,,,,comidas
node,6327359287,D1,6.2749466,-75.582912,supermarket,,,,,,,,,,,,tienda_viveres
node,6327383889,D1,6.2748481,-75.5830094,supermarket,,,,,,,,,,,,tienda_viveres
node,6327573388,La perrada de Humberto,6.2609375,-75.5971751,,,fast_food,,,,,,,,,,comidas
node,6334359685,El Cielo,6.2105925,-75.5675951,,,restaurant,,,,Carrera 40,10A-22,,,,,comidas
node,6334360586,El Botánico,6.2067513,-75.5639287,,,restaurant,,,,Carrera 33,7,,,,,comidas
node,6340286785,Bianchas,6.2910324,-75.5716319,,,restaurant,,,,Calle 96,68-28,Mo-Su 07:00-21:00,seafood;caribbean;regional;fish,,http://www.restaurantebianchas.com,comidas
node,6343071786,Due Amici,6.2550986,-75.5813274,,,restaurant,,,,,,,,,,comidas
node,6348565085,Don Carlos Restaurant,6.2499112,-75.5893081,,,restaurant,,,,Calle 44A,70-54,Mo-Su 07:00-22:00,regional,,,comidas
node,6351228785,Verdeo,6.210564,-75.5654756,,,restaurant,,,,Carrera 36,,,,,,comidas
node,6355167886,Clivem,6.2385229,-75.5954857,,,doctors,,,,Calle 32F,75C 31,,,,,salud_bienestar
node,6355855038,PowerGym picacho,6.3034896,-75.5822532,,,,,fitness_centre,,,,,,,,salud_bienestar
node,6355855043,Babysec Huellitas de bebé,6.3035676,-75.5822608,baby_goods,,,,,,,,,,,,
node,6355855044,EMELYN ventas a crédito,6.3035486,-75.5822216,clothes,,,,,,,,,,,,ropa_calzado
node,6355855045,Variedades AMMY,6.3035084,-75.5822923,gift,,,,,,,,,,,,papeleria
node,6355855052,Estadero y asados la Y,6.3036225,-75.5821347,,,restaurant,,,,,,,,,,comidas
node,6355855053,Frany Sport,6.3031399,-75.5821343,shoes,,,,,,,,,,,,ropa_calzado
node,6355855054,Remates y Variedades Stella,6.3030891,-75.5821,stationery,,,,,,,,,,,,papeleria
node,6355855055,Fruty cream,6.3032851,-75.5822309,,,ice_cream,,,,,,,,,,comidas
node,6355855056,ALMACÉN PREMIUM MODA LA Y,6.3033203,-75.5822479,clothes,,,,,,,,,,,,ropa_calzado
node,6355855057,El sabor de la Y,6.3031656,-75.5823465,bakery,,,,,,,,,,,,panaderia
node,6355855058,Granero el Picacho,6.3032789,-75.5823696,convenience,,,,,,,,,,,,tienda_viveres
node,6355855059,Estilo y belleza,6.3033647,-75.5824004,hairdresser,,,,,,,,,,,,belleza_peluqueria
node,6355855060,Supercarnes JH,6.3034489,-75.5824296,butcher,,,,,,,,,,,,tienda_viveres
node,6355855061,Valencia,6.3034994,-75.5824682,supermarket,,,,,,,,,,,,tienda_viveres
node,6355855063,Mercados Duque,6.3035699,-75.5824142,supermarket,,,,,,,,,,,,tienda_viveres
node,6355855069,Omar,6.3037628,-75.5821231,greengrocer,,,,,,,,,,,,tienda_viveres
node,6355855070,Carnicería llanera 83,6.3038271,-75.5820769,butcher,,,,,,,,,,,,tienda_viveres
node,6355855071,Todo a mil,6.3038731,-75.5820445,variety_store,,,,,,,,,,,,papeleria
node,6355855074,El castillo de la piñata,6.3036526,-75.5821662,party,,,,,,,,,,,,
node,6355855075,Droguería conversalud,6.3036265,-75.5822232,chemist,,,,,,,,,,,,salud_bienestar
node,6355855076,Monte Azul Rey,6.3041484,-75.5820889,convenience,,,,,,,,,,,,tienda_viveres
node,6355855077,"Marquetería, vidrios y algo más",6.3043102,-75.5820269,hardware,,,,,,,,,,,,construccion
node,6355861889,Gamarck,6.303919,-75.5819045,pet,,,,,,,,,,,,mascotas
node,6355861890,DUMAR,6.3028465,-75.5825267,chemist,,,,,,,,,,,,salud_bienestar
node,6364870185,Centro Comercial El Hueco #1,6.2487663,-75.571573,department_store,,,,,,Calle 53,,Mo-Sa 00:00-24:00,,,,
node,6368443887,La Casa Del Arte,6.2507253,-75.5970337,tattoo,,,,,,Calle 44A,78-14,Mo-Su 11:00-21:00,,,,
node,6374792685,Food Store,6.2512547,-75.6064546,convenience,,,,,,,,,,,,tienda_viveres
node,6386451253,Maru Rico!,6.2029052,-75.585327,,,restaurant,,,,Carrera 51,06 SUR 08,Mo-Su 08:00-17:00,,,,comidas
node,6389868986,Haiku Cafe Maid,6.2548733,-75.5797311,,,cafe,,,,Calle # a 64b,Cl. 125 #4964,,,,,comidas
node,6401206185,Seguridad y vigilancia a,6.2542475,-75.5833924,computer,,,,,,Calle 48C,66-27,,,,,tecnologia_celulares
node,6410519285,Café Revolución,6.2446311,-75.5997392,,,cafe,,,,Calle 37,79-32,,coffee_shop,,,comidas
node,6412301286,Rituales,6.2456195,-75.5953141,,,cafe,,,,,,,coffee_shop,,,comidas
node,6414693185,Como Pez En El Agua,6.207868,-75.5659308,bakery,,,,,,Carrera 35,8A-67,Mo-We 09:00-19:00; Th-Sa 09:00-18:00; Su 09:00-17:00,,,http://comopezenelagua.co,panaderia
node,6433250185,Doña Tere,6.4990944,-75.3359989,convenience,,,,,,,,,,,,tienda_viveres
node,6443929485,Super Pizza,6.2110994,-75.5719568,,,restaurant,,,,,,,pizza;burger,,,comidas
node,6446632285,"Achiote, Menu del dia 12000",6.2461625,-75.5915712,,,restaurant,,,,,,,,,,comidas
node,6448642385,Soul,6.2239224,-75.4905831,,,restaurant,,,,,,Mo 11:00-18:00; We-Fr 11:00-22:00; Sa-Su 11:00-23:00,burger;sandwich;coffee_shop;grill,,,comidas
node,6450892485,Moto Rent Medellín,6.2378545,-75.5959097,motorcycle,,,,,,Calle 32EE,75C-64,Mo-Su 08:00-18:00,,,http://www.motorentalmedellin.com,mecanica_motos
node,6452773193,El Sabor de San Juan,6.2499618,-75.5976926,,,restaurant,,,,,,,,,,comidas
node,6460216754,Supermercado Mil Variedades,6.1576518,-75.6044464,supermarket,,,,,,Carrera 43A,53sur -40,Mo-Sa 08:00-20:30; Su 08:00-14:30,,,,tienda_viveres
node,6460216755,D1,6.157919,-75.6040195,supermarket,,,,,,Calle 53C Sur,43-74,,,,,tienda_viveres
node,6460216760,El Tropico,6.1570317,-75.6058008,supermarket,,,,,,Carrera 43A,,,,,,tienda_viveres
node,6460216761,Real Vidrios Sabaneta,6.1570729,-75.6057333,car_repair,,,,,,Carrera 43A #55 Sur 27,,,,,,mecanica_motos
node,6460216775,Supertienda Sanzen,6.1565813,-75.6062277,supermarket,,,,,,Carrera 43A,56 Sur 30,Mo-Sa 08:00-20:30; Su 08:00-02:30,,,,tienda_viveres
node,6460216778,Fruit stand,6.1571368,-75.6052364,farm,,,,,,,,,,,,tienda_viveres
node,6460221185,A tono con La Belleza,6.156703,-75.6064375,beauty,,,,,,Carrera 43A,,,,,,belleza_peluqueria
node,6473115285,El Casero,6.2496342,-75.5871366,,,restaurant,,,,,,,breakfast;local,,,comidas
node,6484134286,Opera Pizzería & Restaurante,6.2479894,-75.589162,,,restaurant,,,,Calle 42,22,,,,,comidas
node,6496463785,Pane e Pomodoro,6.2119925,-75.5707186,,,restaurant,,,,Carrera 43B,11-88,Mo-Su 00:00-12:00,italian,,https://paneepomodoro.com.co/,comidas
node,6507518486,Diostedé Café,6.2508909,-75.5659694,,,cafe,,,,Carrera 49,52-107,Mo-Su 08:00-20:00,coffee_shop,,,comidas
node,6516008186,Tienda de ropa interior para dama y hombre,6.2590733,-75.5511649,clothes,,,,,,Villa Hermosa,,Mo-Su 09:00-21:00,,,,ropa_calzado
node,6534494186,Hatoviejo,6.2498667,-75.5656448,,,restaurant,,,,,,,,,https://www.hatoviejo.com/,comidas
node,6535445185,Las trucheras,6.136247,-75.5672932,,,restaurant,,,,,,,,,,comidas
node,6551227688,Navissi,6.2091393,-75.5685594,clothes,,,,,,,,,,,https://navissi.com/,ropa_calzado
node,6551227689,Bionica,6.2079475,-75.56593,clothes,,,,,,Carrera 35,8A - 59,,,,https://www.administratuempresa.com/,ropa_calzado
node,6551231586,Como pezen el agua,6.2080835,-75.5658875,,,cafe,,,,Carrera 35,,,,,http://www.comopezenelagua.co,comidas
node,6551231787,El Cuarto,6.2078549,-75.567116,clothes,,,,,,,,,,,,ropa_calzado
node,6551231885,Bowls & brunch,6.2077718,-75.5671398,bakery,,,,,,,,,,,,panaderia
node,6551691785,Achiote Bistro,6.2462274,-75.5914288,,,restaurant,,,,Circular 4,,Mo-Sa 09:00-20:00,coffee_shop;local,,,comidas
node,6551713585,El Güero Taquería,6.2140636,-75.5726009,,,restaurant,,,,,,,mexican,,,comidas
node,6551713586,Hacienda Origen,6.2139841,-75.5726213,,,restaurant,,,,,,,,,https://haciendaorigen.com/,comidas
node,6561086751,Super Mandingas,6.2569265,-75.6129559,,,fast_food,,,,,,,fries,,,comidas
node,6580654386,Lavanderia Lava+,6.2628097,-75.5683083,laundry,,,,,,,,,,,,
node,6589757187,Copoazú,6.2313104,-75.6038562,,,restaurant,,,,Calle 30,82-44,Mo-Sa 09:00-15:30,,,,comidas
node,6592288173,MerkaTodo,6.1549397,-75.6087518,supermarket,,,,,,Calle 61 Sur,,,,,,tienda_viveres
node,6603973787,Poke Bowl the Hawaiian Sushi,6.2067891,-75.56492,seafood,,,,,,Carrera 34,7-73,,,,,tienda_viveres
node,6622739180,Starbucks,6.2099235,-75.5663117,,,cafe,,,,Calle 10A,104-04,,coffee_shop,,,comidas
node,6628919185,Gogo Bikes,6.3750878,-75.4475097,bicycle,,,,,,,,,,,,
node,6634698408,AGAVAL,6.3325744,-75.5566736,clothes,,,,,,,,Mo-Su 09:00-20:00,,,,ropa_calzado
node,6634698409,Urgencias delNorte SAS,6.3330822,-75.556573,,,hospital,hospital,,,,,,,,,salud_bienestar
node,6652181585,Café Bistro Kumini,6.2347927,-75.4959475,,,cafe,,,,,,,,,,comidas
node,6656178177,Bj Pizza,6.2491115,-75.5954509,,,restaurant,,,,,,Su-Th 12:00-22:15; Fr-Sa 12:00-23:45,pizza;pasta,,,comidas
node,6656178426,Arepa Todo,6.2492482,-75.5954253,,,restaurant,,,,,,Tu-Su 15:00-23:00,burger;kebab;sandwich,,,comidas
node,6662582085,Panadería Chipre,6.1863216,-75.5622483,bakery,,,,,,,,,,,,panaderia
node,6673438385,Labaratorio de Café,6.252217,-75.5690111,,,cafe,,,,,,,,,,comidas
node,6681885587,Pane e Pomodoro,6.2466599,-75.5923305,,,restaurant,,,,,,,italian_pizza,,,comidas
node,6695217779,El Juego Social,6.2135995,-75.5714085,,,restaurant,,,,,,,colombian,,,comidas
node,6695740406,Home Burgers,6.2070719,-75.5718835,,,fast_food,,,,,,,burger,,,comidas
node,6697824670,Lala's Cafe,6.2129285,-75.5713351,,,cafe,,,,Calle 11A,,,,,,comidas
node,6700398401,Tostao’,6.215399,-75.570819,,,cafe,,,,,,"Mo-Sa 06:00-20:00, Sa,Su 08:00-15:00",coffee_shop,,,comidas
node,6712114886,K-Boom,6.2513497,-75.6109129,,,ice_cream,,,,Carrera 92,39-32,,,,https://kboom.com.co/,comidas
node,6721978286,Cafe Exlibris,6.2570273,-75.578139,,,restaurant,,,,,,,bakery;french;italian,,,comidas
node,6727664964,D1,6.2131903,-75.5708037,supermarket,,,,,,,,,,,,tienda_viveres
node,6727672728,Milk Shake,6.2120122,-75.5702458,,,ice_cream,,,,,,,,,,comidas
node,6735455585,El Boleo,6.2141901,-75.5731613,,,restaurant,,,,,,,,,,comidas
node,6735455685,Los Libertadores,6.2141439,-75.573041,,,cafe,,,,,,,,,,comidas
node,6735468685,Luxe Auto SPA,6.2150217,-75.573063,,,car_wash,,,,,,,,,,mecanica_motos
node,6735552785,Il carreto - trattoria pizzeria,6.2070788,-75.5742601,,,restaurant,,,,,,,italian,,,comidas
node,6736045365,Tal Cual,6.2137136,-75.5717106,,,restaurant,,,,,,,,,https://www.talcualrestaurante.com/,comidas
node,6736506590,Chef Penagos,6.2104324,-75.5713394,,,fast_food,,,,,,,,,,comidas
node,6736506591,Auto Deluxe,6.2116844,-75.5708623,,,car_wash,,,,,,,,,,mecanica_motos
node,6736506593,Amarelo Rodizio,6.212454,-75.571396,,,restaurant,,,,,,,,,,comidas
node,6736506594,Riders Club,6.2132763,-75.5721888,tattoo,,,,,,,,,,,,
node,6736518685,Urban,6.2137033,-75.5727402,,,restaurant,,,,,,,,,,comidas
node,6736518686,El Graspo De Uva,6.2102547,-75.5719795,,,restaurant,,,,,,,italian_pizza,,,comidas
node,6736518885,La Tienda Del Vino,6.2103919,-75.5723357,,,restaurant,,,,,,,,,,comidas
node,6736518886,Piccolo,6.2104512,-75.5718101,,,restaurant,,,,,,,italian_pizza,,,comidas
node,6736519085,Pastas Con Amor,6.2099634,-75.5715344,,,restaurant,,,,,,,pasta,,,comidas
node,6736519086,El Conejo Blanco,6.2113116,-75.5710293,,,restaurant,,,,,,,,,,comidas
node,6736519087,La Mama De La Nina,6.2130146,-75.5716046,confectionery,,,,,,,,,,,,panaderia
node,6736519185,El Pilon Guareno,6.2098165,-75.5714663,,,restaurant,,,,,,,fish;breakfast;local;grill,,,comidas
node,6736519186,Panaderia Elkin,6.2099157,-75.5715475,bakery,,,,,,,,,,,,panaderia
node,6736540085,London City,6.2123365,-75.5712597,hairdresser,,,,,,,,,,,,belleza_peluqueria
node,6737574786,Chapati Halal,6.212059,-75.5759587,,,fast_food,,,,,,,kebab,,,comidas
node,6737595186,Doggisitos,6.2120805,-75.5760205,,,fast_food,,,,,,,hot_dog,,,comidas
node,6737595285,Frito Dely,6.2135661,-75.5732716,,,fast_food,,,,,,,friture,,,comidas
node,6737595286,Beautique,6.2133447,-75.5736618,beauty,,,,,,,,,,,,belleza_peluqueria
node,6737595287,Swiss Bakery,6.2121726,-75.5759926,bakery,,,,,,,,,,,,panaderia
node,6737595288,Arte Casero,6.2121715,-75.5760605,,,restaurant,,,,,,,,,,comidas
node,6744094487,Tostao’,6.2087681,-75.5713083,,,cafe,,,,,,,coffee_shop,,,comidas
node,6744094488,Doblepizza,6.2098342,-75.5706557,,,restaurant,,,,,,,pizza,,,comidas
node,6744094586,Drogeria Espicifica,6.2120866,-75.5717493,,,pharmacy,,,,,,Mo-Sa 08:30-19:00,,,,salud_bienestar
node,6744098385,Dunkin' Donuts,6.2072212,-75.5717538,,,fast_food,,,,,,,donut;coffee_shop,,,comidas
node,6744098386,El Corral,6.2073042,-75.571655,,,restaurant,,,,,,,,,,comidas
node,6744098387,Sabor Chino,6.2097992,-75.5715809,,,restaurant,,,,,,,chinese,,,comidas
node,6744098485,Pizza a la Leña,6.2085763,-75.5711082,,,restaurant,,,,,,,pizza,,,comidas
node,6744098486,Las Costillas De Pedro,6.2100127,-75.5715111,,,restaurant,,,,,,,local,,,comidas
node,6744098487,Floristeria,6.2121477,-75.5719801,florist,,,,,,,,,,,,
node,6744965985,Drogueria La Cordobesa,6.2914699,-75.5828347,,,pharmacy,,,,,,,,,,salud_bienestar
node,6744965986,Supermercados D1 Miramar,6.2904564,-75.5847376,supermarket,,,,,,,,,,,,tienda_viveres
node,6744965987,Supermercado D1 el diamante,6.2842848,-75.5841992,supermarket,,,,,,,,,,,,tienda_viveres
node,6744966085,Mercados La Raza,6.2943333,-75.5814319,supermarket,,,,,,,,,,,,tienda_viveres
node,6751329685,El Tambo #2,6.2779333,-75.4975953,convenience,,,,,,,,,,,,tienda_viveres
node,6751552187,Burger King,6.1963831,-75.5742722,,,fast_food,,,,,,,burger,,,comidas
node,6751552188,KFC,6.1962434,-75.5742765,,,fast_food,,,,,,,chicken,,,comidas
node,6751552189,Il Forno,6.1960649,-75.5735288,,,restaurant,,,,,,,italian_pizza;italian,,,comidas
node,6751557586,McDonald's,6.1967059,-75.5737504,,,fast_food,,,,,,,burger,,,comidas
node,6751557986,Celio,6.1963928,-75.5733141,clothes,,,,,,,,,,,,ropa_calzado
node,6751557987,Mi Store,6.1972548,-75.5740257,computer,,,,,,,,,,,,tecnologia_celulares
node,6751563985,Crepes & Waffles,6.1957915,-75.5740182,,,restaurant,,,,,,,crepe;ice_cream,,,comidas
node,6751564085,Nike,6.1968681,-75.5731745,clothes,,,,,,,,,,,,ropa_calzado
node,6751566685,Subway,6.1966871,-75.5742151,,,fast_food,,,,,,,sandwich,,,comidas
node,6751568086,Sportline,6.1971896,-75.5737272,clothes,,,,,,,,,,,,ropa_calzado
node,6751568087,Samsung,6.1973625,-75.5741028,computer,,,,,,,,,,,,tecnologia_celulares
node,6751568088,Adidas Kids,6.1968806,-75.5742299,clothes,,,,,,,,,,,,ropa_calzado
node,6751568685,Sarku Japan,6.1967427,-75.5736065,,,restaurant,,,,,,,,,,comidas
node,6751568785,Deli Reposteria,6.1965093,-75.5739492,,,fast_food,,,,,,,,,,comidas
node,6751570085,Leños y Carbon,6.196826,-75.5740015,,,fast_food,,,,,,,,,,comidas
node,6754566772,Soho,6.2137906,-75.5725176,clothes,,,,,,,,,,,,ropa_calzado
node,6754566773,Chilaquiles,6.2137427,-75.5723621,,,restaurant,,,,,,,mexican,,,comidas
node,6754566774,Las Delicias,6.2137613,-75.5724224,,,fast_food,,,,,,,mexican,,,comidas
node,6754566775,De La Pitri Mitri!,6.213807,-75.5725709,,,restaurant,,,,,,,,,,comidas
node,6758473385,Sala de belleza Diana,6.3126125,-75.5698253,hairdresser,,,,,,Calle 23,59A-21,Mo-Sa 10:00-20:00,,,,belleza_peluqueria
node,6759852888,Don Magolo,6.213395,-75.5711706,,,restaurant,,,,,,,regional;local,,,comidas
node,6767748685,Tattoo Academy Ink Dibujarte,6.2110548,-75.5711013,tattoo,,,,,,,,Mo-Fr 10:00-22:00; Sa-Su 00:00-24:00,,,,
node,6767748785,Soportes Para TV Medellin,6.211332,-75.5709459,supermarket,,,,,,,,,,,https://soportesmedellin.com,tienda_viveres
node,6770169287,Arepona,6.257041,-75.6132429,,,restaurant,,,,,,,regional,,,comidas
node,6780246185,Mercana,6.2102377,-75.4977279,supermarket,,,,,,,,,,,,tienda_viveres
node,6781678886,Centro Ambiental,6.2522184,-75.4997406,florist,,,,,,,,,,,,
node,6788746291,En Santa,6.2101808,-75.4978606,,,restaurant,,,,,,,,,,comidas
node,6793814690,Justo & Bueno,6.2493324,-75.6046281,supermarket,,,,,,Carrera 84,42C-70,,,,,tienda_viveres
node,6794100285,Lezzet Cocina Turca,6.2062694,-75.5648387,,,restaurant,,,,,,,turkish,,,comidas
node,6814461486,D1 Calle del comercio,6.4362147,-75.3300589,supermarket,,,,,,,,Mo-Su 08:00-21:00,,,,tienda_viveres
node,6814469685,MY Stylo Salon,6.4370524,-75.3319432,hairdresser,,,,,,calle 13,,Mo-Su 08:00-21:00,,,,belleza_peluqueria
node,6839080586,Parche Arvi,6.2808092,-75.5036943,,,restaurant,,,,,,Fr-Su 10:00-17:00,,,,comidas
node,6874426095,Supermercado La 2000,6.3422324,-75.567743,supermarket,,,,,,,,Mo-Sa 08:00-21:00; Su 08:00-18:00; PH closed,,,,tienda_viveres
node,6904143585,La Bronca,6.2087019,-75.5656418,,,restaurant,,,,Carrera 35,8a-125,Su-We 12:00-00:00; Th-Sa 12:00-02:00,,,,comidas
node,6913945985,Oveja Gris,6.2125296,-75.5734447,,,cafe,,,,Carrera 43F,10-38,,coffee_shop,,,comidas
node,6938687591,Las Delicias de la Flaca,6.2136651,-75.5722378,,,fast_food,,,,,,,,,,comidas
node,6939429485,מתפרה,6.2090285,-75.5667577,clothes,,,,,,,,,,,,ropa_calzado
node,6949843286,DisLicores,6.225258,-75.5690492,alcohol,,,,,,,,,,,,tienda_viveres
node,6949848485,DisLicores,6.2252423,-75.5690519,alcohol,,,,,,,,,,,,tienda_viveres
node,6970233297,D1,6.2114008,-75.5649448,supermarket,,,,,,Carrera 36,10B-100,,,,,tienda_viveres
node,6970342785,Panadería Buñuelos,6.1702835,-75.5960945,bakery,,,,,,,,,,,,panaderia
node,6973628586,El D,6.2456274,-75.596636,,,restaurant,,,,Avenida 74b,,,mexican,,,comidas
node,6983422444,Taller Motobecane,6.250104,-75.5567173,bicycle,,,,,,,,,,,,
node,6984966141,La Tienda del Barrio,6.2109713,-75.5651293,convenience,,,,,,Carrera 36,10B-38,Mo-Sa 07:00-21:00; Su 08:00-14:00,,,,tienda_viveres
node,6993697322,Ejes Y Mofles,6.2150992,-75.5824847,car_repair,,,,,,Calle 10,,Mo-Sa 08:00-18:00,,,,mecanica_motos
node,6996563285,Versos café,6.2066678,-75.5662157,,,cafe,,,,,,,sandwich;breakfast;coffee_shop,,,comidas
node,7018556286,Pizzería Gatti,6.246309,-75.5886769,,,restaurant,,,,Circular 4,69-35,Tu-Su 12:00-23:00,,,,comidas
node,7018563985,Pizzería Antica,6.1669822,-75.583082,,,restaurant,,,,Calle 38 Sur,34-54,Tu-Su 17:00-23:00,italian;italian_pizza,,,comidas
node,7020859487,Buena Vibra street food,6.246009,-75.5922871,,,restaurant,,,,Carrera 73,circular 4-18,Mo-Th 12:00-21:00; Fr 12:00-21:30,american,,,comidas
node,7053343085,avec,6.2101417,-75.5668858,,,restaurant,,,,,,,,,,comidas
node,7072770585,Tiendas D1,6.2372195,-75.5853479,supermarket,,,,,,Carrera 65D,32C-31,Mo-Su 07:00-21:00; PH 08:00-21:00,,,,tienda_viveres
node,7084026986,Restaurante Malevo,6.2135713,-75.5728034,,,restaurant,,,,Carrera 43E,11A-20,,,,,comidas
node,7093840186,Smash,6.2446113,-75.5889322,,,restaurant,,,,Carrera 69,8,"Mo-Sa 07:00-22:00; Su,PH 07:00-21:00",,,https://smashavocaderia.com,comidas
node,7099745986,Barbería,6.2619747,-75.6041238,hairdresser,,,,,,,,,,,,belleza_peluqueria
node,7107900285,Aragonesa,6.2343275,-75.5862317,bakery,,,,,,,,,,,,panaderia
node,7108425986,Macanas,6.2070162,-75.5648821,,,cafe,,,,,,,,,,comidas
node,7110371085,Voraz,6.2461115,-75.5964886,,,restaurant,,,,,,,,,,comidas
node,7159669385,Carpión,6.1782522,-75.5971928,,,restaurant,,,,Calle 65,44B 68,Mo-Su 12:00-14:00,seafood;burger;regional;fish;local;grill,,,comidas
node,7168217285,Barbero,6.2113094,-75.5709538,hairdresser,,,,,,,,,,,,belleza_peluqueria
node,7170106586,Tiendas el papá,6.2512357,-75.5656088,clothes,,,,,,,,Mo-Sa 08:00-19:30,,,,ropa_calzado
node,7179756723,La Pesqueira,6.2101087,-75.5672608,,,restaurant,,,,,,,seafood,,https://pesqueira.co/,comidas
node,7182952885,Ecu lab Diesel,6.1597828,-75.6082983,car_repair,,,,,,,,Mo-Su 09:00-21:00,,,,mecanica_motos
node,7192286982,Café El Arrebato,6.2545544,-75.5603284,,,cafe,,,,Calle 59,45-70,"Ma-Vi 17:00-22:00, Sa 14:00-22:00",pizza;coffee_shop;sandwich,,,comidas
node,7194239062,Suri Tienda la 57 Sur,6.1566139,-75.6067241,supermarket,,,,,,Calle 57 Sur,,,,,,tienda_viveres
node,7194245488,Drogueria Pronto Farma,6.1565755,-75.6067227,chemist,,,,,,Carrera 43A,,"Mo-Sa 07:00-21:00, Su-PH 08:00-20:00",,,,salud_bienestar
node,7194245489,Sal & Dulce,6.1565352,-75.6067798,bakery,,,,,,Carrera 43A,,,,,,panaderia
node,7194245492,El Pandebueno,6.1559557,-75.6070824,bakery,,,,,,,,,,,,panaderia
node,7194245493,Gana,6.1559059,-75.6070932,lottery,,,,,,,,,,,,
node,7194245494,Plato Dulce,6.1566526,-75.606552,,,ice_cream,,,,,,,,,,comidas
node,7194245500,Rincon Santandereano,6.1580294,-75.604118,,,restaurant,,,,Calle 53C Sur,43 - 74,,,,,comidas
node,7194245501,El buen Comienzo,6.1579858,-75.6040248,bakery,,,,,,Calle 53C Sur,,,,,,panaderia
node,7194245508,Ferreteria MariaAuxiliadora,6.1566559,-75.6067482,hardware,,,,,,Calle 57 Sur,,,,,,construccion
node,7194245514,Bufalo Jugeteria,6.1661673,-75.6069652,toys,,,,,,,,,,,,
node,7194245522,Tostao’,6.1650646,-75.6063362,,,cafe,,,,Calle 50,,,coffee_shop,,,comidas
node,7194245525,Tostao’,6.1518527,-75.6116413,,,cafe,,,,,,,coffee_shop,,,comidas
node,7194245535,Justo Bueno,6.1519141,-75.6117033,supermarket,,,,,,Calle 65 Sur,,Mo-Su 08:00-21:00,,,https://merqueo.com/,tienda_viveres
node,7194386805,D1,6.1546807,-75.6067343,supermarket,,,,,,Calle 60 Sur,,Mo-Su 07:00-21:00; PH 08:00-21:00,,,,tienda_viveres
node,7194386828,Mabe,6.1562451,-75.615228,appliance,,,,,,,,,,,,
node,7195315958,Salud en casa EPS Sura,6.2521768,-75.5982253,,,clinic,clinic,,,,,,,,,salud_bienestar
node,7201059389,Floristería El Adén,6.2343564,-75.5914362,florist,,,,,,,,,,,,
node,7201937985,Tiendas D1,6.233393,-75.5894727,supermarket,,,,,,Carrera 69,30A-73,,,,,tienda_viveres
node,7204274154,Santa Gracia,6.1567034,-75.6067933,,,restaurant,,,,Calle 57 Sur,,,regional,,,comidas
node,7204274162,Limonarte Paperleria,6.1571466,-75.6056976,stationery,,,,,,Carrera 43A,55 sur - 21,"Mo-Fr 09:00-12:30,13:00-19:00; Sa 09:00-12:30,13:00-16:00",,"office supplies, copy, printing",,papeleria
node,7204274163,Tapiceria Garzon,6.1571701,-75.6056561,,upholsterer,,,,,Carrera 43A,,,,,,
node,7204274164,Los Angeles,6.157186,-75.6056098,supermarket,,,,,,Carrera 43A,,,,,,tienda_viveres
node,7204279887,Almavid Salud,6.1579729,-75.6040718,,,,yes,,,Calle 53C Sur,43 - 74,,,,,salud_bienestar
node,7204279931,Good Year,6.1546263,-75.6092134,car_repair,,,,,,Carrera 43A,,,,,,mecanica_motos
node,7204279946,Ladrillo y Verde,6.1553646,-75.6116183,,,restaurant,,,,Calle 62 Sur,,,regional,,,comidas
node,7204279961,Barber,6.1537139,-75.610054,hairdresser,,,,,,Carrera 43A,,,,,,belleza_peluqueria
node,7204279962,El Taller de Ofe,6.1537553,-75.6100274,tailor,,,,,,Carrera 43A,63 Sur - 37,Mo-Su 08:00-19:30; Sa 08:00-16:00,,Sastrería y Lavanderia,,
node,7204279991,Cafe Aborignal,6.246081,-75.6037076,,,cafe,,,,,,,,,,comidas
node,7204279998,Más Finca,6.2493059,-75.6026173,butcher,,,,,,,,,,,,tienda_viveres
node,7204758662,Don Quiote,6.2438687,-75.602587,car_repair,,,,,,,,,,,,mecanica_motos
node,7204799837,Carnicos Bos Tauros,6.1577297,-75.60439,butcher,,,,,,Carrera 43A,,,,,,tienda_viveres
node,7209713085,La Buena Olla,6.246579,-75.559052,,,restaurant,,,,Calle 50B,,,steak_house;regional;breakfast,,,comidas
node,7212086005,Granero Las 4 Palmas,6.2353755,-75.5944249,convenience,,,,,,,,,,,,tienda_viveres
node,7212096168,Sparta,6.2357788,-75.5952782,convenience,,,,,,,,,,,,tienda_viveres
node,7212096169,Autoservicio Alameda,6.2342118,-75.5953909,convenience,,,,,,,,,,,,tienda_viveres
node,7212104291,RE Motos,6.2340068,-75.5955261,motorcycle_repair,,,,,,,,,,,,mecanica_motos
node,7212104292,Papeleria Renacer,6.2337782,-75.5956632,craft,,,,,,,,,,,,
node,7214410306,Raul Mesa,6.2444952,-75.5913275,bicycle,,,,,,,,,,,,
node,7218628790,Opal Cafe,6.2376135,-75.5905004,,,cafe,,,,,,,,,,comidas
node,7218632738,Juanvapan,6.2361503,-75.5914666,bakery,,,,,,,,,,,,panaderia
node,7218644144,La tienda del ñato,6.2349643,-75.5904211,hardware,,,,,,,,,,,,construccion
node,7220424128,The Zoo,6.2353318,-75.594057,pet,,,,,,,,,,,,mascotas
node,7220640493,Miscelánea San Miguel Arcángel,6.235384,-75.5941615,stationery,,,,,,,,,,,,papeleria
node,7222256283,MotoMax Bulerías,6.2387944,-75.5900937,motorcycle_repair,,,,,,Calle 33,66B-285,Mo-Fr 08:00-18:00,,,,mecanica_motos
node,7222256284,Del Oeste,6.2387435,-75.5900061,,,fast_food,,,,,,,burger,,,comidas
node,7222263889,Brosty,6.2388662,-75.5899195,,,fast_food,,,,,,"PH,Mo-Su 10:00-21:00",chicken,,,comidas
node,7222341864,Artes y Plotters,6.2388891,-75.5898189,craft,,,,,,,,,,,,
node,7222341865,Los Verdes,6.2389054,-75.5897652,,,fast_food,,,,,,,burger,,,comidas
node,7222341866,Lico Bar Lucky,6.2389507,-75.5897231,alcohol,,,,,,,,,,,,tienda_viveres
node,7222341867,PP Beauty Store,6.2389902,-75.5896577,beauty,,,,,,,,,,,,belleza_peluqueria
node,7229895901,Servi Auteco,6.2319965,-75.583223,motorcycle_repair,,,,,,,,,,,,mecanica_motos
node,7229895905,Hero,6.2319867,-75.5836669,motorcycle_repair,,,,,,,,,,,,mecanica_motos
node,7229895930,Punto Sabroso,6.2324358,-75.5838365,,,restaurant,,,,,,,,,,comidas
node,7229895931,Repuestos La 30,6.2320948,-75.5838118,motorcycle_repair,,,,,,,,,,,,mecanica_motos
node,7234357378,Tienda la 56,6.1562916,-75.60459,convenience,,,,,,,,,,,,tienda_viveres
node,7234357382,Paperlia Mil Coloores,6.1565497,-75.6049539,stationery,,,,,,,,,,,,papeleria
node,7234364209,Ferreteria y Electrica La Isla,6.1549751,-75.6039632,hardware,,,,,,,,,,,,construccion
node,7234364267,Donde Olguita,6.1574131,-75.6071974,,,restaurant,,,,Calle 57 Sur,,,,,,comidas
node,7234364277,Pollos Mario,6.1583516,-75.6083634,,,restaurant,,,,Carrera 48,,,,,,comidas
node,7234364278,Dagram Restaurante,6.1583793,-75.6083263,,,restaurant,,,,,,,,,,comidas
node,7234364305,Yokohama,6.1592073,-75.6079326,tyres,,,,,,Carrera 48,,,,,,mecanica_motos
node,7234364348,Restaurante Marlen Gourmet,6.158293,-75.6059859,,,restaurant,,,,,,,,,,comidas
node,7234364350,U are Love,6.157972,-75.6058606,beauty,,,,,,Calle 55 Sur,43A - 92,,,,,belleza_peluqueria
node,7234364352,Maru Rico Chocolitos,6.1577079,-75.6056933,bakery,,,,,,Calle 55 Sur,43A 62,,,,,panaderia
node,7234364353,Tienda Donde el Coste,6.1578116,-75.6057366,supermarket,,,,,,,,,,,,tienda_viveres
node,7234364354,By Juan Giraldo,6.1575535,-75.6056439,tattoo,,,,,,Calle 55 Sur,,,,,,
node,7234404285,Arcadia tattoo,6.2114744,-75.5719267,tattoo,,,,,,Carrera 43C,,,,,,
node,7239639786,Toppings bar,6.2120707,-75.5721175,,,restaurant,,,,,,,,,,comidas
node,7239647785,Toppings bar,6.2467398,-75.5687819,,,restaurant,,,,,,,,,,comidas
node,7239647786,Colmena,6.2469208,-75.5665027,beauty,,,,,,,,,,,,belleza_peluqueria
node,7239767885,-500000,6.247967,-75.5664588,shoes,,,,,,,,,,,,ropa_calzado
node,7243001886,M Cone,6.2398276,-75.5929255,ice_cream,,,,,,,,,,,,
node,7243008386,Ricotta Food Fusion,6.2399755,-75.5928222,,,restaurant,,,,,,,,,,comidas
node,7243008387,Bollo Limpio,6.2399169,-75.5930123,,,restaurant,,,,,,,,,,comidas
node,7243014087,CEMDE Comprometidos con tu Salud,6.2395734,-75.5928254,,,doctors,doctor,,,Calle 33A,,,,,,salud_bienestar
node,7246085285,Paraiso Frutal Sabaneta,6.1562534,-75.6113673,,,restaurant,,,,Carrera 48,,Mo-Su 08:30-19:00,ice_cream;fruit_desserts,,,comidas
node,7252032486,Empanadas La Troncudas,6.2517572,-75.5652139,,,restaurant,,,,,,,,,,comidas
node,7253690739,Marmol Madera,6.1578123,-75.604348,kitchen,,,,,,Carrera 43A,53C Sur 12,,,,,
node,7253690760,British Motors,6.1573343,-75.6091635,car,,,,,,Calle 60 Sur,,,,,,mecanica_motos
node,7253690761,Andar Chevrolet,6.1575778,-75.6093658,car,,,,,,Carrera 48,,,,,,mecanica_motos
node,7253692001,La Gloria,6.1504364,-75.6191719,bakery,,,,,,Calle 75 Sur,,,,,,panaderia
node,7253692006,Euromart,6.1519703,-75.6240104,supermarket,,,,,,,,,,,,tienda_viveres
node,7253901435,Piaceri,6.1597228,-75.6027087,,,restaurant,,,,Carrera 43A,,,regional,,,comidas
node,7253901436,Casa Paris,6.1596798,-75.6028322,clothes,,,,,,Carrera 43A,,,,,,ropa_calzado
node,7253901437,Royal,6.1597329,-75.6032343,hairdresser_supply,,,,,,Carrera 43A,,,,,,
node,7254330126,D1,6.1551054,-75.6116358,supermarket,,,,,,Calle 62 Sur,,,,,,tienda_viveres
node,7254330128,Toy Motos,6.1538648,-75.615924,motorcycle_repair,,,,,,Carrera 46A,,,,,,mecanica_motos
node,7254330129,Taller de Manualades,6.15339,-75.6164235,pottery,,,,,,Carrera 46A,,,,,,
node,7254330130,Tienda Equina Sur Equinos,6.1532779,-75.6165597,general,,,,,,Carrera 46A,,,,,www.surequinos.com,tienda_viveres
node,7254330131,Portal del Peluquero,6.153348,-75.6164908,hairdresser_supply,,,,,,Carrera 46 A,,,,,,
node,7254330132,Pacho Pinturas,6.1532874,-75.6166355,hardware,,,,,,Carrera 46A,,,,,,construccion
node,7254330133,D&D Sasteria,6.1531495,-75.616569,tailor,,,,,,Calle 69 Sur,,,,,,
node,7254330134,Gana,6.15307,-75.6164462,lottery,,,,,,Calle 69 Sur,,,,,,
node,7254330135,Brosty,6.1512508,-75.6148586,,,restaurant,,,,Carrera 43C,,,chicken,,,comidas
node,7254330136,Lico Express,6.1512679,-75.6148038,alcohol,,,,,,,,,,,,tienda_viveres
node,7254330137,Licorera BC,6.1512835,-75.6147709,alcohol,,,,,,Carrera 43C,,,,,,tienda_viveres
node,7254330138,Ventodo,6.1513022,-75.6147067,hardware,,,,,,Carrera 43C,,,,,,construccion
node,7254330146,Euromuebles,6.1513613,-75.6147669,furniture,,,,,,Carrera 43C,,,,,,
node,7254330147,GW,6.1513692,-75.6147329,bicycle,,,,,,Carrera 43C,,,,,,
node,7254330148,Mawy Pollos,6.151357,-75.6147977,,,restaurant,,,,Carrera 43C,,,chicken,,,comidas
node,7254330149,La Casa de la Belleza,6.1513526,-75.6148091,hairdresser,,,,,,Carrera 43C,,,,,,belleza_peluqueria
node,7254330150,Lico Express Tienda de Licores,6.151353,-75.6148188,alcohol,,,,,,,,,,,,tienda_viveres
node,7254330151,Droueria San Joaquin,6.1514272,-75.6148979,chemist,,,,,,Carrera 43C,,,,,,salud_bienestar
node,7254330179,Ciento una Delica Hamburguesa,6.1510093,-75.6134192,,,restaurant,,,,Carrera 43A,,,burger,,,comidas
node,7254330180,Porci Carnes,6.1520618,-75.6125806,,,restaurant,,,,Carrera 43A,,,,,,comidas
node,7254387588,Yokohama,6.1522101,-75.612345,tyres,,,,,,Carrera 43A,,,,,,mecanica_motos
node,7254387589,Power Sound,6.1522459,-75.6123089,car_parts,,,,,,Carrera 43A,,,,"Car stereos, electronics",,mecanica_motos
node,7254387591,Mi Cachrrito,6.1522296,-75.61224,car_repair,,,,,,Carrera 43A,,,,,,mecanica_motos
node,7254387596,Caseritas,6.1544191,-75.6094751,pastry,,,,,,Carrera 43A,,,,,,panaderia
node,7254387597,Los Caseritos,6.1545342,-75.6093172,pastry,,,,,,Carrera 43A,,,,,,panaderia
node,7254387600,Movies,6.1556731,-75.6076065,clothes,,,,,,Carrera 43A,60 Sur 41,,,sells movie related items and clothing,www.movieshop.com,ropa_calzado
node,7261735954,Tienda Donde Clara,6.1555564,-75.6081937,convenience,,,,,,Calle 60B Sur,,,,,,tienda_viveres
node,7261735955,Gana,6.1555582,-75.6082136,lottery,,,,,,Calle 60B Sur,,,,,,
node,7261735956,Computer Repair,6.1556498,-75.6083038,computer,,,,,,,,,,,,tecnologia_celulares
node,7261735957,El Correlon,6.1556749,-75.6084952,convenience,,,,,,,,,,,,tienda_viveres
node,7265311032,Tecnicentro Serviautos,6.1553607,-75.610004,car_repair,,,,,,Carrera 43C,61 sur 09,,,,,mecanica_motos
node,7265311046,Tierra Artensanal,6.154075,-75.6098892,pottery,,,,,,Calle 62 Sur,43A - 28,,,,,
node,7265311047,Acqua Spa Bellza,6.1539373,-75.6099104,beauty,,,,,,Calle 62 Sur,,,,,www.acquaspabellza.com,belleza_peluqueria
node,7265311049,Insuffer Ferreteria,6.1542349,-75.6101144,hardware,,,,,,Carrera 43B,,,,,,construccion
node,7265311056,Paperila Insuper,6.1543231,-75.610234,stationery,,,,,,Calle 62 Sur,,,,,,papeleria
node,7265311058,Petworld,6.1543604,-75.6102758,pet,,,,,,Calle 62 Sur,,,,,,mascotas
node,7265311059,Restuarante Onde Pedro,6.1543088,-75.6103104,,,restaurant,,,,Calle 62 Sur,,,,,,comidas
node,7265311060,Drogueria Los Marinillos,6.1543776,-75.6106206,chemist,,,,,,Carrera 43C,,,,,,salud_bienestar
node,7265311061,Granero JaimeChoccolo,6.1544335,-75.6105773,convenience,,,,,,Carrera 43C,,,,,,tienda_viveres
node,7265311063,Minisuper la Huerte,6.1544163,-75.6103494,convenience,,,,,,,,,,,,tienda_viveres
node,7265311064,Paperleria,6.1544637,-75.6104157,stationery,,,,,,Calle 62 Sur,,,,,,papeleria
node,7265311065,Sabana Pan,6.1545297,-75.6104893,bakery,,,,,,Carrera 43C,,,,,,panaderia
node,7265311069,Gana,6.1545885,-75.6105716,lottery,,,,,,Calle 62 Sur,,,,,,
node,7265311070,Mas Quimica,6.1545784,-75.6105485,convenience,,,,,,,,,,,,tienda_viveres
node,7265311122,La Major Comida Casera,6.1554961,-75.6113159,,,restaurant,,,,Carrera 45,,,,,,comidas
node,7265311198,Resturante Punto Verde,6.2548364,-75.556498,,,restaurant,,,,Carrera 41,,,,,,comidas
node,7265311199,Los Colors Floristeria Jardín,6.2547978,-75.5565043,florist,,,,,,Carrera 41,,,,,,
node,7269716817,Odontochinca,6.2462163,-75.6036897,,,dentist,dentist,,,Calle 37D,,,,,,salud_bienestar
node,7274208037,Ropa Americana,6.282979,-75.5586603,clothes,,,,,,Calle 91,50-05,Mo-Sa 07:30-20:30; Su 07:30-15:00,,,,ropa_calzado
node,7278437238,Supermercado Los Primos,6.3437336,-75.5488808,supermarket,,,,,,,,,,,,tienda_viveres
node,7289113255,Aluna Centro de Belleza,6.1589557,-75.6036413,beauty,,,,,,,,,,,,belleza_peluqueria
node,7289113257,Drogueria Especifica,6.2429886,-75.6023377,chemist,,,,,,Calle 35,80B-29,Mo-Fr 08:00-19:00; Sa 08:00-18:00,,,https://www.drogueriaespecifica.com/,salud_bienestar
node,7289113259,Claro,6.2451398,-75.600182,mobile_phone,,,,,,Calle 37,,,,,,tecnologia_celulares
node,7289113260,Office Chef,6.2459971,-75.5998104,,,restaurant,,,,Carrera 80,,,burger,,,comidas
node,7289113263,Brosty,6.2433676,-75.6024503,,,restaurant,,,,,,,chicken,,,comidas
node,7289113269,Mi Dulce Sofia,6.1536359,-75.6101472,,,ice_cream,,,,Carrera 43A,62 sur - 49,,,,,comidas
node,7289113270,Jetmetal,6.1535615,-75.6101808,computer,,,,,,Carrera 43A,,,,Speciality Television Brackets,,tecnologia_celulares
node,7289113271,Autoservicio Alcantara,6.1535295,-75.6102097,convenience,,,,,,Carrera 43A,,,,,,tienda_viveres
node,7289113276,Green Wash,6.1529492,-75.610665,,,car_wash,,,,Carrera 43A,,,,,,mecanica_motos
node,7289113280,Green Fit,6.1549598,-75.6092838,,,,,fitness_centre,,Calle 61 Sur,,,,,,salud_bienestar
node,7289538187,Palo Santo,6.2115236,-75.5711031,,,restaurant,,,,Calle 10A,,,italian_pizza,,,comidas
node,7293728685,Tejiendo Café,6.2126318,-75.5739489,,,cafe,,,,Carrera 43F,10 38,,,,,comidas
node,7299415357,Dynamic Evolution Train,6.2095256,-75.5938232,,,,,fitness_centre,,,,,,,,salud_bienestar
node,7299476545,Mi Buñuelo,6.2094292,-75.5937696,pastry,,,,,,,,,,,,panaderia
node,7313045833,Panaderia y reposteria La Terminal,6.2683741,-75.5448149,bakery,,,,,,,,,,,,panaderia
node,7326823766,Fruteria,6.2681022,-75.5445855,greengrocer,,,,,,,,,,,,tienda_viveres
node,7326823769,Vendedor ambulante,6.2681955,-75.5440249,,,fast_food,,,,Calle 76,,,,Vendedor ambulante de mangos (sitio de expendio),,comidas
node,7326823771,Claro,6.2682182,-75.5439512,mobile_phone,,,,,,,,,,,,tecnologia_celulares
node,7326823773,Tienda del barrio,6.2682235,-75.5439029,convenience,,,,,,,,,,Lugar en donde se venden víveres y licores.,,tienda_viveres
node,7326823774,Tienda del barrio,6.2682982,-75.5435113,convenience,,,,,,,,,,"Tienda en la cual venden víveres, se observa la inocuidad del lugar ya que presenta bajas condiciones higiénicas.",,tienda_viveres
node,7326880937,Mil cacharros,6.2675969,-75.5441658,department_store,,,,,,,,,,,,
node,7326947126,Gana,6.2679436,-75.5444769,bookmaker,,,,,,,,,,,,
node,7326964317,Venta de aguacate,6.2680156,-75.5445386,health_food,,,,,,,,,,,,
node,7330210655,Al pie de la letra,6.2239292,-75.5744152,books,,,,,,Carrera 44 #19A 100,,,,,,papeleria
node,7330276750,Dollar city El Diamante,6.2845514,-75.5844147,general,,,,,,,,,,,,tienda_viveres
node,7330310072,Éxito Express,6.2222483,-75.5745452,department_store,,,,,,Carrera 44,,,,,,
node,7330310073,Fruver,6.2220232,-75.5743064,supermarket,,,,,,Calle 19,43G-160,,,,,tienda_viveres
node,7330310075,CAFAM,6.2222699,-75.5744912,,,pharmacy,pharmacy,,,,,,,,,salud_bienestar
node,7330310077,CIMA,6.2208664,-75.5746125,,,,occupational_therapist,,,,,,,,,salud_bienestar
node,7330357472,D1,6.2692883,-75.5442112,supermarket,,,,,,,,,,,,tienda_viveres
node,7330360863,Tienda de barrio,6.2730917,-75.5609319,general,,,,,,,,,,,,tienda_viveres
node,7330360866,Supermercado,6.2723024,-75.5608914,supermarket,,,,,,,,,,,,tienda_viveres
node,7330654174,D1,6.2848129,-75.5593487,supermarket,,,,,,,,,,,,tienda_viveres
node,7330694430,Centro Medico veterinario la 92,6.2833401,-75.5596135,,,veterinary,,,,Calle 92,50B-25,Mo-Fr 10:30-19:30,,,,mascotas
node,7330694434,Panaderia los Marinillos,6.2833259,-75.5586894,bakery,,,,,,,,,,,,panaderia
node,7330722992,Granero la Palma,6.2831196,-75.5598689,convenience,,,,,,,,,,,,tienda_viveres
node,7331865562,Droguería Rolam,6.2665136,-75.5444525,,,pharmacy,pharmacy,,,,,,,,,salud_bienestar
node,7332248636,Autoservicio Valentina N° 1,6.2951413,-75.5411116,supermarket,,,,,,Carrera 29,,,,,,tienda_viveres
node,7332248637,Carnes El Abasto,6.2946705,-75.5413356,butcher,,,,,,Calle 107,,,,,,tienda_viveres
node,7332248639,Frespan,6.2946255,-75.5412122,bakery,,,,,,Carrera 31,,,,,,panaderia
node,7332248640,Farmacia Sol y Vida,6.2947617,-75.5412716,,,pharmacy,pharmacy,,,Carrera 29,,,,,,salud_bienestar
node,7332248641,Fruver Los Monos,6.2947733,-75.541093,greengrocer,,,,,,Carrera 31,,,,,,tienda_viveres
node,7332248642,Granero El Antojo,6.2945983,-75.5416147,convenience,,,,,,,,,,,,tienda_viveres
node,7332248643,Mingo Pan,6.2943291,-75.5416299,bakery,,,,,,Carrera 32,,,,,,panaderia
node,7332271418,Granero La Madera,6.2941141,-75.5417112,convenience,,,,,,,,,,,,tienda_viveres
node,7333091326,Ayudas Diagnósticas  Américas,6.1639435,-75.5736359,,,,yes,,,,,,,,,salud_bienestar
node,7333188688,D1,6.2665493,-75.5657513,supermarket,,,,,,,,,,,,tienda_viveres
node,7333312703,D1 Cristo Rey,6.2056881,-75.5838552,convenience,,,,,,,,,,,,tienda_viveres
node,7333312704,La mekateria,6.2057608,-75.5840391,bakery,,,,,,,,,,,,panaderia
node,7333312710,Granero Elyan,6.204609,-75.5831735,convenience,,,,,,,,,,,,tienda_viveres
node,7333312715,Merkapolo,6.2042724,-75.5823446,convenience,,,,,,,,,,,,tienda_viveres
node,7333313367,Farmacenter la 67,6.3072283,-75.5655125,,,pharmacy,pharmacy,,,Calle 112,,,,,,salud_bienestar
node,7333313368,Centro medico la 67,6.3073829,-75.5654266,,,,laboratory,,,,,,,"centro medico, laboratorio clínico y odontología",,salud_bienestar
node,7333313369,Centro medico a 67,6.3073649,-75.5654367,,,clinic,clinic,,,,,,,,,salud_bienestar
node,7333397407,Drogueria Olaya #3,6.2299495,-75.5962813,chemist,,,,,,,,,,,,salud_bienestar
node,7333397409,Laboratorio clinico vid,6.2295128,-75.5963935,,,,laboratory,,,,,,,,,salud_bienestar
node,7333416166,Tienda de Urbanización Alejandría,6.2933151,-75.5676167,convenience,,,,,,,,,,,,tienda_viveres
node,7333421868,El milagroso,6.2820151,-75.5899065,convenience,,,,,,,,,,,,tienda_viveres
node,7333421869,Kichenth,6.2823583,-75.5905558,convenience,,,,,,Calle 77BB 85B-45,,,,,,tienda_viveres
node,7333421870,Los casas,6.2820851,-75.5900508,convenience,,,,,,Carrera 85B 77BB-30,,,,,,tienda_viveres
node,7333421871,Droguería Grecia,6.282049,-75.5900925,,,pharmacy,pharmacy,,,,,,,,,salud_bienestar
node,7333421872,Chino Emir,6.2819886,-75.5901797,,,restaurant,,,,Carrera 85 B,77BB - 08,,chinese,,,comidas
node,7333441889,Delicias,6.230575,-75.5953046,bakery,,,,,,,,,,,,panaderia
node,7333441898,Ricuras La 76,6.2303735,-75.5962569,bakery,,,,,,,,,,,,panaderia
node,7333441899,Carnes La Coba,6.2304748,-75.5962596,butcher,,,,,,,,,,,,tienda_viveres
node,7333441900,Justo y bueno,6.2322823,-75.5955453,supermarket,,,,,,,,,,,,tienda_viveres
node,7333441901,Tostao’,6.2322875,-75.595459,,,cafe,,,,,,,coffee_shop,,,comidas
node,7333441902,Olímpica,6.2320559,-75.5954936,supermarket,,,,,,,,,,,,tienda_viveres
node,7333482768,Carnicería El Vecino.,6.2865739,-75.5814268,butcher,,,,,,,,,,,,tienda_viveres
node,7333499342,droguería La Rebaja,6.2323655,-75.5961526,,,pharmacy,pharmacy,,,,,,,,,salud_bienestar
node,7333499346,Claro,6.2332544,-75.5961737,mobile_phone,,,,,,,,,,,,tecnologia_celulares
node,7333511271,Drogueria Amiga,6.2607331,-75.5647289,,,pharmacy,pharmacy,,,,,,,,,salud_bienestar
node,7333567849,Farmacia Pastur,6.2193535,-75.6037834,,,pharmacy,pharmacy,,,,,,,,,salud_bienestar
node,7333567868,La Bodega de Nacho,6.2201824,-75.6072279,supermarket,,,,,,,,,,,,tienda_viveres
node,7333596086,Buñuelos Los Bernal,6.2169933,-75.6048034,,,restaurant,,,,,,,regional,,,comidas
node,7333596087,Cherokees Parrilla,6.2170247,-75.6048442,,,restaurant,,,,,,,burger,,,comidas
node,7333596088,Piecere,6.2170583,-75.6048828,,,restaurant,,,,,,,pizza;pasta;wine,,http://restaurantepiacere.com/,comidas
node,7333596094,La gracia,6.221855,-75.6060132,,,restaurant,,,,,,,burger,,,comidas
node,7333596099,Fruver El Cosechero,6.222826,-75.6060379,greengrocer,,,,,,,,,,,,tienda_viveres
node,7333611856,Que Rico Parilla!,6.2256351,-75.6023003,,,restaurant,,,,Calle 20A,,,regional,,,comidas
node,7333611857,Granero y Legumbrería El Canal,6.2256331,-75.6021905,greengrocer,,,,,,Calle 20A,,,,,,tienda_viveres
node,7333611858,Minimercado La Gloria,6.2256856,-75.6015908,convenience,,,,,,Calle 20A,,,,,https://www.facebook.com/pages/category/Product-Service/Minimercado-La-Gloria-103278371204242/,tienda_viveres
node,7333611859,Tienda de Carnes J.V.,6.2257079,-75.6014221,butcher,,,,,,Calle 20A,,,,,,tienda_viveres
node,7333611860,Minimercado,6.2256735,-75.6007229,convenience,,,,,,Calle 20A,,,,,,tienda_viveres
node,7333611862,Granero La Candelaria,6.2255745,-75.6005785,greengrocer,,,,,,Calle 20A,,,,,,tienda_viveres
node,7333611867,Panadería,6.2249408,-75.5996688,bakery,,,,,,Carrera 80,,,,,,panaderia
node,7333611868,Vení Probá - The Art of Cake,6.225648,-75.6018843,bakery,,,,,,Calle 20A,,,,,,panaderia
node,7333623186,consumo de drogas. dsitribucion de droga? facror de Riesgo,6.2645343,-75.5441614,cannabis,,,,,,,,,,,,
node,7333623208,Fonda El Relajo,6.2644198,-75.5432651,alcohol,,,,,,,,,,,,tienda_viveres
node,7333623213,celulares,6.2649236,-75.5432282,computer,,,,,,,,,,,,tecnologia_celulares
node,7333623214,panaderia y autoservicio la 30,6.2651062,-75.5432234,convenience,,,,,,,,,,,,tienda_viveres
node,7333829030,Granero Mixto la 80B,6.2320894,-75.6014168,convenience,,,,,,,,,,,,tienda_viveres
node,7333829051,Mercolanta,6.232962,-75.5980547,convenience,,,,,,,,,,,,tienda_viveres
node,7333829052,Ferreteria Ferrelub,6.2329345,-75.5981357,hardware,,,,,,,,,,,,construccion
node,7334535967,barberia,6.2659551,-75.5444636,hairdresser,,,,,,,,,,,,belleza_peluqueria
node,7334649077,Baratillo-Agache,6.2652731,-75.5432072,variety_store,,,,,,,,,,,,papeleria
node,7334649078,Servicio Tecnico,6.2653086,-75.5432085,,electronics_repair,,,,,,,,,,,tecnologia_celulares
node,7334730867,Tienda La Mona,6.29746,-75.5381626,convenience,,,,,,Carrera 28,,,,,,tienda_viveres
node,7335340206,Quesudos,6.2670066,-75.5442692,,,fast_food,,,,,,,burger,,,comidas
node,7335340215,Panaderia principal,6.2667613,-75.5444731,bakery,,,,,,,,,,,,panaderia
node,7335340236,Hogar y Decoración Transmayo,6.2674831,-75.5444369,interior_decoration,,,,,,,,,,,,
node,7335340238,BarberShop,6.2674818,-75.5443839,hairdresser,,,,,,,,,,,,belleza_peluqueria
node,7335340239,Ferretería la,6.2674811,-75.5443437,hardware,,,,,,,,,,,,construccion
node,7335937705,Tienda Lazaro La Torre,6.2983698,-75.5409959,supermarket,,,,,,,,,,,,tienda_viveres
node,7335962680,Tiendalos Torres Perez,6.2977339,-75.5416806,supermarket,,,,,,,,,,,,tienda_viveres
node,7336968655,D1 Belén,6.2316235,-75.6060312,supermarket,,,,,,,,,,,,tienda_viveres
node,7337102696,Justo & Bueno,6.2317022,-75.6031335,supermarket,,,,,,,,,,,,tienda_viveres
node,7337201353,Maloka,6.2300062,-75.6084409,convenience,,,,,,Carrera 85,28-45,,,,,tienda_viveres
node,7337282612,La botica Junin,6.2316557,-75.5961072,,,pharmacy,pharmacy,,,,,,,,,salud_bienestar
node,7337282615,La Rebaja,6.2320917,-75.5965819,,,pharmacy,pharmacy,,,,,,,,,salud_bienestar
node,7337282616,SurtiMax,6.2320614,-75.5967096,supermarket,,,,,,,,,,,,tienda_viveres
node,7337282617,La Riquisima,6.2329403,-75.5955233,bakery,,,,,,,,,,,,panaderia
node,7337282623,MediPlux,6.2320755,-75.5948317,,,pharmacy,pharmacy,,,,,,,,,salud_bienestar
node,7337282628,Panadería Trigo Maduro,6.2313088,-75.5945882,bakery,,,,,,,,,,,,panaderia
node,7337291129,Detergente a Granel,6.2281234,-75.5965608,convenience,,,,,,,,,,,,tienda_viveres
node,7337300558,Parrilla Bar Nogales Barbecue,6.2365889,-75.5991876,,,restaurant,,,,Carrera 80,32C-12,,steak_house,,,comidas
node,7337305663,D1,6.2622908,-75.5951286,supermarket,,,,,,,,,,,,tienda_viveres
node,7337305677,D1,6.2657708,-75.5933184,supermarket,,,,,,,,,,,,tienda_viveres
node,7337316150,Pasteur,6.235136,-75.6023877,chemist,,,,,,,,24/7,,,,salud_bienestar
node,7337316151,Seven 7,6.2355413,-75.6015562,convenience,,,,,,,,,,,,tienda_viveres
node,7337316152,Eleven 11,6.235536,-75.6017225,convenience,,,,,,,,,,,,tienda_viveres
node,7337316153,La Civeta & el Elefante,6.2354953,-75.6013259,,,cafe,,,,,,,coffee_shop,,,comidas
node,7337316154,Super Mark Corp,6.2328792,-75.5977025,supermarket,,,,,,Calle 31,,,,,,tienda_viveres
node,7337316179,Farmacenter,6.2223971,-75.6092893,,,pharmacy,pharmacy,,,,,,,,,salud_bienestar
node,7337321100,Abarrotes Los Bernal,6.2207563,-75.6085569,convenience,,,,,,,,,,,,tienda_viveres
node,7337374698,Serca,6.2345892,-75.5964303,convenience,,,,,,,,,,,,tienda_viveres
node,7337374703,Mi Buñuelo,6.2365138,-75.5964332,bakery,,,,,,,,,,,,panaderia
node,7337374704,Clinica Veterinaria Sana Vet,6.2370168,-75.5964727,,,veterinary,,,,,,,,,,mascotas
node,7337374705,D1,6.2374837,-75.5965271,supermarket,,,,,,,,,,,,tienda_viveres
node,7337374706,Mercados la 76,6.2373622,-75.5964598,supermarket,,,,,,,,,,,,tienda_viveres
node,7337374709,Justo y Bueno,6.238326,-75.5963616,supermarket,,,,,,,,,,,,tienda_viveres
node,7337809234,Isimo,6.2608825,-75.5976515,supermarket,,,,,,,,,,,,tienda_viveres
node,7337809235,SURA Comfama,6.2641273,-75.5971144,,,clinic,clinic,,,,,,,,,salud_bienestar
node,7338808285,construcción,6.2694044,-75.544225,trade,,,,,,,,,,,,construccion
node,7338808316,SPA,6.2697052,-75.5445962,chemist,,,,,,,,,,,,salud_bienestar
node,7338810141,joyas,6.2691666,-75.5445959,jewelry,,,,,,Calle 77,,,,,,ropa_calzado
node,7339397137,Tuberia,6.2679652,-75.5432977,,plumber,,,,,,,,,"Se observa tubería de desagüe, favoreciendo riesgo de caída (finaliza en escaleras).",,construccion
node,7341634206,Tostao’,6.2844201,-75.5842372,,,cafe,,,,,,,coffee_shop,,,comidas
node,7341679592,Ponque Ponque,6.2973086,-75.5733189,pastry,,,,,,,,,,,,panaderia
node,7341679593,Taller De Motos Optimus,6.297277,-75.5732242,motorcycle_repair,,,,,,,,,,,,mecanica_motos
node,7341679596,granero la 101A,6.2981468,-75.5739836,supermarket,,,,,,,,,,,,tienda_viveres
node,7341754683,Drogueria Eufarma,6.2948676,-75.5708953,,,pharmacy,pharmacy,,,Carrera 68,98-149,,,,,salud_bienestar
node,7341764311,Drogueria Federal,6.2947995,-75.5743574,,,pharmacy,pharmacy,,,Calle 98,,,,,,salud_bienestar
node,7341813319,Drogueria San Judas,6.2933447,-75.5712605,,,pharmacy,pharmacy,,,Carrera 68,97-112,,,,,salud_bienestar
node,7345094919,Farmacia Pasteur,6.2172606,-75.5985852,,,pharmacy,pharmacy,,,,,,,,,salud_bienestar
node,7345094920,Laboratorio Médico Echavarría S.A.S,6.2172188,-75.5985571,,,,laboratory,,,,,,,,,salud_bienestar
node,7345094935,Salsamentaria Las Margaritas,6.2193129,-75.598429,convenience,,,,,,,,,,,,tienda_viveres
node,7345094945,SantaFarm,6.2194149,-75.5986396,,,pharmacy,pharmacy,,,,,,,,,salud_bienestar
node,7345094946,Salsamentaria Juanjo Puntico #1,6.2194483,-75.598705,convenience,,,,,,,,,,,,tienda_viveres
node,7345094956,Salsamentaria Biar,6.2200355,-75.597356,convenience,,,,,,,,Mo-Sa 07:00-21:00; Su 08:00-20:00,,,,tienda_viveres
node,7345094961,El Master Minimercado,6.2195347,-75.5974978,convenience,,,,,,,,,,,,tienda_viveres
node,7346654417,Droguería Alemana,6.2152115,-75.597544,,,pharmacy,pharmacy,,,,,,,,,salud_bienestar
node,7346654419,Mercoop,6.215278,-75.597855,supermarket,,,,,,,,,,,,tienda_viveres
node,7346679719,Droguería y Variedades El Imperio,6.2146891,-75.6017507,,,pharmacy,pharmacy,,,,,,,,,salud_bienestar
node,7346679724,Tienda El Rinconcito,6.2140852,-75.6012506,convenience,,,,,,,,,,,,tienda_viveres
node,7346753334,Tienda El Que Faltaba,6.2134128,-75.6003068,convenience,,,,,,,,,,,,tienda_viveres
node,7347180251,Tienda Valencia,6.2138473,-75.6026289,convenience,,,,,,,,,,,,tienda_viveres
node,7347180265,Fruver el Triunfo,6.2133295,-75.6022447,greengrocer,,,,,,,,,,,,tienda_viveres
node,7347180274,Carnes día a día,6.2132325,-75.6019319,butcher,,,,,,,,,,,,tienda_viveres
node,7347267513,Drogas Pharmax,6.2118829,-75.6019166,,,pharmacy,pharmacy,,,,,,,,,salud_bienestar
node,7348952139,Tienda D1,6.3055651,-75.5679329,supermarket,,,,,,,,,,,,tienda_viveres
node,7348952145,Drogeria Zodiaco,6.3092628,-75.5695047,,,pharmacy,pharmacy,,,Calle 113 # 72a39,,,,,,salud_bienestar
node,7351014747,Delipan,6.2108565,-75.6004177,bakery,,,,,,,,,,,,panaderia
node,7351014752,Minimercado Monarca,6.2096211,-75.6015239,convenience,,,,,,,,,,,,tienda_viveres
node,7351140381,IPS Universitaria,6.2682175,-75.5685643,,,clinic,clinic,,,,,,,,,salud_bienestar
node,7351148197,Minimercado La Peña,6.2080292,-75.6012408,convenience,,,,,,,,,,,,tienda_viveres
node,7351148203,Tienda Hermanos Fernandez,6.2061348,-75.6005647,convenience,,,,,,,,,,,,tienda_viveres
node,7351231363,Salud Visual San Diego,6.2300922,-75.5684574,,,clinic,clinic,,,Calle 30-28,Carrera 43,"Mo-Fr 07:00-20:00, Sa 07:00-13:00",,,,salud_bienestar
node,7351231364,Laboratorio Dinámica,6.2300769,-75.5685675,,,,laboratory,,,Calle 30-28,Carrera 43,,,,https://www.dinamicaips.com.co/,salud_bienestar
node,7352018616,D1,6.2026488,-75.6012408,supermarket,,,,,,,,,,,,tienda_viveres
node,7352018617,Farmacia Pasteur,6.2026756,-75.6013918,,,pharmacy,pharmacy,,,,,,,,,salud_bienestar
node,7352109570,Supermercado Los Monos de la Capilla,6.2061031,-75.6045404,convenience,,,,,,,,,,,,tienda_viveres
node,7352544218,Droguería River,6.2870435,-75.5490909,,,pharmacy,pharmacy,,,,,,,,,salud_bienestar
node,7352789410,Repuestos de Motos,6.2646579,-75.5445122,motorcycle_repair,,,,,,,,,,,,mecanica_motos
node,7352830217,La comparcita,6.2015463,-75.5903528,supermarket,,,,,,,,,,,,tienda_viveres
node,7352830231,Droguerias Uno-A,6.2012265,-75.5894027,chemist,,,,,,,,,,,,salud_bienestar
node,7352830232,Droguería San Miguel,6.201784,-75.5884061,chemist,,,,,,,,,,,,salud_bienestar
node,7352830248,La Rebaja,6.2051011,-75.5872703,chemist,,,,,,,,,,,,salud_bienestar
node,7352830253,Rodeo,6.2057937,-75.587673,convenience,,,,,,,,,,,,tienda_viveres
node,7352830265,Arte y Diseño,6.2012856,-75.588591,doityourself,,,,,,,,,,,,construccion
node,7352987525,Ferrestería panela,6.235002,-75.6115975,hardware,,,,,,,,,,,,construccion
node,7352987526,El genuino,6.2348651,-75.6118304,supermarket,,,,,,,,,,,,tienda_viveres
node,7352987569,Mercados y legumbres las mercedes,6.2344336,-75.6085897,convenience,,,,,,,,,,,,tienda_viveres
node,7352987580,Tatto,6.2353055,-75.608188,tattoo,,,,,,,,,,,,
node,7352987582,El son 14,6.2355204,-75.6083261,convenience,,,,,,,,,,,,tienda_viveres
node,7352987593,Granero cartago primaveral,6.2360693,-75.6080201,convenience,,,,,,,,,,,,tienda_viveres
node,7352987633,Mercados CJ,6.2355963,-75.6090059,convenience,,,,,,,,,,,,tienda_viveres
node,7352987657,Agropunto las violetas,6.2335272,-75.6130033,pet,,,,,,,,,,,,mascotas
node,7352987658,El cervatillo,6.234017,-75.6131131,supermarket,,,,,,,,,,,,tienda_viveres
node,7352987659,Bendición de Dios,6.233917,-75.6120629,yes,,,,,,,,,,,,
node,7353455542,Drogueria Paseo de Sevilla,6.2637893,-75.5705318,,,pharmacy,pharmacy,,,,,,,,,salud_bienestar
node,7353455547,D1,6.2637556,-75.571336,supermarket,,,,,,,,"Mo-Su,PH 08:00-21:00",,,,tienda_viveres
node,7353455548,Merka-2 El Chagualo,6.2635317,-75.5705206,supermarket,,,,,,,,,,,,tienda_viveres
node,7357074750,La especial,6.3045605,-75.5530099,convenience,,,,,,,,,,,,tienda_viveres
node,7357074781,Constelación,6.3060241,-75.5527978,chemist,,,,,,,,,,,,salud_bienestar
node,7357096851,El playón,6.3063359,-75.5533728,chemist,,,,,,,,,,,,salud_bienestar
node,7357096867,Granero y legumbres los costeños,6.3066551,-75.5522334,greengrocer,,,,,,,,,,,,tienda_viveres
node,7357096928,Donde Nelly,6.3063406,-75.5503307,convenience,,,,,,,,,,,,tienda_viveres
node,7357096940,Union Red,6.305193,-75.5518557,yes,,,,,,,,,,,,
node,7357096954,Los + quesudos,6.3049386,-75.5508062,,,restaurant,,,,,,,,,,comidas
node,7359934347,Tienda Memo,6.1781108,-75.6403812,supermarket,,,,,,Carrera 58,48sur-15,Mo-Su 09:00-21:00,,,,tienda_viveres
node,7365259070,Supermercado D1,6.2711568,-75.5616841,supermarket,,,,,,,,,,,,tienda_viveres
node,7365259071,Droguería Juanjo,6.2713141,-75.5617699,,,pharmacy,pharmacy,,,,,,,,,salud_bienestar
node,7365317721,Granero J D L,6.2728125,-75.5635719,convenience,,,,,,,,,,,,tienda_viveres
node,7365317736,Mercados Z.G.,6.2734752,-75.5632202,supermarket,,,,,,,,,,,,tienda_viveres
node,7365566908,Popotamo,6.2656621,-75.601568,supermarket,,,,,,,,,,,,tienda_viveres
node,7365566909,Congregación Mariana,6.2648383,-75.6004773,,,,blood_donation,,,,,,,,,salud_bienestar
node,7365566911,Pepopotamo,6.2656162,-75.6015495,butcher,,,,,,,,,,,,tienda_viveres
node,7365566923,Mercapaisa,6.268826,-75.6044434,supermarket,,,,,,,,,,,,tienda_viveres
node,7365566975,Olímpica,6.2588149,-75.6040926,supermarket,,,,,,,,,,,,tienda_viveres
node,7365566980,Ara,6.2583302,-75.6002504,supermarket,,,,,,,,,,,,tienda_viveres
node,7383429864,Pico y Chao,6.2456285,-75.5886604,,,restaurant,,,,,,,,,,comidas
node,7383429873,Petisco,6.2467677,-75.5880979,,,restaurant,,,,,,,,,,comidas
node,7383429875,Milagros,6.2470851,-75.5870861,bakery,,,,,,,,,,,,panaderia
node,7383475935,PizzaExpress,6.2446816,-75.5850461,,,restaurant,,,,,,,pizza,,,comidas
node,7383475937,Parrilla punta y solomo,6.2447254,-75.5850087,,,restaurant,,,,,,,regional,,,comidas
node,7385312729,Droguería Alemana,6.2592253,-75.5978224,chemist,,,,,,,,,,,,salud_bienestar
node,7385312732,Droguería La rebaja,6.2604302,-75.5974726,chemist,,,,,,,,,,,,salud_bienestar
node,7385312733,Odontología Coral,6.2606829,-75.5974627,,,dentist,dentist,,,,,,,,,salud_bienestar
node,7385312734,Gimnasio Dinamic,6.2601431,-75.5992969,,,,,fitness_centre,,,,,,,,salud_bienestar
node,7385312737,Panadería Antojate,6.2574101,-75.5982456,bakery,,,,,,,,24/7,,,,panaderia
node,7385312739,Las Cabezonas,6.2571062,-75.5979613,,,fast_food,,,,,,,,,,comidas
node,7385312740,Licorería Katina,6.2569995,-75.5983287,alcohol,,,,,,,,,,,,tienda_viveres
node,7385312741,Frutería del Campo,6.2564369,-75.5984387,greengrocer,,,,,,,,,,,,tienda_viveres
node,7385312744,Oxxo,6.2562136,-75.5985755,convenience,,,,,,,,,,,,tienda_viveres
node,7409123561,Tienda El Progreso,6.2927068,-75.5461477,supermarket,,,,,,,,,,,,tienda_viveres
node,7409123562,Droguerua Cafarma,6.2926529,-75.5454084,,,pharmacy,pharmacy,,,,,,,,,salud_bienestar
node,7412089897,Centro de salud Enciso,6.2507081,-75.550144,,,clinic,clinic,,,,,,,,,salud_bienestar
node,7415742456,Supermercado Tres Amigos,6.2183911,-75.5938802,convenience,,,,,,,,,,,,tienda_viveres
node,7415742461,Merkaya,6.2185605,-75.5940401,convenience,,,,,,,,,,,,tienda_viveres
node,7415742475,Droguería Juan Pablo II,6.2206148,-75.5926084,,,pharmacy,pharmacy,,,,,,,,,salud_bienestar
node,7415742480,Playas Pan,6.2207891,-75.5936634,bakery,,,,,,,,,,,,panaderia
node,7415778789,Droguería Las Playas,6.220468,-75.5945558,,,pharmacy,pharmacy,,,,,,,,,salud_bienestar
node,7415778794,Cárnicos,6.2207981,-75.5937394,butcher,,,,,,,,,,,,tienda_viveres
node,7415852158,La Metafora,6.2575186,-75.5923497,chemist,,,,,,,,Mo-Fr 08:00-18:00,,,,salud_bienestar
node,7415902903,Serfamed,6.2499359,-75.5937043,chemist,,,,,,,,Mo-Sa 08:00-20:00,,,,salud_bienestar
node,7415902904,Droguería Florida Nueva,6.2507243,-75.592017,chemist,,,,,,,,,,,,salud_bienestar
node,7415939701,Droguería El Velódromo,6.2521208,-75.5965866,chemist,,,,,,,,"Mo-Sa 08:00-21:00, Mo 09:00-13:00",,,,salud_bienestar
node,7415939702,Farmaofertas,6.2499159,-75.5961308,chemist,,,,,,,,Mo-Su 08:00-20:00,,,,salud_bienestar
node,7416003349,Droguería Cafam Exito Belén,6.230379,-75.5965634,,,pharmacy,pharmacy,,,,,,,,,salud_bienestar
node,7417519689,Avior Airlines,6.2350031,-75.570971,travel_agency,,,,,,Carrera 43A,34-95,Mo-Fr 08:00-18:00; Sa 09:00-13:00,,,,
node,7417853340,Drogueria Cruz Verde Bulevar la 70,6.2504154,-75.5884184,,,pharmacy,,,,,,24/7,,,,salud_bienestar
node,7417853341,Drogueria La Rebaja,6.2505053,-75.5886794,chemist,,,,,,,,,,,,salud_bienestar
node,7417853342,Drogueria ServiMedical,6.2509879,-75.5911416,chemist,,,,,,,,,,,,salud_bienestar
node,7431629637,"Patria mia, colombia de lujo",6.2086552,-75.567778,,,restaurant,,,,,,,,,,comidas
node,7431629638,patrick's irish pub,6.2083946,-75.5671941,,,restaurant,,,,,,,,,,comidas
node,7439885682,Il Forno San Lucas,6.1814057,-75.5650833,,,restaurant,,,,,,,,,,comidas
node,7440142471,Droguería Master,6.2230153,-75.592762,,,pharmacy,pharmacy,,,Calle 19 #70A-30,,Mo-Sa 08:00-21:00,,,https://www.instagram.com/drogueriamaster/,salud_bienestar
node,7443717355,Granos y Legunmbrería A.O.S,6.2107324,-75.6039445,convenience,,,,,,,,,,,,tienda_viveres
node,7443724500,Super Todo,6.2101722,-75.6026986,convenience,,,,,,,,,,,,tienda_viveres
node,7446364272,Tienda El Mono,6.2142046,-75.6034372,convenience,,,,,,,,,,,,tienda_viveres
node,7446364273,La Tienda de Lucho,6.2139126,-75.6034533,convenience,,,,,,,,,,,,tienda_viveres
node,7446364274,Tienda Valencia,6.2139743,-75.6030732,convenience,,,,,,,,,,,,tienda_viveres
node,7446364275,Granero El Paraguas,6.2140271,-75.6029104,convenience,,,,,,,,,,,,tienda_viveres
node,7446721127,Mas Farma,6.2237808,-75.6100551,,,pharmacy,pharmacy,,,,,,,,,salud_bienestar
node,7446721129,Tienda Nicolás,6.2228893,-75.6119574,convenience,,,,,,,,,,,,tienda_viveres
node,7446721130,Carnes La Castellana,6.2236295,-75.6103525,butcher,,,,,,,,,,,,tienda_viveres
node,7447444648,La Farmacia Biológica,6.2347641,-75.602064,chemist,,,,,,,,,,,,salud_bienestar
node,7454229242,Droguería Surtimax,6.2926867,-75.5501864,chemist,,,,,,,,,,,,salud_bienestar
node,7454324104,Tienda Estelita,6.2933493,-75.5477928,convenience,,,,,,,,,,,,tienda_viveres
node,7454405514,Tienda las margritas jym,6.2934641,-75.5460819,convenience,,,,,,,,,,,,tienda_viveres
node,7461357303,Droguería California,6.2866613,-75.5491567,,,pharmacy,pharmacy,,,,,,,,,salud_bienestar
node,7461357304,Los pitufos,6.286482,-75.5490393,supermarket,,,,,,,,,,,,tienda_viveres
node,7461357306,Droguería La Santillana,6.2867493,-75.5499667,,,pharmacy,pharmacy,,,,,,,,,salud_bienestar
node,7461357312,Tienda el Garaje,6.2860093,-75.5506194,convenience,,,,,,,,,,,,tienda_viveres
node,7499399327,Droguería Danysar,6.2910446,-75.5470962,chemist,,,,,,,,,,,,salud_bienestar
node,7499399330,Legumbrería heidy,6.2961012,-75.5475969,convenience,,,,,,,,,,,,tienda_viveres
node,7523666590,Estación EnCicla Colombia,6.2565197,-75.5809767,rental,,bicycle_rental,,,,CARRERA 65,50-29,Mo-Fr 05:30-22:00; Sa 06:30-21:00,,Esquina occidental de la Carrera 65 con Calle 51,,
node,7545515325,La Migueria,6.2246676,-75.5744328,bakery,,,,,,,,,,,,panaderia
node,7545515326,Cariñito Café,6.2246677,-75.5744323,,,cafe,,,,,,Mo-Sa 07:30-21:00; Su 08:00-14:00,,,,comidas
node,7580869685,Yamaha San Diego,6.2373181,-75.5709441,motorcycle,,,,,,Calle 37,45-57,Mo-Sa 07:00-18:00,,,,mecanica_motos
node,7656334695,Pokawa Poke Bar,6.2119728,-75.5724292,,,restaurant,,,,,,,japanese,,,comidas
node,7682888826,Drogueria Frontera 6B,6.3491754,-75.5538099,,,pharmacy,pharmacy,,,Diagonal 68,,,,,,salud_bienestar
node,7682888827,Tienda La Piramide,6.3491831,-75.55375,convenience,,,,,,Diagonal 68,,,,,,tienda_viveres
node,7684091508,One Pro Solutions,6.3467127,-75.5093908,mobile_phone,,,,,,Carrera 52,,Mo-Su 09:00-21:00,,,,tecnologia_celulares
node,7706077601,Chepasteles,6.2233322,-75.5962111,bakery,,,,,,,,,,,,panaderia
node,7706077611,Droguería Farmadrogas La 73,6.2236202,-75.594957,,,pharmacy,pharmacy,,,,,,,,,salud_bienestar
node,7706077612,Autoservicio Mercalíder,6.2236787,-75.5951671,convenience,,,,,,,,,,,,tienda_viveres
node,7706077617,Pastelería Manhatan,6.223762,-75.5948883,bakery,,,,,,,,,,,,panaderia
node,7706077621,Drogería,6.2242929,-75.5965389,,,pharmacy,pharmacy,,,,,,,,,salud_bienestar
node,7706077628,Droguería Servidescuentos,6.2248448,-75.596421,,,pharmacy,pharmacy,,,,,,,,,salud_bienestar
node,7706077629,D1,6.2249124,-75.5967628,supermarket,,,,,,,,,,,,tienda_viveres
node,7706077630,Rapi pan,6.225566,-75.596202,bakery,,,,,,,,,,,,panaderia
node,7706077631,Droguería y Variedades Vásquez,6.2254288,-75.5960895,,,pharmacy,pharmacy,,,,,,,,,salud_bienestar
node,7706077632,Yatai,6.2253064,-75.5962593,seafood,,,,,,,,,,,,tienda_viveres
node,7706077634,Horta Fruver,6.2253514,-75.5953417,convenience,,,,,,,,,,,,tienda_viveres
node,7706077635,Mil Sabores,6.2253002,-75.5952001,convenience,,,,,,,,,,,,tienda_viveres
node,7707844352,Cruz Verde Mall Suramerica 790,6.1609079,-75.6278902,,,pharmacy,pharmacy,,,Carrera 52d #75aa sur 250,,,,,,salud_bienestar
node,7742140285,Librería cafe,6.2602845,-75.5913286,books,,,,,,,,,,,,papeleria
node,7770386188,Baby Color,6.2313041,-75.605037,clothes,,,,,,Carrera 82C,30-26,,,,,ropa_calzado
node,7788316285,Viva Spa Laureles,6.2448576,-75.6051108,massage,,,,,,Calle 36,82A-16,,,,https://www.vivaspamedellin.com/,salud_bienestar
node,7808521292,Centro Médico San Camilo,6.2651087,-75.5642409,,,clinic,clinic,,,Calle 67A#51B 44,,,,,,salud_bienestar
node,7808521294,IPS universitaria Leon XIII,6.266554,-75.56391,,,clinic,clinic,,,Calle 69,,,,,,salud_bienestar
node,7808521296,Drogas la Rebaja,6.2643845,-75.5656009,,,pharmacy,pharmacy,,,,,,,,,salud_bienestar
node,7808521299,Farmacia Pasteur,6.2647481,-75.5673037,,,pharmacy,pharmacy,,,,,,,,,salud_bienestar
node,7808559376,Supermercado Maxioferta Campo Valdes,6.271495,-75.5584377,supermarket,,,,,,Carrera 49 #77-69,,,,,,tienda_viveres
node,7808559377,supermercado Justo y Bueno,6.270078,-75.5587914,supermarket,,,,,,,,,,,,tienda_viveres
node,7830670085,Honda Moto Facil,6.2349948,-75.5969382,car_repair,,,,,,,,,,,,mecanica_motos
node,7830670185,Honda Moto Fácil,6.2352226,-75.5940904,car_repair,,,,,,,,,,,,mecanica_motos
node,7832565385,Honda Moto Facil,6.2353392,-75.5939248,car_repair,,,,,,,,,,,,mecanica_motos
node,7847084562,Barbería Olimpo,6.1544294,-75.6131384,hairdresser,,,,,,,,Tu-Su 12:00-19:00,,,,belleza_peluqueria
node,7851430385,Servimaster,6.1547564,-75.6108615,bakery,,,,,,,,,,,,panaderia
node,7851432885,Giraldo,6.1547484,-75.6108227,greengrocer,,,,,,,,,,,,tienda_viveres
node,7855091947,Centro de Fracturas Cefra S.a.,6.2102283,-75.5763173,,,hospital,,,,,,,,,,salud_bienestar
node,7855091948,Centro de Salud Carpinello,6.286615,-75.541254,,,clinic,clinic,,,,,,,,,salud_bienestar
node,7855091949,Metrosalud Enciso,6.2505888,-75.550023,,,clinic,clinic,,,,,,,,,salud_bienestar
node,7855091950,Centro de Salud Pablo Vi,6.3041919,-75.5528485,,,clinic,clinic,,,,,,,,,salud_bienestar
node,7855091951,Centro de Salud Villa del Socorro,6.29575,-75.5546392,,,clinic,clinic,,,,,,,,,salud_bienestar
node,7855091952,Centro de Salud San Blas,6.280886,-75.548404,,,clinic,clinic,,,,,,,,,salud_bienestar
node,7855091954,Centro de Salud Villatina,6.2375294,-75.5413127,,,clinic,clinic,,,,,,,,,salud_bienestar
node,7855091955,Torre Medica de Prado,6.261618,-75.5616611,,,clinic,clinic,,,,,,,,,salud_bienestar
node,7855091956,Fracturas y Rayos X de Antioquia,6.2694623,-75.5588883,,,clinic,clinic,,,,,,,,,salud_bienestar
node,7855091957,Hospital Infantil Clinica Noel,6.2609231,-75.5615089,,,hospital,hospital,,,,,,,,,salud_bienestar
node,7855091959,Centro de Salud Popular 1,6.2972595,-75.5490022,,,clinic,clinic,,,,,,,,,salud_bienestar
node,7855091960,Centro de Salud Moravia,6.2747449,-75.5662117,,,clinic,clinic,,,,,,,,,salud_bienestar
node,7855091961,Centro Policlínico S.a.,6.2486808,-75.5652647,,,hospital,hospital,,,,,,,,,salud_bienestar
node,7855091962,Centro Medico y Odont. Oralser,6.257722,-75.564828,,,clinic,clinic,,,,,,,,,salud_bienestar
node,7859374687,lavafante,6.2180925,-75.5763699,,,car_wash,,,,,,,,,,mecanica_motos
node,7870660185,Ferretería,6.1546321,-75.6108289,hardware,,,,,,,,,,,,construccion
node,7870660285,Arepas,6.1546882,-75.6109208,,,fast_food,,,,,,,arepa,,,comidas
node,8000497210,Go Wings,6.1751323,-75.5838272,,,fast_food,,,,Transversal 32A Sur #32B 47,,Mo-Su 12:00-22:00,wings;chicken;fried_chicken,,,comidas
node,8001288185,Fonda La Frontera,6.2082338,-75.6097527,,,restaurant,,,,,,,,,,comidas
node,8001288285,Mirador El Cielo,6.2077025,-75.6086016,,,restaurant,,,,,,,,,,comidas
node,8005085803,The Dog's Club,6.3644768,-75.4649224,,,animal_boarding,,,,,,,,Hotel for dogs. They take care of them while their owners are away.,,mascotas
node,8007992585,El Alemán Pues,6.2125959,-75.5706434,,,restaurant,,,,Carrera 43B,11-76,,bavarian;diner;fish;german;international;sausage;spanish,,,comidas
node,8034471602,Arepas doña María,6.1931687,-75.5221105,country_store,,,,,,,,,,,,
node,8037726158,Tienda el chispero,6.2070218,-75.5167271,supermarket,,,,,,,,Mo-Su 09:00-21:00,,,,tienda_viveres
node,8042121026,Cocorollo,6.1171245,-75.6303483,,,restaurant,,,,,,,,,,comidas
node,8095254705,El Mercado del Perro & El Gato,6.1575237,-75.6056251,pet,,,,,,,,,,,,mascotas
node,8116572618,Puro Perú,6.2088331,-75.5622379,,,restaurant,,,,Calle 10,32-22,,,,,comidas
node,8121340517,sala de Estefanía,6.276175,-75.5657112,beauty,,,,,,,,,,,,belleza_peluqueria
node,8144809036,Zona Motriz (Taller de Servicio Auteco Autorizado),6.1626541,-75.6027191,motorcycle_repair,,,,,,Carrera 48,49sur-56,Mo-Fr 08:00-18:00,,,https://www.zonamotriz.com.co/,mecanica_motos
node,8166019119,Papelería y variedades Don Papeles,6.2382052,-75.5967183,stationery,,,,,,Carrera 76,#32EE-25,Mo-Su 08:00-17:00,,,,papeleria
node,8176512215,Buñuelos de la Gruta,6.1938026,-75.5762883,,,cafe,,,,Carrera 43A,9 sur 234,Mo-Su 06:30-21:30,pastry,,,comidas
node,8176512216,La Galería Café - Bar,6.1939411,-75.5762909,,,cafe,,,,Carrera 43A,9 Sur 91,Mo-Fr 06:00-20:00; Sa-Su 08:00-16:00,coffee_shop;pastry,,,comidas
node,8176512937,Smart Fit,6.1996866,-75.5723381,,,,,fitness_centre,,Carrera 42,,Mo-Th 05:00-22:00; Fr 05:00-21:00; Sa 07:00-17:00; Su 08:00-17:00,,,https://smartfit.com.co,salud_bienestar
node,8176518517,Tostao’,6.1941408,-75.5762802,,,cafe,,,,,,,coffee_shop,,,comidas
node,8181347201,Panaderia el Panzón,6.2366488,-75.5532469,,,restaurant,,,,,,,,,,comidas
node,8238764036,Car System,6.2256566,-75.5716891,,,car_wash,,,,Calle 25A,43A-161,,,,https://carsystem.com.co/,mecanica_motos
node,8265809360,Juanbis,6.165897,-75.5815226,alcohol,,,,,,,,,,,,tienda_viveres
node,8267558217,Studio F,6.2288183,-75.5774573,clothes,,,,,,Avenida Guayabal,,Mo-Sa 09:00-17:00,,,,ropa_calzado
node,8276670854,Justo y Bueno,6.1209693,-75.6287563,convenience,,,,,,,,,,,,tienda_viveres
node,8282066423,La PaRockia'r,6.2443712,-75.5598604,,,restaurant,,,,,,,,,,comidas
node,8287623117,Unikos,6.2513243,-75.5665704,hairdresser,,,,,,Carrera 49,369,Mo-Sa 08:00-18:00,,,,belleza_peluqueria
node,8325140117,Bodytech,6.2569492,-75.5824342,,,,,fitness_centre,,Calle 50,66-50,,,,,salud_bienestar
node,8364442163,El Vegano Andante,6.2324988,-75.5916258,,,restaurant,,,,Carrera 70,30A17,,regional,,,comidas
node,8375561819,Agreste,6.2323217,-75.5687629,car_repair,,,,,,Carrera 43,31-99,,,,,mecanica_motos
node,8383824417,Sucerquia,6.2707261,-75.5379772,convenience,,,,,,Calle 79C,,Mo-Su 09:00-18:00,,,,tienda_viveres
node,8385163619,Electrofierros,6.1573288,-75.6054964,hardware,,,,,,,,,,,,construccion
node,8405616318,Gardena 11,6.2130468,-75.5737247,dry_cleaning,,,,,,,,,,,,
node,8413462817,Altrada Gracias,6.2117453,-75.5724812,,,restaurant,,,,,,,,,,comidas
node,8429490827,Electro ipod,6.2617558,-75.5893816,electronics,,,,,,,,,,,https://www.facebook.com/Electroipod,tecnologia_celulares
node,8430245717,Tia Mary,6.151889,-75.6178124,hairdresser,,,,,,Calle 71 Sur,,,,,,belleza_peluqueria
node,8433141117,Athletic,6.2146346,-75.5732271,,,,,fitness_centre,,,,,,,,salud_bienestar
node,8464561818,Lavanderia,6.2502658,-75.5907107,laundry,,,,,,,,,,,,
node,8497160106,LOA Traditional Foods,6.327064,-75.5717155,,,fast_food,,,,Calle 39A - 24 Suit 201,Carrera 60A,24/7,regional,,,comidas
node,8532707771,D1,6.230831,-75.5926793,supermarket,,,,,,,,,,,,tienda_viveres
node,8540234918,Sazón del Mar,6.2088261,-75.5710094,,,restaurant,,,,,,,,,,comidas
node,8555615759,Estudio Fotografico Cuillego,6.1512708,-75.6172557,photo,,,,,,Calle 72 Sur,45A - 49,Mo-Sa 08:00-18:00,,,,
node,8555615760,Rocky Cueros,6.1514296,-75.61714,,saddler,,,,,Calle 72 Sur 45A 10,,,,,,
node,8555615763,Tapiceria en General,6.1545106,-75.6106069,,upholsterer,,,,,Calle 62 Sur,,,,,,
node,8555615764,Sasteria Denis,6.1549145,-75.6111073,tailor,,,,,,,,Mo-Fr 08:00-19:00; Sa 08:00-15:00,,,,
node,8555615767,De Madera Carpinteria,6.1540257,-75.6098172,,carpenter,,,,,Calle 62 Sur,43 A 14,,,,www.demaderasas.com,construccion
node,8593674046,Café DM HOME,6.2807284,-75.5786934,,,restaurant,,,,Carrera 72,80A-04,Mo-Su 08:00-22:00,coffee_shop;ice_cream;barbecue;regional,,,comidas
node,8599006342,UAB Villanueva,6.2556262,-75.5642377,,,clinic,clinic,,,,,Mo-Fr 06:10-19:14; Sa 07:00-13:31,,,,salud_bienestar
node,8600889261,Crepes & Waffles,6.1999221,-75.5759317,,,restaurant,,,,,,,,,,comidas
node,8600889262,El Corral Gourmet,6.1998316,-75.5759537,,,restaurant,,,,,,,,,,comidas
node,8607462817,Farmacia colsubsidio,6.2563682,-75.5860567,,,pharmacy,,,,,,,,,,salud_bienestar
node,8666150821,Prestige Bless Barber Shop,6.2272677,-75.5963797,hairdresser,,,,,,,,,,,,belleza_peluqueria
node,8666190309,Tienda Envigueto,6.1689157,-75.5868478,convenience,,,,,,,,,,,,tienda_viveres
node,8712647561,Gimnasio,6.2432742,-75.6201371,,,,,fitness_centre,,,,Mo-Su 09:00-21:00,,,,salud_bienestar
node,8735502174,Carpintería Creaciones Pineda,6.3798127,-75.4483925,hardware,,,,,,,,,,,,construccion
node,8783628717,La Pollerra,6.436399,-75.3322776,,,restaurant,,,,,,,,,,comidas
node,8835823218,El Zafiro,6.2173831,-75.5619376,convenience,,,,,,Carrera 32 # 16 - 218,+573122061664,Mo-Su 09:00-21:00,,,,tienda_viveres
node,8836120221,UAB Florida,6.2705286,-75.5765702,,,clinic,clinic,,,,,Mo-Fr 06:10-19:20,,,,salud_bienestar
node,8878501717,Junior Carrillo,6.2967227,-75.54688,computer,,,,,,Carrera 42B,107E-46,24/7,,,https://www.junuorcarrillo.com,tecnologia_celulares
node,8880711991,El Que Tenga Tienda,6.090624,-75.6373279,,,restaurant,,,,Calle 131 Sur,51-54,,coffee_shop;homemade;pizza;seafood,,,comidas
node,8954640245,Truchera Los Muñóz,6.2575117,-75.6763824,,,restaurant,,,,,,,,,,comidas
node,9005333479,Dollarcity,6.167616,-75.6193642,supermarket,,,,,,,,,,,,tienda_viveres
node,9039419402,Nanados Pizza,6.3135623,-75.5683516,,,fast_food,,,,,,,,,,comidas
node,9042131717,Pergamino Cafe,6.2106451,-75.5658813,,,cafe,,,,Calle 10B,36-38,,,,,comidas
node,9042139418,Cafe Tipica,6.2448894,-75.5907194,,,cafe,,,,,,,,,,comidas
node,9042150517,Delmuri Cafe,6.2456156,-75.59299,,,cafe,,,,Calle 39C,73-29,,,,,comidas
node,9044195118,Mamasita Medallo,6.2118209,-75.5724709,,,restaurant,,,,,,,,,,comidas
node,9077260417,Comida típica colombiana,6.1736424,-75.5848783,,,restaurant,,,,,,,,,,comidas
node,9081093286,Restaurante granero monterrey,6.2354512,-75.5628853,,,restaurant,,,,Carrera 36 # 36-40,,,,,,comidas
node,9081180758,Gardel Pan,6.2684684,-75.5549831,bakery,,,,,,Cra. 45 #73-07,,,,,,panaderia
node,9081190287,Tiendas D1,6.2734341,-75.5534125,supermarket,,,,,,,,,,,,tienda_viveres
node,9081194857,Tiendas D1 Manrique,6.2672041,-75.5544885,supermarket,,,,,,Calle 72,44-96,,,,,tienda_viveres
node,9081194965,Tiendas D1,6.2704615,-75.5567261,supermarket,,,,,,,,,,,,tienda_viveres
node,9102671452,Gimnasio  Libre,6.2539669,-75.589284,,,,,fitness_centre,,,,,,,,salud_bienestar
node,9102671453,Comidas Rapidas,6.257035,-75.5915376,,,fast_food,,,,,,,,,,comidas
node,9102671454,Kokoriko,6.25727,-75.5918602,,,fast_food,,,,,,,chicken,,,comidas
node,9102671455,Comidas Rapidas,6.2573456,-75.5913777,,,fast_food,,,,,,,,,,comidas
node,9102741755,Comidas Rápidas,6.256733,-75.591688,,,fast_food,,,,,,,,,,comidas
node,9102756876,La Pampa Parrilla,6.2456864,-75.592641,,,restaurant,,,,,,,argentinian,,https://lapampa.co,comidas
node,9104455205,Frisby,6.2584633,-75.5953544,,,restaurant,,,,,,,,,,comidas
node,9104455214,Zona Comidas,6.2560606,-75.5909946,,,restaurant,,,,,,,,,,comidas
node,9104455215,Zona Comidas,6.2561998,-75.5912822,,,restaurant,,,,,,,,,,comidas
node,9104455216,Zona Comidas,6.2563477,-75.5915746,,,restaurant,,,,,,,,,,comidas
node,9104462620,Floristeria Estadio,6.2604278,-75.5896764,florist,,,,,,,,,,,,
node,9104462625,Dollarcity,6.2561328,-75.5807293,wholesale,,,,,,,,,,,,
node,9104462628,Almacen Militar,6.2605778,-75.5909231,military_surplus,,,,,,,,,,,,
node,9104462629,Tienda Militar,6.2605151,-75.5906499,military_surplus,,,,,,,,,,,,
node,9106677132,Salud Integral el Nogal,6.2382898,-75.5968081,,,clinic,clinic,,,,,,,,,salud_bienestar
node,9106677138,Laboratorio Echavarría,6.2411317,-75.5967252,,,,laboratory,,,Carrera 76,34-16,,,,,salud_bienestar
node,9106677140,Danny,6.2359481,-75.5963202,,,fast_food,,,,,,,,,,comidas
node,9106677141,Grupo Coomeva,6.2389021,-75.5931744,,,clinic,clinic,,,,,,,,,salud_bienestar
node,9108805999,Coopsana Sura,6.253506,-75.5836973,,,clinic,clinic,,,,,,,,,salud_bienestar
node,9108827273,centro Medico  CERTEC,6.2533611,-75.5825922,,,,hospital,,,,,,,,,salud_bienestar
node,9111881936,Home Center,6.2491554,-75.5835256,houseware,,,,,,,,,,,,
node,9111881938,CONSTRUCTOR,6.2501545,-75.5839545,houseware,,,,,,,,,,,,
node,9111881940,Venta Ambulante,6.2527068,-75.5827837,coffee,,,,,,,,,,,,
node,9111881943,Marllantas,6.2489366,-75.5820471,motorcycle_repair,,,,,,,,,,,,mecanica_motos
node,9112293977,Cus Cus,6.2475734,-75.5825546,,,restaurant,,,,,,,,,,comidas
node,9112318156,Restaurante Palma Seca,6.2474755,-75.5821756,,,restaurant,,,,,,,,,,comidas
node,9112332724,Panaderia Reposteria,6.2478654,-75.5850616,,,restaurant,,,,,,,,,,comidas
node,9112342110,VEHICULOS SAN Joaquin,6.2484172,-75.587956,tyres,,,,,,,,,,,,mecanica_motos
node,9112346556,Supermercado Y Legunbreria El Granadillo,6.2478426,-75.5850035,supermarket,,,,,,,,,,,,tienda_viveres
node,9112356837,Mundo Luz,6.2488184,-75.5868462,lighting,,,,,,,,,,,,
node,9112460706,Coral Azul,6.2486243,-75.5895264,,,restaurant,,,,,,,,,,comidas
node,9112463985,Montoautos,6.2485658,-75.5901052,car,,,,,,,,,,,,mecanica_motos
node,9112463986,Consecionario  Los Gomez,6.2485668,-75.5902233,car,,,,,,,,,,,,mecanica_motos
node,9112479633,SOS  LLaves Y Claves,6.2489517,-75.5923198,,key_cutter,,,,,,,,,,,
node,9112481626,Consecionario  CARLAURELES,6.2486791,-75.5914394,car,,,,,,,,,,,,mecanica_motos
node,9112485366,Taller Automotris COORDINAUTOS,6.2488292,-75.5915465,car,,,,,,,,,,,,mecanica_motos
node,9112498965,Punta Del Este,6.2490975,-75.5933811,,,restaurant,,,,,,,,,,comidas
node,9115117652,Laboratorio Echavarria,6.2549041,-75.5801274,,,,laboratory,,,,,,,,,salud_bienestar
node,9115142611,Drogería Cruz Verde,6.2548654,-75.5797867,,,pharmacy,hospital,,,,,,,,,salud_bienestar
node,9115547075,Drogas La Rebaja,6.2504025,-75.5831427,,,pharmacy,pharmacy,,,,,,,,,salud_bienestar
node,9115602637,Eletro clutch,6.2511877,-75.5829653,general,,,,,,,,,,,,tienda_viveres
node,9115611616,Construcror,6.2509051,-75.5835742,trade,,,,,,,,,,,,construccion
node,9115636852,Materiales  Playa Blanca,6.2525091,-75.5820326,general,,,,,,,,,,,,tienda_viveres
node,9118894973,AKT Servicios Tecnico,6.2680854,-75.5957824,motorcycle_repair,,,,,,,,,,,,mecanica_motos
node,9118917198,Arepas Los  Abuelos,6.2667869,-75.5953064,,,restaurant,,,,,,,,,,comidas
node,9118924961,La Burgueseria,6.2666544,-75.5952515,,,fast_food,,,,,,,,,,comidas
node,9118957566,Mi Buñulo,6.2693948,-75.5948456,,,cafe,,,,,,,,,,comidas
node,9118964162,Restaurante Punto Chino,6.268796,-75.5957043,,,restaurant,,,,,,,,,,comidas
node,9118982948,Drogeria Servi Farma Los Colores,6.2692083,-75.5943505,,,pharmacy,,,,,,,,,,salud_bienestar
node,9118982949,Patitas,6.2689217,-75.5933755,,,veterinary,,,,,,,,,,mascotas
node,9118996119,Gimnasio Publico,6.2680603,-75.5925891,,,,,fitness_centre,,,,,,,,salud_bienestar
node,9120288019,Zona Comidas,6.2579631,-75.5869902,,,restaurant,,,,,,,,,,comidas
node,9120288020,Metrosalud Estadio,6.2559753,-75.589549,,,hospital,hospital,,,,,,,,,salud_bienestar
node,9120288022,Punto Masivo MI VACUNA,6.2551187,-75.588242,,,,yes,,,,,,,,,salud_bienestar
node,9121131028,Panaderia San Nicolas,6.2426726,-75.5577006,,,cafe,,,,,,,,,,comidas
node,9121137505,Mercados villa flora,6.2798799,-75.5923154,supermarket,,,,,,,,,,,,tienda_viveres
node,9121138199,Ricuras de villa flora,6.2793288,-75.5905495,bakery,,,,,,,,,,,,panaderia
node,9121138713,Papeleria y algo mas,6.2800889,-75.592344,stationery,,,,,,Calle 76AE,,,,,,papeleria
node,9121139512,Donde frank,6.241714,-75.5576767,supermarket,,,,,,,,,,,,tienda_viveres
node,9121194171,La Varaka,6.2846903,-75.5567997,,,restaurant,,,,,,,,,,comidas
node,9128101580,Orto Clin,6.257775,-75.6037446,,,dentist,dentist,,,,,,,,,salud_bienestar
node,9128101585,Artesanias Rosalba,6.2583979,-75.5980243,craft,,,,,,Calle 47D,,,,,,
node,9128136292,La Pollera Colora,6.2636249,-75.5974873,,,restaurant,,,,,,,,,,comidas
node,9128138689,Pan Dorado,6.2638231,-75.5984852,,,restaurant,,,,,,,,,,comidas
node,9128148844,Catdog  Hospital Veterinaria,6.2639349,-75.5989689,supermarket,,,,,,,,,,,,tienda_viveres
node,9128198546,Restaurante  Ambrossia,6.2642128,-75.5990828,,,restaurant,,,,,,,,,,comidas
node,9128204433,Carnes  Torino,6.2640404,-75.5996323,supermarket,,,,,,,,,,,,tienda_viveres
node,9128204554,Buzz  Gold Mascotas,6.2641504,-75.6000808,supermarket,,,,,,,,,,,,tienda_viveres
node,9128249226,Salsaomentaria Portovelho,6.2586597,-75.6003064,,,restaurant,,,,,,,,,,comidas
node,9130294963,Gimnasio Publico,6.2594898,-75.5999443,,,,,fitness_centre,,,,,,,,salud_bienestar
node,9130376193,El Tejadito,6.2452998,-75.5891494,,,restaurant,,,,,,,,,,comidas
node,9131147058,Savia Salud,6.2509058,-75.6027051,,,hospital,hospital,,,,,,,,,salud_bienestar
node,9131147063,Messenger,6.2537762,-75.5997791,telecommunication,,,,,,,,,,,,tecnologia_celulares
node,9131147067,Mi Buñuelo,6.2412481,-75.6027713,,,cafe,,,,Calle 34,,Mo-Su 09:00-21:00,pizza,,,comidas
node,9131147068,Casa Blanca Laureles,6.2407006,-75.602669,,,restaurant,,,,,,Mo-Su 09:00-21:00,burger,,,comidas
node,9133499219,Gimnasio  Publico,6.2717863,-75.5943403,,,,,fitness_centre,,,,,,,,salud_bienestar
node,9133499220,Gimnasio Publico,6.2717767,-75.5943791,,,,,fitness_centre,,,,,,,,salud_bienestar
node,9133531252,My Tienda Santa Gema,6.2388319,-75.603813,supermarket,,,,,,,,,,,,tienda_viveres
node,9133541586,Mi Buñuelo,6.2385652,-75.6048324,,,restaurant,,,,,,,,,,comidas
node,9133557064,Fruver  La Granja,6.2385931,-75.6034526,supermarket,,,,,,,,,,,,tienda_viveres
node,9133559775,Peluqueria Y Tienda De Mascotas,6.2365516,-75.6069342,,,veterinary,,,,,,,,,,mascotas
node,9133562661,Cristalida,6.2388265,-75.6042584,mall,,,,,,,,,,,,
node,9133564879,Amars Reposteria,6.2385306,-75.6042289,,,restaurant,,,,,,,,,,comidas
node,9133583812,Telefono  Publico,6.2386185,-75.607866,telecommunication,,,,,,,,,,,,tecnologia_celulares
node,9133584479,SPA Bigotes Y Patitas,6.2406524,-75.6079608,pet_grooming,,,,,,,,Mo-Fr 09:00-18:00; Sa 09:00-14:00,,,,mascotas
node,9146859966,Animal Planet,6.2492353,-75.5988238,pet,,,,,,,,,,,,mascotas
node,9146859967,Drogas la Rebaja,6.2486216,-75.5987858,,,pharmacy,pharmacy,,,,,,,,,salud_bienestar
node,9146859971,Los Fierros,6.254826,-75.6119879,hardware,,,,,,,,,,,,construccion
node,9146859976,IPS Prosalco San Juan,6.2517335,-75.6066415,,,clinic,clinic,,,,,,,,,salud_bienestar
node,9163802069,Domino's,6.2395563,-75.6028805,,,fast_food,,,,Carrera 80C,,,pizza,,,comidas
node,9163802070,Dentales Medellin,6.2403189,-75.6080335,,,dentist,,,,,,,,,https://www.dentalesmedellin.com/,salud_bienestar
node,9163802071,Dulce Amanecer,6.2408815,-75.6079124,houseware,,,,,,,,,,,,
node,9163802072,Gloria Luz Restaurante,6.2420173,-75.6078641,,,cafe,,,,,,,,,,comidas
node,9163802073,Merca Todo la 84,6.2440197,-75.6068126,supermarket,,,,,,,,,,,,tienda_viveres
node,9163802074,Centro Comercial San Juan,6.2508534,-75.6029315,mall,,,,,,,,,,,,
node,9163802075,EPS Sura San Juan,6.251376,-75.6066919,,,clinic,clinic,,,,,,,,,salud_bienestar
node,9163802076,Carnes la Cabaña,6.2517839,-75.6071372,butcher,,,,,,,,,,,,tienda_viveres
node,9163802078,Moll del Danubio,6.2541809,-75.6102834,mall,,,,,,,,,,,,
node,9163802079,El Coste,6.2549728,-75.6140573,,,fast_food,,,,Carrera 96,43-24,,colombian,,,comidas
node,9163802080,Drogas la Rebaja,6.2502695,-75.5995358,,,pharmacy,pharmacy,,,,,,,,,salud_bienestar
node,9166593822,supermercado la 80,6.2750113,-75.5654498,supermarket,,,,,,calle,80,,,,https://supermercadosla80.com/,tienda_viveres
node,9166611467,Empanadas Diana,6.2747852,-75.5652727,,,fast_food,,,,calle,80b,Mo-Fr 22:00-05:00,chicken,,,comidas
node,9180365033,Don Juan,6.252682,-75.6220269,,,pharmacy,pharmacy,,,,,,,,,salud_bienestar
node,9181590075,Surco Records,6.2421415,-75.5928053,music,,,,,,,,,,,,
node,9188483445,Dan Toro,6.2402418,-75.5921897,,,restaurant,,,,,,,italian,,,comidas
node,9188624551,Mansión Stetic Spa,6.2838942,-75.5928442,beauty,,,,,,,,,,,,belleza_peluqueria
node,9188692517,Tienda Don Jorge,6.2663191,-75.6294188,convenience,,,,,,,,,,,,tienda_viveres
node,9198004326,Odontologia Unidos,6.2580847,-75.596979,,,dentist,dentist,,,,,,,,,salud_bienestar
node,9198103663,Antojos Men,6.2576177,-75.5958966,,,restaurant,,,,,,,,,,comidas
node,9198193512,Sastreria Vestilujos,6.254323,-75.5971071,tailor,,,,,,,,,,,,
node,9198232664,Sabor Santarosano,6.2515421,-75.5973681,,,restaurant,,,,,,,,,,comidas
node,9198286152,Donde El Talo,6.2523115,-75.5966084,,,restaurant,,,,,,,,,,comidas
node,9198830345,D1,6.2581639,-75.5980764,supermarket,,,,,,,,,,,,tienda_viveres
node,9198830346,D1,6.2576875,-75.5978207,supermarket,,,,,,,,,,,,tienda_viveres
node,9211386974,Punt Fin EPS Seguridad Industrial,6.2634902,-75.5867116,,,hospital,hospital,,,,,,,,,salud_bienestar
node,9211397552,Bodytech,6.2621552,-75.5862037,,,,,fitness_centre,,,,,,,,salud_bienestar
node,9211417065,Salsamentaria  Portovelho,6.2603144,-75.5870354,,,restaurant,,,,,,,,,,comidas
node,9211419018,Restaurante El LLanerito,6.2581274,-75.5837309,,,restaurant,,,,,,,,,,comidas
node,9211419142,Salsamentaria Estadio,6.2604447,-75.5877452,,,restaurant,,,,,,,,,,comidas
node,9211442263,Punt Inic  Tostao,6.2578254,-75.5831791,,,restaurant,,,,,,,,,,comidas
node,9215326322,HolaTelCol,6.2325235,-75.6036326,mobile_phone,,,,,,Calle 30A,82A-26,"Mo-Fr 09:00-13:00,14:00-18:00; Sa 09:00-13:00; Su,PH off",,"HolaTelCol es una empresa de telecomunicaciones líder en su industria, especializada en servicios de telefonía, SMS, Recargas y mucha más.…",https://holatelcol.com,tecnologia_celulares
node,9215609082,National Truck Service,6.1589068,-75.6064854,car_repair,,,,,,,,,,,,mecanica_motos
node,9222328216,La Miguería,6.1989882,-75.574296,,,cafe,,,,,,Mo-Su 08:00-20:00,coffee_shop,,https://www.lamigueria.com.co/,comidas
node,9222394342,La Maga,6.1552792,-75.531775,,,cafe,,,,,,,coffee_shop,,https://cocinalamaga.com/,comidas
node,9222496109,Juan Valdez Café,6.1526272,-75.5408096,coffee,,cafe,,,,,,,coffee_shop,,https://juanvaldez.com/,comidas
node,9222496110,Ammazza Gin Garden,6.1543389,-75.5337175,,,restaurant,,,,,,,italian,,https://ammazza.com.co/,comidas
node,9222496111,Podestá,6.1544015,-75.5327848,,,restaurant,,,,,,,italian,,,comidas
node,9222496112,Auteco Mobility,6.1532274,-75.5420827,motorcycle,,,,,,,,,,,https://www.autecomobility.com/,mecanica_motos
node,9222496113,Auteco Mobility,6.1583525,-75.546239,motorcycle,,,,,,,,,,,https://www.autecomobility.com/,mecanica_motos
node,9222539109,Éxito,6.1539705,-75.532677,department_store,,,,,,,,,,,https://www.exito.com/,
node,9222539110,OCCA,6.1539787,-75.5328923,,,restaurant,,,,,,,colombian,,,comidas
node,9222539111,Itadaki Ramen,6.153999,-75.5329168,,,restaurant,,,,,,,noodle,,,comidas
node,9222539112,La Champagnería,6.1539791,-75.5334421,,,restaurant,,,,,,,tapas,,,comidas
node,9222539113,Cannondale,6.1539776,-75.5333815,bicycle,,,,,,,,,,,https://www.cannondale.com/,
node,9222539114,Espíritu de Tierra,6.1539769,-75.5333362,supermarket,,,,,,,,,,,https://www.espiritudetierra.com/,tienda_viveres
node,9222539115,Bagatelle,6.1539784,-75.5332911,,,restaurant,,,,,,,breakfast;cafe,,https://www.bagatelle.com.co/,comidas
node,9222539116,CÂPÂ,6.1539834,-75.5332442,jewelry,,,,,,,,,,,https://capajoyeria.com/,ropa_calzado
node,9222585117,Veinte Platos,6.1539864,-75.5331969,,,restaurant,,,,,,,colombian,,https://sonymelona.com/veinte-platos/,comidas
node,9222585118,Son & Melona,6.1539917,-75.5331556,,,restaurant,,,,,,,,,https://sonymelona.com/menu/,comidas
node,9222585120,Synlab,6.1540066,-75.5330506,,,,laboratory,,,,,Mo-Fr 07:00-13:45; Sa 07:00-10:30; Mo off,,,https://www.synlab.co/,salud_bienestar
node,9222585121,Droguería Alemana,6.1540232,-75.5329927,,,pharmacy,pharmacy,,,,,,,,https://drogueriasalemana.com/,salud_bienestar
node,9222585122,Potterapy,6.1540374,-75.5329367,,pottery,,,,,,,,,,https://potterapy.com.co/,
node,9222585123,Benares Decoración Asiática,6.1541047,-75.5327803,interior_decoration,,,,,,,,,,,https://benares.com.co/tiendas/,
node,9222585124,Parmessano,6.1541616,-75.5326929,,,restaurant,,,,,,,italian,,https://parmessano.com.co/,comidas
node,9222614975,Grill Academy,6.1545948,-75.5324233,outdoor,,,,,,,,Mo-Sa 10:00-19:00,,,https://www.grillacademy.com.co/tienda/,
node,9222614979,Santa Leña,6.154505,-75.5326364,,,cafe,,,,,,,cafe;bread,,,comidas
node,9222614980,African Leather,6.1544425,-75.5327328,furniture,,,,,,,,,,,,
node,9222614981,Buñuelos de Oriente,6.1544738,-75.5326782,,,cafe,,,,,,,colombian,,,comidas
node,9222614982,Salón Ahumado,6.154372,-75.5328459,,,restaurant,,,,,,,seafood,,,comidas
node,9222614983,La Ruta,6.1543465,-75.5329008,bicycle,,,,,,,,,,,,
node,9222614985,El Correo y Amada,6.1543122,-75.5330011,,,restaurant,,,,,,,grill;bakery,,,comidas
node,9222614986,El Cedro Rojo,6.1542986,-75.5330465,interior_decoration,,,,,,,,,,,https://www.cedrorojo.com/,
node,9222614987,Firehouse,6.1542824,-75.5331108,,,fast_food,,,,,,,,,https://firehouse.com.co/,comidas
node,9222614988,Conceptual,6.1542705,-75.5331782,furniture,,,,,,,,,,,,
node,9222614989,Lugano Fondue,6.1542619,-75.5332479,,,restaurant,,,,,,,fondue,,,comidas
node,9222614990,Cruz Verde,6.1542573,-75.5333296,,,pharmacy,pharmacy,,,,,,,,https://www.cruzverde.com.co/,salud_bienestar
node,9222614991,Telar Mahi,6.1542607,-75.533418,carpet,,,,,,,,,,,,
node,9222614992,Doce Home,6.1542732,-75.5335108,furniture,,,,,,,,,,,,
node,9222614993,La Brocante,6.1542875,-75.5335834,furniture,,,,,,,,,,,,
node,9222614994,Safetti Store,6.1543095,-75.5336553,clothes,,,,,,,,,,,,ropa_calzado
node,9222614996,Artica,6.1544294,-75.5338811,interior_decoration,,,,,,,,,,,,
node,9222614997,Corte Grueso,6.1544891,-75.5339792,,,restaurant,,,,,,,bar_and_grill,,,comidas
node,9222715177,IPS Comfama Sura,6.1568312,-75.6429009,,,clinic,clinic,,,,,,,,,salud_bienestar
node,9222715178,Colsubsidio,6.1558257,-75.6432069,,,pharmacy,pharmacy,,,,,,,,,salud_bienestar
node,9222715203,SEMA,6.1583793,-75.6458747,car_repair,,,,,,,,,,,,mecanica_motos
node,9223816558,Papa John's,6.2018726,-75.571982,,,fast_food,,,,,,,pizza,,,comidas
node,9225444242,Casona,6.238102,-75.6031993,,,restaurant,,,,,,,,,,comidas
node,9225450257,"Tu Buñuelo, Santa Gema",6.2383876,-75.6039756,,,restaurant,,,,,,"Mo-Sa 05:30-20:00; PH,Su 05:30-13:00",,,,comidas
node,9225456014,Drogeria Santa  Gema,6.238371,-75.606186,,,hospital,hospital,,,,,,,,,salud_bienestar
node,9225458464,Panaderia Los Mejores,6.2385413,-75.6067615,,,restaurant,,,,,,,,,,comidas
node,9227605581,Sky Hills,6.1537655,-75.5450447,,,restaurant,,,,,,"Su, Tu, We 12:30-20:00; Th-Sa 14:30-23:00",waffle;coffee_shop,,https://www.instagram.com/skyhillsw/?hl=en,comidas
node,9228193956,Estacionate,6.1597815,-75.5152613,,,restaurant,,,,,,,colombian,,,comidas
node,9231381917,La Migueria,6.1988886,-75.5748327,bakery,,,,,,,,,,,,panaderia
node,9236731671,Mimimercado Todo Ya,6.2354744,-75.6041102,convenience,,,,,,,,,,,,tienda_viveres
node,9236743591,Oral Viral,6.2344447,-75.6027439,,,dentist,dentist,,,,,,,,,salud_bienestar
node,9239190549,Bisontalas,6.2384462,-75.598212,,,restaurant,,,,,,,,,,comidas
node,9243722719,Wonder,6.2466118,-75.5896758,hairdresser,,,,,,,,,,,,belleza_peluqueria
node,9243925008,Tostao’,6.2445583,-75.5904807,,,cafe,,,,,,,,,https://tostao.com,comidas
node,9246938084,4 ESQUINAS,6.346371,-75.5497299,,,restaurant,,,,,,,,,,comidas
node,9261326917,Restaurante catena,6.2498621,-75.567008,,,restaurant,,,,,,,,,,comidas
node,9273393361,Sushi Light,6.2457475,-75.5969277,,,restaurant,,,,Circular 75 Transversal 39-28,,"Mo-Th 12:00-22:00; Fr, Sa 12:00-23:00; Su, PH 12:00-21:00",sushi,,https://sushilight.com,comidas
node,9279255711,Restaurante Barcal,6.2087623,-75.5721134,,,restaurant,,,,,,,,,https://www.restaurantebarcal.com/,comidas
node,9282045402,Half way to Heaven,6.2428814,-75.5471487,,,fast_food,,,,,,,,,,comidas
node,9282079062,Fomivariedades,6.2488153,-75.5725057,bed,,,,,,,,,,,,
node,9318407319,Restaurante Los Muñetones,6.2373132,-75.5612586,,,restaurant,,,,,,,,,,comidas
node,9318437917,Moratta Restaurante,6.2373927,-75.5619538,,,restaurant,,,,,,,,,,comidas
node,9321736532,Vegan & Veggie,6.2138794,-75.5726308,,,restaurant,,,,,,,,,,comidas
node,9325114017,Govindas Veg Food Sede la Playa,6.2481813,-75.5625888,,,restaurant,,,,,,,,,,comidas
node,9344048618,Taller de motos Maikbike,6.2702238,-75.5534725,car_repair,,,,,,,,,,,,mecanica_motos
node,9344118617,SERE,6.212622,-75.5706361,,,restaurant,,,,,,,breakfast,,,comidas
node,9355821868,Santa Leña,6.2456507,-75.595492,bakery,,,,,,,,Mo-Su 08:00-19:00,,,https://santaleña.com,panaderia
node,9355821869,La Brasa Roja,6.246071,-75.5965363,,,fast_food,,,,,,,chicken,,,comidas
node,9355821871,La Taza y Helénico,6.2460662,-75.5967969,,,restaurant,,,,,,,greek,,,comidas
node,9355821872,La Pizza de Alejo,6.2459094,-75.5970794,,,restaurant,,,,,,,pizza,,,comidas
node,9355821873,El Paso Hamburguesas,6.2443802,-75.5958272,,,fast_food,,,,,,,burger,,,comidas
node,9359329304,Centro Especializado Sabana,6.1577475,-75.6145459,,,clinic,,,,,,,,,,salud_bienestar
node,9374406617,El sabor de San Joaquin,6.2477096,-75.5869962,,,restaurant,,,,,,Mo-Su 07:00-16:00,,,,comidas
node,9377789817,Hot Dog Express,6.2488001,-75.5886525,,,fast_food,,,,Carrera 70,43-28,24/7,,,,comidas
node,9377789917,Gauchos,6.2481755,-75.5888399,,,fast_food,,,,,,Mo-Su 16:00-04:00,,,,comidas
node,9382716617,Tienda D1,6.2454266,-75.5916222,variety_store,,,,,,Circular 3,,Mo-Su 08:00-21:00,,,,papeleria
node,9382716717,Mega Oferta,6.243843,-75.5920046,supermarket,,,,,,Circular 2,73-81,Mo-Su 07:00-21:00,,,,tienda_viveres
node,9384569417,La Caldera,6.2484072,-75.5893852,,,restaurant,,,,Calle 43,15-70,Mo-Su 10:00-23:00,breakfast;burger;chicken;sausage,,,comidas
node,9384891217,La Jugosa,6.246981,-75.5892331,,,fast_food,,,,Carrera 70,C4-39,Mo-Su 11:00-20:30,coffee_shop;ice_cream,,,comidas
node,9384891218,Panadería & Pastelería Guadalupan,6.247255,-75.589203,bakery,,,,,,Carrera 70,,,,,,panaderia
node,9386600417,Aquí Paró Lucho,6.2432201,-75.5791135,,,restaurant,,,,,,Tu-Th 12:00-21:00; Fr 12:00-21:00; Sa 09:00-22:00; Su 09:00-19:00,,,,comidas
node,9386601017,Dulce Suiza,6.243048,-75.5790686,,,cafe,,,,,,,coffee_shop;pasta;pizza,,,comidas
node,9386601117,Rolados,6.2431356,-75.5790948,,,cafe,,,,,,,coffee_shop;ice_cream,,,comidas
node,9387213618,Minimercado España,6.2266821,-75.5640628,supermarket,,,,,,,,Mo-Sa 08:00-21:00; Su 08:00-19:00,,,,tienda_viveres
node,9387216217,bikehouse,6.2099628,-75.546026,bicycle,,,,,,,,,,,,
node,9387216317,Go Rigo Go!,6.2144059,-75.5607454,bicycle,,,,,,,,,,,,
node,9391147719,Balcón Silletero,6.2104306,-75.4975418,,,restaurant,,,,,,,chinese,,,comidas
node,9391147720,Dónde Chapi,6.2109761,-75.5001153,,,fast_food,,,,,,,burger;local,,,comidas
node,9391147822,Pizza Sapore,6.2110132,-75.5003054,,,restaurant,,,,,,,italian;pizza,,,comidas
node,9391148121,Flores de mi tierra,6.210558,-75.497455,alcohol,,,,,,,,,,,,tienda_viveres
node,9395674817,BMC Switzerland,6.2128388,-75.5697635,bicycle,,,,,,Calle 12,40A-293,Mo-Fr 09:00-18:00; Sa 09:00-17:00,,,https://bikexperts.com/,
node,9413383417,Chucho Diesel,6.3378008,-75.5243198,car_repair,,,,,,,,,,,,mecanica_motos
node,9469054017,Spiritosanto Paninis,6.2431886,-75.6085219,,,fast_food,,,,,,"12:30-20:30; Fr,Sa 12:30-21:30",sandwich,,,comidas
node,9501485182,Pintuco,6.1660419,-75.6210484,hardware,,,,,,Carrera 50A,34-27,Mo-Fr 07:30-18:00; Sa 07:00-14:00,,,,construccion
node,9511068717,Subway,6.2504347,-75.5884525,,,fast_food,,,,,,,sandwich,,,comidas
node,9512366417,Jhon Perrada,6.2791696,-75.6313877,,,restaurant,,,,,,"Tu-Fr 14:30-22:30; Sa,Su 13:30-23:30",barbecue,,,comidas
node,9550330517,Huellitas Almería,6.2439306,-75.6083472,pet,,,,,,,,Mo-Sa 09:00-19:00; Su 09:00-14:00,,,,mascotas
node,9560891217,D1,6.2399919,-75.5815817,supermarket,,,,,,,,,,,,tienda_viveres
node,9569005417,Broster Pan,6.246721,-75.5645,bakery,,,,,,,,,,,,panaderia
node,9572003566,TuPuntoSex,6.1731106,-75.5874144,erotic,,,,,,Calle 34 Sur,43A-41,Mo-Su 10:00-19:30,,"Somos una tienda Sex Shop en Envigado, con envíos al Área metropolitana del Valle de Aburrá en Medellín, Caldas, La Estrella, Sabaneta, Ita…",https://tupuntosex.com/,
node,9575865317,Panadería Los Mejores # 3,6.2384503,-75.6068194,bakery,,,,,,,,,,,,panaderia
node,9578171417,Casa Fruver,6.2455613,-75.6059318,greengrocer,,,,,,,,Mo-Sa 07:00-19:00; Su 08:00-14:00,,,,tienda_viveres
node,9583204417,Carbón Paisa,6.2469468,-75.5645907,,,fast_food,,,,,,,chicken,,,comidas
node,9583208617,Gana,6.2469094,-75.5644787,lottery,,,,,,,,,,,,
node,9583258017,Justo y Bueno,6.2502145,-75.5908371,supermarket,,,,,,,,,,,,tienda_viveres
node,9583258117,D1,6.2502239,-75.5909078,supermarket,,,,,,,,,,,,tienda_viveres
node,9583260917,Merk Fruver Florida Nueva,6.2502618,-75.59121,greengrocer,,,,,,,,,,,,tienda_viveres
node,9583264717,Fruver San Joaquín,6.2502032,-75.5916256,greengrocer,,,,,,,,,,,,tienda_viveres
node,9583279717,Droguería Pasteur,6.2506073,-75.596922,chemist,,,pharmacy,,,,,,,,,salud_bienestar
node,9583400017,Salud Total EPS,6.2505903,-75.5991446,,,clinic,clinic,,,,,,,,,salud_bienestar
node,9583400117,Floristería Naturalia,6.2505798,-75.5996736,florist,,,,,,,,,,,,
node,9583400217,Supinar Fisioterapia,6.2451316,-75.6039512,,,,physiotherapist,,,,,,,,https://www.supinarips.com.co/,salud_bienestar
node,9583400218,Can & Cats Centro Veterinario,6.245437,-75.6055626,,,veterinary,,,,Calle 37B,83A-05,,,,,mascotas
node,9583400317,Salón de Belleza María Elena,6.2453722,-75.6090385,beauty,,,,,,Carrera 85C,35B-67,,,,,belleza_peluqueria
node,9583400717,Bicicloy,6.2426209,-75.6078097,bicycle,,,,,,Carrera 84,,Mo-Fr 08:00-18:00; Sa 08:00-17:00,,,,
node,9583400817,Mercados La Finca,6.2434913,-75.6073017,grocery,,,,,,,,"Mo-Fr 08:00-21:40; Sa,Su 08:00-21:00",,,,tienda_viveres
node,9583400917,Tostao’,6.2437272,-75.6091071,,,cafe,,,,,,Mo-Sa 06:00-20:00; Su 07:00-15:00,,,,comidas
node,9583401017,Gana,6.2437462,-75.6090512,lottery,,,,,,,,,,,,
node,9583401117,Pizzas Roquefort,6.2439973,-75.6110873,,,restaurant,,,,,,Tu-Th 15:00-22:00; Fr 15:00-23:00; Sa 12:00-23:00; Su 12:00-22:00,pizza,,,comidas
node,9583401217,D1,6.2437766,-75.6111811,supermarket,,,,,,,,"Mo-Su,PH 08:00-21:00",,,,tienda_viveres
node,9583914751,Glamour La Nueva,6.3760525,-75.4500603,chemist,,,,,,Carrera 17,,Mo-Su 09:00-19:00,,,,salud_bienestar
node,9590114117,Gana,6.2441975,-75.6073078,lottery,,,,,,,,,,,,
node,9590114217,Rosteka Parrilla-Bar,6.2436355,-75.6093728,,,restaurant,,,,,,"12:00-23:00; Fr,Sa 12:00-23:59",barbecue,,,comidas
node,9590134917,Droguería Big-Ben,6.2439117,-75.6108073,chemist,,,,,,,,Mo-Sa 07:00-21:00; Su 09:00-18:00,,,,salud_bienestar
node,9590151617,PremiumVet,6.2439543,-75.6122491,,,veterinary,,,,,,Mo-Su 09:00-18:59,,,,mascotas
node,9590213576,Zappets,6.1682865,-75.5884377,pet,,,,,,Calle 39 Sur #42 21,,Mo-Sa 09:00-20:00; Su 09:00-14:00,,Distribuidora de alimentos para mascotas,https://zappets.com/,mascotas
node,9592778352,Aspasia,6.244339,-75.5665942,,,restaurant,,,,Carrera 44,44-136,,regional,,,comidas
node,9593049717,Dulce Paladar,6.2452134,-75.6086953,bakery,,,,,,Calle 37,35B-28,Mo-Sa 05:00-23:59; Su 05:00-23:58,,,,panaderia
node,9593049817,Mercamás Almería,6.2449706,-75.6115326,grocery,,,,,,,,,,,,tienda_viveres
node,9593210186,Mandingas goofy,6.2794562,-75.5905655,,,restaurant,,,,,,,papas_fritas,,,comidas
node,9593314874,Papas house,6.3029243,-75.571704,,,fast_food,,,,Calle 105 #74-2,,Lunes a Domino 16:00 a 23:30,,,,comidas
node,9593314875,Drogueria Expresso #1,6.3030405,-75.5712487,,,pharmacy,pharmacy,,,Calle 105A #74-54,,Mo-Su 08:00-22:00,,,,salud_bienestar
node,9593314876,Surtimax los primitos,6.3032945,-75.5709202,supermarket,,,,,,Carrera 74 #105A-24,,,,,,tienda_viveres
node,9593314881,merkfull,6.3043728,-75.5706601,supermarket,,,,,,Carrera 74 #106-54,,Mo-Sa 08:00-20:00+,,,,tienda_viveres
node,9593314882,Drogueria la 74,6.3040936,-75.5704471,,,pharmacy,pharmacy,,,Carrera 74 #106-6,,,,,,salud_bienestar
node,9593314883,Consultorio odontologico Oral Arte,6.3045379,-75.5704404,,,dentist,dentist,,,Carrera 74 #14,,,,,,salud_bienestar
node,9593314884,Surtimax minimercado super merca,6.3073816,-75.5703547,supermarket,,,,,,Carrera 74 #109,,,,,,tienda_viveres
node,9593314885,Electric home,6.3075653,-75.5702809,hardware,,,,,,Carrera 74 #109 16,,,,,,construccion
node,9593314886,FARADIO,6.3077645,-75.5700172,variety_store,,,,,,Calle 110 #70-158,,,,,,papeleria
node,9593314887,El oasis del helado,6.3093137,-75.569664,,,ice_cream,,,,Calle 113 #74 -2,,,,,,comidas
node,9593314888,Granero la buena esquina,6.3094611,-75.5693891,supermarket,,,,,,Carrera 74 #114,,,,,,tienda_viveres
node,9593314889,Legumbrería MILAN,6.3073113,-75.5702019,supermarket,,,,,,Carrera 74 #109-10,,,,,,tienda_viveres
node,9593314890,Nene Motos,6.3069921,-75.5703167,motorcycle_repair,,,,,,Carrera 74 #108-14,,,,,,mecanica_motos
node,9595738436,Salsamentaria El Cerrito,6.2704825,-75.5874031,supermarket,,,,,,Carrera 75,20,,,,,tienda_viveres
node,9596064133,Droguería Aures Centro,6.2928438,-75.5934376,,,pharmacy,pharmacy,,,,,,,,,salud_bienestar
node,9596329594,Habitat Tienda De Mascotas,6.3763332,-75.4490984,pet,,,,,,,,,,,,mascotas
node,9596329595,Papelería y Miscelánea Abcdario,6.3764658,-75.4494868,stationery,,,,,,,,,,,,papeleria
node,9596329596,Droguería NUEVA FHARMA,6.375505,-75.4495325,,,pharmacy,pharmacy,,,,,,,,,salud_bienestar
node,9596334620,Hircania,6.3762703,-75.4497596,,,restaurant,,,,,,,coffee_shop,,,comidas
node,9597920451,Los Perritos del Tigre,6.2225737,-75.6104293,,,fast_food,,,,,,,hot_dog,,,comidas
node,9597920460,Fj Racing,6.2224989,-75.6101375,motorcycle_repair,,,,,,,,,,,,mecanica_motos
node,9597920461,Las Comidas de Yolima,6.2228482,-75.6102634,,,fast_food,,,,,,,,,,comidas
node,9597920489,Spa Mayte,6.2230615,-75.6062095,beauty,,,,,,,,,,,,belleza_peluqueria
node,9598036017,Gana,6.2469164,-75.5648141,lottery,,,,,,,,,,,,
node,9598036018,Konicolor,6.2469058,-75.5647891,,photographic_laboratory,,,,,,,,,,,
node,9598450992,El Hueco,6.3462081,-75.5088091,stationery,,,,,,Calle 50 #51-06,,Mo-Sa 08:00-20:00; Su 08:00-15:00,,,,papeleria
node,9598482097,Cerezuela,6.3461068,-75.5094588,clothes,,,,,,,,,,,,ropa_calzado
node,9603524817,Mordiscos,6.2474106,-75.5653458,,,cafe,,,,,,,,,,comidas
node,9603524917,Gana,6.2473443,-75.5652253,lottery,,,,,,,,,,,,
node,9603525017,Papelería Eureka,6.2467823,-75.5646002,stationery,,,,,,,,,,,,papeleria
node,9604441368,Metro Salud San Javier,6.2543018,-75.6203308,,,hospital,hospital,,,,,,,,,salud_bienestar
node,9604465690,Santa Mariana,6.3000507,-75.5819248,bakery,,,,,,,,,,,,panaderia
node,9604465691,Super Mercado Picacho,6.3001414,-75.5819087,supermarket,,,,,,,,,,,,tienda_viveres
node,9604465693,Ghost,6.2995522,-75.5823888,hairdresser,,,,,,,,,,,,belleza_peluqueria
node,9604465694,Supermercado Palomares,6.2988604,-75.5827643,supermarket,,,,,,,,,,,,tienda_viveres
node,9604465699,Tienda D1 Los lotes,6.30038,-75.5835435,supermarket,,,,,,,,,,,,tienda_viveres
node,9604469495,Licores La Esperanza,6.2679452,-75.5479965,alcohol,,,,,,,,24/7,,,,tienda_viveres
node,9604471204,Burgelandia Me Gusta,6.2642192,-75.5479639,,,fast_food,,,,,,Mo-Su 08:00-23:00,burger;sandwich;chicken;american,,,comidas
node,9604487254,La Central del Sabor,6.2682913,-75.5459379,,,fast_food,,,,,,Mo-Su 08:00-23:00,burger;sandwich;chicken;international,,,comidas
node,9604499632,Tienda La Curva,6.2697223,-75.5481445,supermarket,,,,,,,,Mo-Su 10:00-20:00,,,,tienda_viveres
node,9604517344,Pollos Mario,6.263639,-75.5479592,,,restaurant,,,,,,Mo-Su 10:00-21:00,chicken,,,comidas
node,9604521032,360° Azotea,6.2649116,-75.5554783,,,restaurant,,,,,,Mo-Su 09:00-23:00,regional;italian;mexican;chicken,,,comidas
node,9604523587,Supermercado Vanegas,6.2840161,-75.586461,supermarket,,,,,,,,Mo-Sa 08:00-18:00,,,https://www.instagram.com/supermercado_vanegas/?hl=es,tienda_viveres
node,9604523596,LA PALMA FOODS & DRINKS,6.2846791,-75.5861296,,,restaurant,,,,,,,,,,comidas
node,9604597085,Gimnasio Smart Fit - Aves María,6.1492175,-75.6176399,,,,,fitness_centre,,Calle 75 Sur,,,,,,salud_bienestar
node,9604597088,Pizzas Piccolo Sabaneta,6.1478161,-75.6164902,,,restaurant,,,,Calle 75 Sur,43A - 5,Mo-Su 11:00-23:00,pizza,,https://www.pizzaspiccolo.com.co/,comidas
node,9604597089,Mercadería Justo & Bueno,6.1472089,-75.6163318,supermarket,,,,,,Carrera 43A,75 Sur - 05,Mo-Su 08:00-21:00,,,,tienda_viveres
node,9604597090,Café Bosque Adentro,6.1478578,-75.6165313,,,cafe,,,,Carrera 43A,75 Sur - 05,,,,,comidas
node,9604597093,Canis Vet,6.149135,-75.6168783,,,veterinary,,,,Calle 74A Sur,43b37,24/7,,,,mascotas
node,9604629281,Compraventa Trilogia,6.2836796,-75.5871339,pawnbroker,,,,,,,,,,,,
node,9604642925,Drogueria Bello Horizonte,6.2843714,-75.5903579,,,pharmacy,pharmacy,,,,,,,,,salud_bienestar
node,9604655265,Maderables Figueroa,6.2836507,-75.5901904,,carpenter,,,,,,,,,,,construccion
node,9615033917,Junior Carrera MOFLES,6.3467407,-75.5211524,car_repair,,,,,,Doble Calzada Niquia - Hatillo,,,,,,mecanica_motos
node,9624222217,Sanducheo Colitas Paisas,6.2463457,-75.5633664,,,fast_food,,,,,,,sandwich,,,comidas
node,9624222317,Doraditas Crocantes,6.246075,-75.5628414,,,fast_food,,,,,,Mo-Sa 05:00-21:00; Su 06:00-15:00,empanada,,,comidas
node,9624222417,Bimbo Expendio,6.2462202,-75.5631206,bakery,,,,,,,,Mo-Sa 09:00-20:00,,,,panaderia
node,9655069317,Food Company,6.2322107,-75.590945,,,fast_food,,,,,,Tu-Su 16:00-22:00,burger,,https://foodcompanydeliverygourmet-2.ola.click/products?from=qrcode,comidas
node,9662666817,Café Bambo,6.2434655,-75.5861411,,,ice_cream,,,,,,,,,,comidas
node,9680511417,Restaurante Santa Gula,6.2441981,-75.6073258,,,restaurant,,,,,,,,,,comidas
node,9680511517,Efi Carnes,6.2440471,-75.6080248,butcher,,,,,,,,,,,,tienda_viveres
node,9680526717,Dulce Papel,6.2444948,-75.6072853,gift,,,,,,,,,,,,papeleria
node,9681316317,Bipolar Brewing Co.,6.2178581,-75.5716881,,brewery,,,,,,,,,,,
node,9682981717,Foto Bremen,6.2467208,-75.5641213,photo,,,,,,,,,,,,
node,9682996917,Arte Religioso San José,6.2461645,-75.5630102,religion,,,,,,,,,,,,
node,9682997017,Nutri Light,6.2460189,-75.5630912,health_food,,,,,,,,,,,,
node,9699254117,Calisto Parrilla & BBQ,6.1667443,-75.5812278,,,fast_food,,,,,,,burger,,,comidas
node,9709452635,Garage 56,6.1734903,-75.4919871,,,restaurant,,,,,,,,,,comidas
node,9709454374,La Rufina,6.158854,-75.5219695,,,restaurant,,,,,,Tu-Su 08:00-21:30,burger;sandwich;american;international,,,comidas
node,9714362017,"Copsana, Centro de Especialistas",6.2248841,-75.570496,,,,centre,,,,,Mo-Fr 06:30-19:00; Sa 07:00-19:00,,,https://coopsana.com.co/,salud_bienestar
node,9714362117,Templo del Chicharrón,6.2477595,-75.6026394,,,restaurant,,,,,,,,,,comidas
node,9716303817,Tareas Papelería,6.2445007,-75.6141113,stationery,,,,,,,,Mo-Fr 09:00-18:00; Sa 09:00-12:00,,,,papeleria
node,9718413017,Masko Tienda,6.2466131,-75.5645504,pet,,,,,,,,Mo-Fr 10:00-19:00; Sa 09:00-18:00,,,,mascotas
node,9720690917,D1,6.244965,-75.6083491,supermarket,,,,,,,,,,,,tienda_viveres
node,9728013428,Euro Murano,6.1674535,-75.5883524,supermarket,,,,,,Carrera 42,39S - 40,Mo-Su 07:00-21:00,,,,tienda_viveres
node,9734139786,Laboratorio Clinico San Cayetano,6.2824008,-75.5623308,,,,laboratory,,,,,,,En el Laboratorio Clínico San Cayetano estamos a todo momento a su disposición y de hecho estamos dispuestos a asesorarlos a todo lo concer…,,salud_bienestar
node,9738500018,D1,6.2295932,-75.5730727,supermarket,,,,,,,,,,,,tienda_viveres
node,9742509017,Eat Express,6.2387789,-75.5983959,,,restaurant,,,,,,,american,,,comidas
node,9749722717,Restaurante Makro Chino,6.2321738,-75.5978596,,,restaurant,,,,,,,chinese,,,comidas
node,9749722718,Dafer Autos,6.2370471,-75.5722846,car_parts,,,,,,,,,,,,mecanica_motos
node,9752888020,Droguerías Supermedikas,6.2431781,-75.6041011,chemist,,,,,,,,,,,,salud_bienestar
node,9752901442,Clínica El Rosario,6.2556022,-75.5565512,,,hospital,,,,,,,,,,salud_bienestar
node,9752923221,"Los Cartujos, cajas y empaques",6.2425918,-75.6007451,gift,,,,,,Calle 35,80-55,Mo-Fr 08:00-18:00; Sa 09:00-16:00,,,https://www.cajasyempaques.com/,papeleria
node,9752946217,Mondongos La Antioqueñita,6.2429741,-75.6022326,,,restaurant,,,,,,,regional,,,comidas
node,9762935117,Pigasus,6.2320162,-75.6027936,,,fast_food,,,,,,,,,,comidas
node,9764842917,Vegarden,6.2352719,-75.6026671,,,restaurant,,,,,,"Mo-Th 11:30-20:30; Fr,Sa 11:30-22:30; Su 12:00-17:00",,,,comidas
node,9764907017,Locosas,6.2443101,-75.6068054,gift,,,,,,Calle 35,84-04,Mo-Sa 10:30-20:30; Su 11:00-17:00,,,,papeleria
node,9770893618,Practicampo,6.2448364,-75.6107497,convenience,,,,,,,,Mo-Sa 07:00-20:00,,,,tienda_viveres
node,9773045320,Plaza del Peluquero,6.247279,-75.5650211,cosmetics,,,,,,,,,,,,belleza_peluqueria
node,9773045321,Tienda del Peluquero Ayacucho,6.2470609,-75.5646955,cosmetics,,,,,,,,,,,,belleza_peluqueria
node,9786022718,Puro Carbón Parrilla,6.2454273,-75.6109564,,,restaurant,,,,,,,barbecue,,,comidas
node,9795939619,R.G.M Reconocimiento Médico General,6.2551266,-75.5988033,,,doctors,,,,Carrera 80,45F-65,,,,,salud_bienestar
node,9797641217,Bizarros Tattoo,6.1724162,-75.6117962,tattoo,,,,,,,,,,,,
node,9804471217,Sol y Luna Restaurante,6.25348,-75.6096984,,,restaurant,,,,,,,fish,,,comidas
node,9804471317,Zona Motos H&J,6.2535746,-75.6098675,motorcycle_repair,,,,,,,,,,,,mecanica_motos
node,9804471417,Madecentro,6.253633,-75.6099851,trade,,,,,,,,Mo-Fr 07:45-17:00; Sa 08:00-14:00,,,https://madecentro.com/,construccion
node,9813435417,"Kakaw, Chocolatería en taza",6.2346803,-75.4960929,chocolate,,,,,,,,,,,,
node,9813435517,"El Maka, Minimercado",6.2588947,-75.592137,grocery,,,,,,,,,,,,tienda_viveres
node,9820633421,Ferroeléctricos La Chinca,6.2465165,-75.6027197,hardware,,,,,,,,,,,,construccion
node,9820633423,Central Farma Drogueria,6.2477707,-75.6028436,,,pharmacy,pharmacy,,,Calle 42,81-20,Mo-Sa 09:00-18:00,african,,,salud_bienestar
node,9820633919,Minimercado Mil Maravillas,6.2437016,-75.6041801,grocery,,,,,,,,Mo-Sa 07:00-20:30; Su 07:00-15:00,,,,tienda_viveres
node,9820634019,Centro Veterinario E.V.A.,6.2460797,-75.6039118,,,veterinary,,,,,,,,,,mascotas
node,9820658017,Viajes Geo Tours,6.2438777,-75.6048533,travel_agency,,,,,,,,Mo-Fr 08:00-18:00; Sa 08:00-12:30,,,,
node,9829570317,Gourmet & Express,6.2439018,-75.6084533,,,fast_food,,,,,,Th-Su 17:30-22:00,burger,,,comidas
node,9839278217,Splenda Gourmet,6.2365603,-75.5695055,,,cafe,,,,,,,,,,comidas
node,9839278317,Fruver El Granjero,6.2437849,-75.6112567,greengrocer,,,,,,,,Mo-Sa 07:00-20:00,,,,tienda_viveres
node,9843147417,Fausto Nefasto,6.2570448,-75.6133021,,,restaurant,,,,,,,,,,comidas
node,9844484317,"Agencia de Viajes, Servi Unidas",6.2440974,-75.6109527,travel_agency,,,,,,,,,,,https://serviunidas.com.co/,
node,9844484318,La Hacienda,6.2439854,-75.6109877,,,ice_cream,,,,,,,,,,comidas
node,9844495817,Ramillaves,6.2446922,-75.6136725,hardware,,,,,,,,Mo-Sa 08:00-17:00,,,,construccion
node,9846953117,Ichiraku Ramen,6.2079194,-75.5671791,,,restaurant,,,,,,,noodle,,,comidas
node,9865937917,Colombian hotdogs & burgers,6.2086724,-75.5713059,,,fast_food,,,,,,,,,,comidas
node,9866391117,Tu Mejor Versión Pets,6.2445116,-75.6106031,pet_grooming,,,,,,,,,,,,mascotas
node,9866391217,Imporpiscinas,6.2444492,-75.6103407,swimming_pool,,,,,,,,,,,https://www.imporpiscinas.com/,
node,9866391218,Ferroquijote,6.2441682,-75.6060858,hardware,,,,,,,,Mo-Sa 07:30-17:00,,,,construccion
node,9866401117,Restaurante Bau,6.2434766,-75.603068,,,restaurant,,,,,,Mo-Su 11:00-20:00,chinese,,,comidas
node,9879931695,Flamingo,6.1600557,-75.6044237,department_store,,,,,,,,,,,,
node,9879931697,Éxito,6.1605304,-75.6040133,department_store,,,,,,,,,,,,
node,9887931502,Libreria Ediciones Hispanicas,6.1602169,-75.604568,books,,,,,,"Etapa 2, piso 2",local 2163,,,,,papeleria
node,9892215599,Renault servicio,6.1597064,-75.6047412,car,,,,,,,,,,,,mecanica_motos
node,9894195317,La Hacienda,6.2245108,-75.5745672,,,restaurant,,,,,,,,,,comidas
node,9904785317,Tranvia Plaza,6.2449911,-75.5611568,,,clinic,,,,Carrera 40,,,,,,salud_bienestar
node,9905067618,Señor K,6.4396102,-75.3310379,,,fast_food,,,,Conexión a Barbosa,,,,,,comidas
node,9960256817,Superlicuadoras,6.2494999,-75.6025385,,electronics_repair,,,,,,,Mo-Fr 08:00-18:00; Sa 08:00-13:00,,,,tecnologia_celulares
node,9967514823,LicoExpress,6.246863,-75.594653,,,restaurant,,,,,,,,,,comidas
node,10007013517,Roll Up Sushi Burrito,6.2464388,-75.5947006,,,restaurant,,,,,,"Mo-Th 09:00-21:00; Fr,Sa 12:00-22:00; Su 12:00-20:30",sushi,,,comidas
node,10007582217,Sushi Fun and Wok,6.1776531,-75.5862774,,,restaurant,,,,,,,sushi,,,comidas
node,10014251506,Barbería Jordan,6.3789379,-75.4438187,hairdresser,,,,,,Carrera 15,,,,,,belleza_peluqueria
node,10033958858,Bread Factory,6.2084055,-75.5705188,bakery,,,,,,,,,,,,panaderia
node,10044986217,Mi Buñuelo 7C,6.2472161,-75.5878587,,,cafe,,,,,,,,,,comidas
node,10044986218,Supermercado San Joaquín La 42,6.2472281,-75.5874256,convenience,,,,,,,,07:00-21:00,,,,tienda_viveres
node,10044986317,"Maka, Coffe with Love",6.2471891,-75.5878736,,,cafe,,,,,,,,,,comidas
node,10059646684,Carniceria y legumbreria,6.2815843,-75.6149859,supermarket,,,,,,Calle 64BA,,08:00-22:00,,,,tienda_viveres
node,10059698420,Ay lola Pets,6.1686914,-75.6392826,pet,,,,,,,,,,,,mascotas
node,10059698422,Las Griegas,6.1718635,-75.6392054,,,fast_food,,,,,,,,,,comidas
node,10059698423,Paraiso wings,6.174138,-75.6345187,,,fast_food,,,,,,,,,,comidas
node,10059698424,Mandigas,6.1738973,-75.6340409,,,fast_food,,,,,,,,,,comidas
node,10059699205,Donde guillermo,6.2797088,-75.6113748,supermarket,,,,,,calle 63 ag 99-93,,07:00-20:00,,,,tienda_viveres
node,10059710467,comidas doña flor,6.1693803,-75.6383005,,,fast_food,,,,,,,,,,comidas
node,10059710469,Ay Lola Pets,6.1696553,-75.6386767,pet,,,,,,,,,,,,mascotas
node,10059710470,Nature Spa De Uñas,6.1697159,-75.6383999,beauty,,,,,,,,,,,,belleza_peluqueria
node,10059710471,Donde Quike,6.1697109,-75.6385106,butcher,,,,,,,,,,,,tienda_viveres
node,10059721125,D1,6.1592165,-75.5996614,supermarket,,,,,,,,,,,,tienda_viveres
node,10059728068,Busos medellin store,6.185057,-75.596865,clothes,,,,,,,,,,"tienda de ropa enfocada en busos, camisetas, gorras y accesorios para hombre",,ropa_calzado
node,10059742817,D1,6.2810613,-75.6137145,supermarket,,,,,,Aurora Cll.64 #104-69 Medellin,,Mo-Su 09:00-21:00,,,,tienda_viveres
node,10059879585,Perro con perro,6.2830872,-75.6181735,alcohol,,,,,,,,24/7,,,,tienda_viveres
node,10061802761,La ultima estacion,6.2785097,-75.6329275,,,fast_food,,,,,,Mo-Sa 08:00-18:00,,,,comidas
node,10061848253,Frustas frescas,6.2783337,-75.6233386,supermarket,,,,,,,,Mo-Sa 08:00-18:00,,,,tienda_viveres
node,10062021635,Papas El Filo,6.1694404,-75.6404514,,,fast_food,,,,,,,,,,comidas
node,10062198118,mandigas,6.170951,-75.641143,,,fast_food,,,,,,,,,,comidas
node,10062261523,Barberia Diego,6.1726268,-75.6369478,hairdresser,,,,,,,,,,,,belleza_peluqueria
node,10062742873,cejas y pestañas camila,6.1848895,-75.5973094,beauty,,,,,,,,,,,,belleza_peluqueria
node,10062743287,Taller Mecanico,6.171744,-75.6410724,repair,,,,,,,,,,,,
node,10062755040,Distribuidora Principe Pio,6.1711613,-75.6409329,yes,,,,,,,,,,,,
node,10062781176,Barberia,6.1715813,-75.6411717,hairdresser,,,,,,,,,,,,belleza_peluqueria
node,10062786923,Tienda y baño de mascotas,6.17146,-75.6409423,pet_grooming,,,,,,,,,,,,mascotas
node,10079453519,Trip Burger,6.2084206,-75.565805,,,fast_food,,,,,,,,,,comidas
node,10082553114,Motocicletas SYM,6.1514914,-75.6164433,motorcycle,,,,,,Calle 71 Sur,45-40,,,,https://symcolombia.co/,mecanica_motos
node,10096730778,Office Burger,6.1998629,-75.5723618,,,fast_food,,,,,,,burger;fries,,,comidas
node,10096730780,Juan Valdez Café,6.1999054,-75.5757705,coffee,,cafe,,,,,,,coffee_shop,,https://juanvaldez.com/,comidas
node,10096730781,Smart Fit,6.1967767,-75.5741838,,,,,fitness_centre,,,,,,,,salud_bienestar
node,10096730782,Sr Wok,6.1967681,-75.573941,,,restaurant,,,,,,,asian;sushi,,,comidas
node,10096730783,Olivia,6.1956976,-75.5739934,,,restaurant,,,,,,,pizza;italian;pasta;seafood,,,comidas
node,10100654017,Subula Greek Sandwich Shop,6.2085013,-75.5655195,,,restaurant,,,,Carrera 35,8A-16,,,,,comidas
node,10101180417,Sorbos Restaurante,6.2466323,-75.563954,,,restaurant,,,,,,,,,,comidas
node,10114916553,Presencia,6.2550876,-75.5638602,religion,,,,,,Carrera 49,57-51,,,,https://presenciaornamentos.jimdofree.com,
node,10117074906,La Gloria Panderia Reposteria,6.1568938,-75.606012,bakery,,,,,,Carrera 43A,53 Sur - 07,,,,,panaderia
node,10120144980,MERCOPA,6.3466669,-75.5070478,supermarket,,,,,,,,,,,,tienda_viveres
node,10155170317,Dos Notas,6.2487017,-75.5828639,,,restaurant,,,,,,,,,,comidas
node,10155170318,Más Finca,6.1857581,-75.5878844,,,restaurant,,,,,,,steak_house,,,comidas
node,10166813939,Mercado El Gangazo de la 82,6.248798,-75.6035017,convenience,,,,,,,,,,,,tienda_viveres
node,10166824517,Aquavida,6.2492935,-75.6036654,pet,,,,,,Carrera 82,42-05,,,,,mascotas
node,10166846348,Bisonte 1774,6.2486121,-75.5978267,,,restaurant,,,,,,,steak_house,,,comidas
node,10166919117,Pizza a Leña,6.2485003,-75.5969598,,,restaurant,,,,,,,pizza,,,comidas
node,10166933511,Buñuelos 43,6.2486276,-75.5912905,bakery,,,,,,Calle 43,71-77,,,,,panaderia
node,10166933848,D1,6.2484305,-75.5939784,supermarket,,,,,,Calle 42,74-18,,,,,tienda_viveres
node,10166939830,Papaz,6.2480802,-75.5923677,,,fast_food,,,,Carrera 73,41-56,,Chips,,,comidas
node,10166940117,La esquina del sabor,6.2485562,-75.5959819,alcohol,,,,,,,,,,,,tienda_viveres
node,10166941597,Origen Arepas Gourmet,6.248032,-75.5923733,,,fast_food,,,,,,,arepa,,,comidas
node,10166954058,Max Coctel Tropical,6.2482531,-75.5923272,alcohol,,,,,,Carrera 73,42-02,,,,,tienda_viveres
node,10166971907,Bravato Burguer &Dog,6.2484641,-75.5898014,,,fast_food,,,,,,,burger;hot_dog,,,comidas
node,10167014717,La Gran Esquina,6.2480182,-75.5890013,,,restaurant,,,,,,,steak_house,,,comidas
node,10167014718,Droguería Alemana,6.2477409,-75.5888173,chemist,,,,,,,,,,,,salud_bienestar
node,10167080273,Tostao’,6.2425787,-75.5994655,,,cafe,,,,Calle 35,78A-41,,coffee_shop,,,comidas
node,10167090210,Submarino Express,6.2429549,-75.5939782,,,restaurant,,,,Circular 73,39A-04,"Tu-Th,Su 12:00-22:00; Fr,Sa 00:00-23:00",,,,comidas
node,10167111535,Su Buñuelo,6.2425921,-75.5968245,bakery,,,,,,,,,,,,panaderia
node,10167163284,Cariñito Mío,6.2426797,-75.6012674,gift,,,,,,,,,,,,papeleria
node,10167191276,Pa' Todos,6.2444236,-75.607754,,,restaurant,,,,Calle 35,85AA-20,,local,,,comidas
node,10180327329,MIND Caffe & Lounge,6.2079203,-75.5670201,,,cafe,,,,Carrera 37,,,,,https://www.tripadvisor.es/Restaurant_Review-g297478-d24960452-Reviews-Mind_Caffe_Lounge-Medellin_Antioquia_Department.html,comidas
node,10236017862,Centro de Belleza Aleida Duque,6.2444122,-75.6078021,beauty,,,,,,Calle 35,84AA-34,Mo-Sa 09:00-19:00; Su 09:00-15:00,,,,belleza_peluqueria
node,10244340209,Naan Laureles,6.2460241,-75.5968387,,,restaurant,,,,Circular 75,39-43,Mo-Fr 12:00-21:00; Su 12:00-16:00,indian,,,comidas
node,10262996694,Droguería Game 2,6.2328496,-75.6146738,,,pharmacy,pharmacy,,,,,,,,,salud_bienestar
node,10268881009,Lenteja Express Centro,6.2494183,-75.562616,,,restaurant,,,,,,,,,,comidas
node,10270495609,Qualibet,6.1994473,-75.5746553,outdoor,,,,,,,,,,,https://www.qualibet.co/,
node,10270495709,Café & Posteria,6.2576443,-75.5802394,,,cafe,,,,,,,breakfast;coffee_shop;bakery,,,comidas
node,10276682113,Jalimi Montallantas,6.235432,-75.5917518,car_repair,,,,,,,,,,,,mecanica_motos
node,10281416709,MERCA-CER,6.2562129,-75.5787943,beverages,,,,,,,,"Mo-Su, PH 07:00-24:00",,,,tienda_viveres
node,10281416809,Cafeteria modeau,6.2563061,-75.5787529,,,fast_food,,,,,,Mo-Sa 10:00-18:00,,,,comidas
node,10281416909,L'Aula,6.2565257,-75.5783441,,,restaurant,,,,,,,american;caribbean;italian,,,comidas
node,10284054594,Don Diablo,6.2100521,-75.5657359,,,restaurant,,,,,,"Mo 18:30-22:00; Tu-Sa 12:00-15:00, 18:30-22:00",steak_house,,https://dondiablo.co/,comidas
node,10284090236,London City,6.2102711,-75.5669513,hairdresser,,,,,,,,,,,https://barberlondoncity.com/,belleza_peluqueria
node,10285319160,Abbiocco,6.2091022,-75.5676582,,,restaurant,,,,,,,,,https://marqueemedellin.com/restaurant-abbioco/,comidas
node,10292337509,BiciRolling,6.258179,-75.6041072,bicycle,,,,,,Calle 47DD,87-28,,,,https://bicirolling.negocio.site/,
node,10294372530,Dim Sum Records,6.2102282,-75.5656948,,,restaurant,,,,,,,asian,,,comidas
node,10294411356,Soul Korean,6.2092973,-75.5664746,,,restaurant,,,,,,,,,https://www.prismahaus.com/soulmenu,comidas
node,10297177450,Exlibris,6.257024,-75.5781159,books,,,,,,Calle 53,,,,,,papeleria
node,10303773185,Al pie de la letra,6.2550895,-75.5810661,books,,,,,,Calle 49A # 64C,42,,,,https://www.alpiedelaletralibreria.com/,papeleria
node,10316649199,Comidas rápidas la 73,6.2506005,-75.5921289,,,fast_food,,,,,,,,,,comidas
node,10316685402,El Costillazo Paisa,6.0923375,-75.6353638,,,restaurant,,,,,,,,,,comidas
node,10316685403,Pollo Broster,6.0922883,-75.6361703,,,restaurant,,,,Carrera 50,,,,,,comidas
node,10316689060,D1,6.0930402,-75.6367527,supermarket,,,,,,Calle 128 Sur,,,,,,tienda_viveres
node,10564964910,salsazon,6.2139888,-75.5764271,,,restaurant,,,,,,,,,,comidas
node,10564978409,My Bowl,6.212376,-75.5761212,,,restaurant,,,,,,,,,,comidas
node,10565416409,El Gran Budare,6.2570972,-75.613114,,,restaurant,,,,,,,,,,comidas
node,10594846305,Aguafresca Taqueria,6.2107099,-75.5675287,,,restaurant,,,,Carrera 40,,,,,,comidas
node,10595369305,Ocio,6.2068521,-75.5651078,,,restaurant,,,,Carrera 34,,,,,,comidas
node,10595369306,Bonuar,6.2237593,-75.5743958,,,restaurant,,,,Carrera 44,,,,,,comidas
node,10598294005,Happy Yoga,6.2120207,-75.5717288,,,,,fitness_centre,,Carrera 43C,,,,,,salud_bienestar
node,10598296105,Yogalab,6.2083795,-75.5736809,,,,,fitness_centre,,Calle 6,,,,,,salud_bienestar
node,10604367705,Porci Carnes,6.2387461,-75.607288,butcher,,,,,,,,,,,,tienda_viveres
node,10608322783,Pipe Pan,6.2675007,-75.5551255,,,fast_food,,,,,,,sandwich,,,comidas
node,10608322784,El Refugio de Leo,6.2667658,-75.5552131,,,cafe,,,,Calle 71,"Carrera 45, 35",,,,,comidas
node,10608560745,Estacion,6.2701922,-75.5636917,,,cafe,,,,,,,,,,comidas
node,10608560746,In Situ,6.271908,-75.5635504,,,restaurant,,,,,,,,,,comidas
node,10613283805,midas,6.2502089,-75.5887358,,,restaurant,,,,,,,,,,comidas
node,10620977536,D1,6.2643081,-75.5579404,supermarket,,,,,,,,,,,,tienda_viveres
node,10620977537,Panaderia & Cafeteria,6.255809,-75.5633411,,,cafe,,,,,,,,,,comidas
node,10623968434,Los Monitos,6.255191,-75.5640232,,,restaurant,,,,,,,,,,comidas
node,10650388791,Palazzetto D' Italia,6.2505831,-75.5621114,,,restaurant,,,,,,,italian;italian_pizza,,,comidas
node,10683010811,mauro’s,6.258473,-75.6132146,,,restaurant,,,,,,,,,,comidas
node,10688841905,Sie7e Burguers,6.2581617,-75.5839002,,,fast_food,,,,,,,burger,,,comidas
node,10695352605,Azulejos - la casa de la abuela,6.2093249,-75.5718679,,,restaurant,,,,,,,,,,comidas
node,10695760481,Amelie,6.2609112,-75.5658402,,,restaurant,,,,,,,,"Ensaladas, sanwitches",,comidas
node,10695760483,Delicias del Mar,6.2456139,-75.5631031,,,restaurant,,,,,,,,,,comidas
node,10695760485,Ruda,6.2455929,-75.5629788,,,restaurant,,,,,,,,,,comidas
node,10698505009,Oveja Negra Tattoo,6.1497035,-75.6169814,tattoo,,,,,,Carrera 44,72sur 99,Mo-Sa 10:00-20:00,,,,
node,10699643505,Café Terrario,6.2396535,-75.5908559,,,cafe,,,,,,,,,,comidas
node,10700644986,La Palma,6.2634456,-75.5746125,,,food_court,,,,,,,,,,comidas
node,10702744505,General,6.2144975,-75.5720233,,,cafe,,,,,,,,,,comidas
node,10726885373,Libropolis,6.251051,-75.5664711,books,,,,,,,,,,,,papeleria
node,10733778786,Laboratorio Productos Forestales,6.2634795,-75.5739809,,carpenter,,,,,,,Mo-Fr 08:00-17:00,,,,construccion
node,10739809705,Ammazza Pizzeria & Gin Garden,6.2436341,-75.5971192,,,restaurant,,,,,,,,,,comidas
node,10739814905,Ragazzi,6.2453727,-75.5982136,,,restaurant,,,,,,,,,,comidas
node,10739819805,Il Forno,6.2456197,-75.5929172,,,restaurant,,,,,,,,,,comidas
node,10739826905,Caduff Pasta Fresca,6.2445346,-75.5943669,,,restaurant,,,,,,,,,,comidas
node,10739838105,Pomo d’oro,6.2480848,-75.5907813,,,restaurant,,,,,,,,,,comidas
node,10739852905,Reposteria Astor,6.2412143,-75.5874813,,,restaurant,,,,,,,,,,comidas
node,10739860605,Naturalia cafe,6.245741,-75.5897465,,,restaurant,,,,,,,,,,comidas
node,10739865205,Bracos,6.2434529,-75.5988577,,,restaurant,,,,,,,,,,comidas
node,10761661479,Dunkin',6.2709848,-75.565644,,,fast_food,,,,,,,donut;coffee_shop,,,comidas
node,10761694616,Dogger,6.2710163,-75.5656025,,,fast_food,,,,,,,hot_dog,,,comidas
node,10766173883,Mexicosalud,6.1965427,-75.5742306,chemist,,,,,,"Carrera, Calle 7 Sur - 170",43a,,,"Mexicosalud Colombia presenta revisiones de los mejores nutricionistas y farmacólogos sobre medicamentos para la diabetes, cistitis, potenc…",https://mexicosalud.com/catalog/colombia,salud_bienestar
node,10799554311,Subula,6.2084525,-75.5655309,,,restaurant,,,,,,,,,,comidas
node,10800488505,Clínica veterinaria Laten,6.2134429,-75.5697118,,,veterinary,,,,,,,,,http://www.laten.com,mascotas
node,10800489705,Ivanagro,6.2131453,-75.5701475,,,pharmacy,,,,,,,,,,salud_bienestar
node,10801504505,clínica veterinaria Laten,6.2151032,-75.5697462,,,veterinary,,,,,,,,,,mascotas
node,10801504506,Ivanagro,6.2146104,-75.5702348,,,pharmacy,,,,,,,,,,salud_bienestar
node,10805620205,Fruver Puro Campo,6.0912753,-75.6359807,greengrocer,,,,,,Carrera 50,130 Sur-18,,,,,tienda_viveres
node,10812179305,CamFruver,6.0919338,-75.6390101,greengrocer,,,,,,,,,,,,tienda_viveres
node,10812179405,Son Cazuelas,6.0874823,-75.6349792,,,restaurant,,,,,,,,,,comidas
node,10812179505,Restaurante Caribeño,6.244723,-75.5665393,,,restaurant,,,,,,,,,,comidas
node,10825656714,Droguería Génesis,6.0913194,-75.63675,,,pharmacy,,,,Calle 130 Sur,50-77,,,,,salud_bienestar
node,10825662819,Hot Dog Express,6.0913306,-75.6364854,,,fast_food,,,,,,,,,,comidas
node,10828683669,El Viejo Baúl,6.1497815,-75.6174799,,,cafe,,,,,,,,,,comidas
node,10834388605,Bendición de Sara,6.2537445,-75.566096,,,restaurant,,,,,,,,,,comidas
node,10847468588,A Todo Vapor,6.0915105,-75.6361385,pastry,,,,,,Carrera 50,,,,,,panaderia
node,10847470819,California,6.0920555,-75.6361705,bakery,,,,,,Carrera 50,,,,,,panaderia
node,10847489129,Mijos,6.1571633,-75.6431185,bakery,,,,,,,,,,,,panaderia
node,10847502551,La Catesca,6.0921619,-75.6361761,convenience,,,,,,Carrera 50,129-1,,,,,tienda_viveres
node,10847504560,Muralla China,6.1573076,-75.6431004,,,restaurant,,,,,,,,,,comidas
node,10847711107,Mr. Precio,6.0916505,-75.6361486,variety_store,,,,,,Carrera 50,129 Sur-65,,,,,papeleria
node,10873763849,La Comarca Hobbies & Food,6.2343983,-75.6023851,video_games,,,,,,Carrera 80,#32-31,"Mo-Tu Close, Wed 16:00 - 19:30, Thu - Fri 16:00 - 21:00, Sat 13:00 - 21:00, Sun 13:00 - 20:00",,!Bienvenidos a La Comarca! Horarios de atención en el local: Miércoles: 4:00pm - 7:30pm Juaves a Viernes: 4:00pm - 9:00pm Sabados: 1:00pm -…,https://la-comarcahf.negocio.site/?utm_source=gmb&utm_medium=referral#posts,
node,10877071248,Laboratorio mecanización agrícola,6.2638941,-75.5739237,,agricultural_engines,,,,,,,,,,,
node,10877071249,Carpintería,6.263973,-75.57384,,carpenter,,,,,,,,,,,construccion
node,10877071250,Transporte y mantenimiento mecaníco,6.2642313,-75.573909,repair,,,,,,,,,,,,
node,10880895705,Smart Fit,6.2409684,-75.5866464,,,,,fitness_centre,,,,Mo-Th 05:00-22:00; Fr 05:00-21:00; Sa 07:00-17:00; Su 08:00-17:00,,,https://smartfit.com.co/,salud_bienestar
node,10881008905,4Life Medellín,6.2466337,-75.595163,nutrition_supplements,,,,,,Avenida 37,,,,,,salud_bienestar
node,10883984405,Forest Coffee Shop,6.2446003,-75.5959988,coffee,,,,,,Transversal 39,,Mo-Th 09:00-20:00; Sa 10:00-21:00; Fr 09:00-21:00; Su 10:00-20:00,,,,
node,10884306605,Nuquí Centro,6.2515199,-75.5626929,,,restaurant,,,,Calle 55,45-83,Mo-Sa 10:00-17:00,seafood,,https://nuquicentro.negocio.site/?utm_source=gmb&utm_medium=referral#details,comidas
node,10884309205,El Puto Tacos Laureles,6.2463244,-75.5949401,,,restaurant,,,,Transversal 74,,Tu-Th 12:00-22:30; Fr-Sa 12:00-00:00; Mo 12:00-21:30; Su 12:00-22:00,mexican,,https://elputotaco.com/,comidas
node,10886964806,Zule Coffee - Nutibara,6.2410461,-75.5918246,,,cafe,,,,,,Mo-Su 07:00-21:00,coffee_shop,,,comidas
node,10893605907,Matchacá,6.2466642,-75.5942833,,,cafe,,,,Calle 39D,,Mo-Su 10:00-20:00,cake;tea,,,comidas
node,10903789525,Vivero la granja del Ñato,6.2237581,-75.4912601,supermarket,,,,,,,,,,,,tienda_viveres
node,10903800714,Restaurante el Tio,6.2237402,-75.4907594,,,restaurant,,,,,,,,,,comidas
node,10909542105,Vibras Café,6.2352331,-75.6025041,,,cafe,,,,,,Mo-Th 08:00-21:30; Fr-Sa 08:00-22:00; Su 08:00-20:30,breakfast;coffee_shop;tea,,,comidas
node,10913185906,Dulce Poison,6.2478,-75.5894112,,,restaurant,,,,Calle 42,70-39,,,,,comidas
node,10993264305,Real vegetal,6.2091329,-75.5701479,,,restaurant,,,,,,,,,,comidas
node,11006751706,The Curry Lounge - Daawat e India,6.246715,-75.5948026,,,restaurant,,,,Avenida 74B,#39B-65,,indian,,,comidas
node,11009023505,D1,6.2513992,-75.5703259,supermarket,,,,,,,,"PH,Mo-Su 08:00-21:00",,,,tienda_viveres
node,11009053305,Rusto Pizza Romana,6.2521241,-75.565187,,,fast_food,,,,,,,pizza,,,comidas
node,11009328406,WOM,6.2515125,-75.5654201,mobile_phone,,,,,,,,,,,,tecnologia_celulares
node,11009348005,Simone Café Colombo,6.2496242,-75.5624493,,,restaurant,,,,Carrera 45,53-24,Mo-Sa 11:30-22:00,coffee_shop,,,comidas
node,11009376505,Benjamín Botón,6.2494003,-75.5626935,gift,,,,,,,,,,,,papeleria
node,11011353705,Gordos,6.2079646,-75.5665373,,,restaurant,,,,,,,argentinian,,,comidas
node,11011420205,Helecho Vegan Sushi,6.2113407,-75.5718493,,,restaurant,,,,Carrera 43C,10-16,Tu-Sa 16:00-21:45; Su 12:00-18:45,asian;japanese;sushi,,,comidas
node,11012987605,D1,6.2361443,-75.6020796,supermarket,,,,,,,,,,,,tienda_viveres
node,11027672505,Bowls Tekunal,6.2096094,-75.5703577,,,restaurant,,,,,,,,,,comidas
node,11048751505,Tapiche,6.2085146,-75.5746187,,,restaurant,,,,,,,,,,comidas
node,11067367605,La Casa de Frida,6.2648313,-75.5826286,,,cafe,,,,Vía Cerro el Volador,,Mo-Su 06:30-14:30,,,,comidas
node,11068078426,Cream Aventura,6.255794,-75.6168677,,,ice_cream,,,,Calle 42,101-69,Tu-Su 01:00-20:30,,,,comidas
node,11075705628,Santa Laura,6.2569247,-75.5798923,bakery,,,,,,,,,,,,panaderia
node,11075705629,Salsamentaria Agua Mariana,6.2570125,-75.5798537,variety_store,,,,,,,,,,,,papeleria
node,11075705630,Quirama's,6.2570835,-75.5798241,,,ice_cream,,,,,,,,,,comidas
node,11081892705,Lekkers,6.2135836,-75.5733052,,,restaurant,,,,,,"Mo-We, Sa 12:00-22:00; Th-Fr 12:00-23:00",burger;friture;pancake,,http://Lekkers.co,comidas
node,11093673676,Restaurante Popular,6.2463535,-75.5930535,,,restaurant,,,,Calle 39D,73-70,,coffee_shop,,https://www.lavato.com.co/,comidas
node,11100287357,La Causa,6.1527657,-75.5386478,,,restaurant,,,,,,,,,,comidas
node,11100287358,Alimentos trade market,6.15287,-75.5385363,health_food,,,,,,,,,,,,
node,11100309939,Tienda de Ciudad Medellín,6.2361705,-75.5799076,gift,,,,,,,,,,,,papeleria
node,11100309940,Tempura Sushi,6.153035,-75.5381786,,,restaurant,,,,,,,,,,comidas
node,11100328837,La Fonda del Pueblo,6.2362601,-75.5802804,,,restaurant,,,,,,,,,,comidas
node,11100330459,La Iluminoteca,6.1526553,-75.5381001,lighting,,,,,,,,,,,,
node,11100331267,Tienda Ambiente Patio,6.1527943,-75.5378408,furniture,,,,,,,,,,,,
node,11100335428,Fotografía el poncherazo,6.2363666,-75.5804378,photo,,,,,,,,,,,,
node,11100341178,Pércimon,6.1528557,-75.5384599,,,ice_cream,,,,,,,,,,comidas
node,11100341179,Botica Junín,6.1528838,-75.5386537,chemist,,,,,,,,,,,,salud_bienestar
node,11100342538,Distrito,6.1527113,-75.538359,,,restaurant,,,,,,,,,,comidas
node,11100342848,Homeway,6.1527427,-75.5384867,furniture,,,,,,,,,,,,
node,11100344284,Pintuco,6.1528772,-75.5385982,paint,,,,,,,,,,,,construccion
node,11100344784,Azul Selva,6.1527108,-75.5379042,,,restaurant,,,,,,,,,,comidas
node,11100362736,La Frutera del Pueblito,6.2364718,-75.5803153,,,restaurant,,,,,,,,,,comidas
node,11100387722,Medipiel,6.1526783,-75.5382083,,,doctors,,,,,,,,,,salud_bienestar
node,11100387723,Nezia,6.1527957,-75.5383301,,,restaurant,,,,,,,,,,comidas
node,11102879204,megatienda de belleza oriente,6.2505817,-75.5732869,fabric,,,,,,,,,,,,
node,11105688505,El Llanerito,6.2487088,-75.5681711,,,restaurant,,,,Carrera 50,49-06,,,,,comidas
node,11106914705,Las 4 de la trece,6.2557946,-75.6168445,,,fast_food,,,,Calle 42,101-67,Tu-Su 16:00-22:00,burger;hot_dog,,,comidas
node,11108931105,Vesuvio Pizzeria,6.2080132,-75.5762464,,,restaurant,,,,,,,,,,comidas
node,11110092197,Cafetería UNAULA,6.2509696,-75.5727955,,,cafe,,,,,,Mo-Sa 08:00-20:00,,,,comidas
node,11110251710,D1,6.2765118,-75.5889148,convenience,,,,,,,,,,,,tienda_viveres
node,11110584805,La Manchuria,6.2092897,-75.5717415,,,cafe,,,,,,,,,,comidas
node,11113100905,Sazon Paisa,6.2083164,-75.576504,,,restaurant,,,,,,,,,,comidas
node,11115191305,Droguería J.N.,6.3410002,-75.5591798,,,pharmacy,,,,,,,,,,salud_bienestar
node,11120045398,Smart Fit,6.2672289,-75.5547964,,,,,fitness_centre,,,,,,,https://smartfit.com.co,salud_bienestar
node,11136543885,Tienda La Ventanita,6.2710618,-75.6303091,convenience,,,,,,,,,,,,tienda_viveres
node,11136551912,Sala de Velación - Asociación Mutual Loma Hermosa,6.2709631,-75.630084,funeral_directors,,,,,,,,,,,,
node,11136792747,Cozy Ensaladas,6.2487245,-75.5971505,,,restaurant,,,,,,,salad,,,comidas
node,11141655330,D1 de Llanaditas,6.252001,-75.5429664,supermarket,,,,,,,,Mo-Su 08:00-21:00,,,,tienda_viveres
node,11144631205,Donde La Abuela Pastora,6.2558017,-75.6170813,,,restaurant,,,,Calle 42,,,,,,comidas
node,11155461748,Decathlon,6.1965053,-75.5598181,sports,,,,,,"Cra. 25a #1a sur 45 Local 03750, Medellín, Antioquia, Colombie",,,,,,
node,11155461749,Valentina Bakery El Tesoro,6.1964422,-75.5600352,bakery,,,,,,,,,,,,panaderia
node,11158241832,Decathlon,6.2122467,-75.5946822,sports,,,,,,,,,,,,
node,11158253457,Decathlon,6.3270042,-75.5589924,sports,,,,,,,,,,,,
node,11164496170,La Gatoría Cat Café,6.2397133,-75.6022532,,,cafe,,,,Carrera 80C,,,,,,comidas
node,11172653652,Buen precio,6.2680977,-75.5570886,convenience,,,,,,,,,,,,tienda_viveres
node,11178957420,Parrilla Otrabanda,6.2568556,-75.5779734,,,restaurant,,,,,,,,,,comidas
node,11178979524,Flores y Sabores,6.2570877,-75.5782689,,,restaurant,,,,,,,,,,comidas
node,11190958234,Pollos la delicia del Carbón,6.2558131,-75.6165001,,,restaurant,,,,,,,,,,comidas
node,11190958235,J Digital,6.2557897,-75.6166428,computer,,,,,,,,,,,,tecnologia_celulares
node,11190959698,Tienda del Peluquero,6.2558092,-75.6164333,hairdresser_supply,,,,,,,,,,,,
node,11190974828,Mercados la gente,6.2557949,-75.6168158,greengrocer,,,,,,,,,,,,tienda_viveres
node,11190979686,L & Y Accesorios,6.2558209,-75.6163913,mobile_phone,,,,,,,,,,,,tecnologia_celulares
node,11190994884,Chechos Tienda,6.2558006,-75.6166059,hairdresser_supply,,,,,,,,,,,,
node,11190995544,Tienda de ropa,6.2560959,-75.616471,clothes,,,,,,,,,,,,ropa_calzado
node,11190995666,Óptica Ultralens,6.2557925,-75.6167401,optician,,,,,,,,,,,,salud_bienestar
node,11190998913,Don Ponque,6.2558075,-75.6165369,,,fast_food,,,,,,,donut,,,comidas
node,11191015098,The Family Barbería,6.2558005,-75.6170311,hairdresser,,,,,,,,,,,,belleza_peluqueria
node,11191027687,Ortho Estetika,6.2557928,-75.6169029,,,dentist,dentist,,,,,,,,,salud_bienestar
node,11191041959,Fruty Pasión,6.2558044,-75.61668,,,fast_food,,,,,,,juice,,,comidas
node,11191086803,Azul Rosa,6.2557996,-75.6167146,baby_goods,,,,,,,,,,,,
node,11191086823,Tienda,6.2557965,-75.6167685,convenience,,,,,,,,,,,,tienda_viveres
node,11191089967,Carbón,6.2558017,-75.6169554,,,restaurant,,,,,,,,,,comidas
node,11191099263,Mi Palenque,6.2558117,-75.6173115,,,restaurant,,,,Calle 42,,,,,,comidas
node,11191402598,Granda world,6.2560868,-75.617256,clothes,,,,,,calle 42,101-96,,,,,ropa_calzado
node,11191419968,Centro veterinario Medivet,6.2559782,-75.6177804,,,veterinary,,,,calle 42,102-22,,,,,mascotas
node,11191443999,Eurek store,6.2560865,-75.6172362,clothes,,,,,,calle 42,,,,,,ropa_calzado
node,11191444000,Bolsos fantastic,6.2559937,-75.6176003,bag,,,,,,,,,,,bolsosfantastic,ropa_calzado
node,11191445084,Mozzarella gourmet,6.2559677,-75.6178804,,,restaurant,,,,calle 42,102-36,,,,,comidas
node,11191447730,Pink spa de uñas,6.256081,-75.6173012,beauty,,,,,,calle 42,,,,,pink.nails.medellin,belleza_peluqueria
node,11191456474,Kokedama vivero,6.2559697,-75.6178221,florist,,,,,,calle 42,102-30,,,,,
node,11191460587,Geohabitat propiedad raiz arrendamientos,6.255974,-75.6177078,estate_agent,,,,,,calle 42,102-10,,,,,
node,11191461840,Peluqueria y barberia Nueva Imagen,6.2560896,-75.6168791,hairdresser,,,,,,Calle 42,,,,,,belleza_peluqueria
node,11191461841,Rosa mistica nails,6.2560906,-75.6170357,beauty,,,,,,Calle 42,,,,,,belleza_peluqueria
node,11191464437,Carnes frescas de la granja,6.2561125,-75.6163852,butcher,,,,,,Calle 42,,,,,,tienda_viveres
node,11191464537,Para todos,6.2560948,-75.6164421,shoes,,,,,,Calle 42,,,,,,ropa_calzado
node,11191464539,Distribuidora la 42,6.2560934,-75.6166112,wholesale,,,,,,Calle 42,,,,,,
node,11191464937,Maria luisa,6.2560901,-75.6169672,hairdresser,,,,,,Calle 42,,,,,,belleza_peluqueria
node,11191465337,Akt motos bajaj,6.2560879,-75.6171422,motorcycle,,,,,,Calle 42,,,,,,mecanica_motos
node,11191697274,Macchiato Caffe & Patisserie,6.2618693,-75.5980258,,,cafe,,,,,,,french,,,comidas
node,11194744126,Tienda de don Hector,6.2573867,-75.6250169,supermarket,,,,,,,,,,,,tienda_viveres
node,11194744131,3ms,6.2570669,-75.6242594,stationery,,,,,,,,,,,,papeleria
node,11197012989,The Vice burguer,6.256943,-75.6183555,,,fast_food,,,,Carrera 103,,Th-Su 17:00-22:00,,,,comidas
node,11200733459,La Antioqueñita,6.256162,-75.6161224,bakery,,,,,,,,"Mo-Su,PH 00:00-23:59",,,,panaderia
node,11207743659,D1,6.2514163,-75.5704704,supermarket,,,,,,,,,,,,tienda_viveres
node,11207747209,TecnoPilas,6.2512466,-75.5703539,electronics,,,,,,,,,,,,tecnologia_celulares
node,11207757964,Neo Digital,6.2512117,-75.5703235,,electronics_repair,,,,,,,,,,,tecnologia_celulares
node,11207761445,La cascada musical Neo- Local 110,6.2512961,-75.5703187,music,,,,,,,,,,,,
node,11207764633,Comida peruana,6.2510429,-75.5696017,,,restaurant,,,,,,,,,,comidas
node,11207769796,Electronic,6.2512321,-75.5702906,convenience,,,,,,,,Mo-Sa 08:00-18:00,,,,tienda_viveres
node,11207773441,Neo digital l1,6.2513076,-75.5704393,electronics,,,,,,,,,,,,tecnologia_celulares
node,11207782389,Centro comercial Veracruz,6.2512388,-75.5688498,convenience,,,,,,,,,,,,tienda_viveres
node,11207782543,Tintos y tintos,6.2508673,-75.5695897,,,cafe,,,,,,,,,,comidas
node,11207782837,Audiomaxx,6.2511943,-75.5702667,electronics,,,,,,,50-51,Mo-Sa 00:00-24:00,,,,tecnologia_celulares
node,11207783102,Mega precios,6.2510271,-75.5703788,convenience,,,,,,,,,,,,tienda_viveres
node,11207786106,Boyacá,6.2508913,-75.5695723,,,cafe,,,,,,,,,,comidas
node,11207787574,Acueducto antiguo,6.2512994,-75.5694658,clothes,,,,,,,,,,,,ropa_calzado
node,11207789861,Pasteur,6.2508496,-75.5695813,,,pharmacy,pharmacy,,,,,,,,,salud_bienestar
node,11207793144,Mordiscos,6.251016,-75.5692035,,,cafe,,,,,,Mo-Sa 05:20-20:30,,,,comidas
node,11207793145,Paraito D'uri,6.2516372,-75.5690717,convenience,,,,,,,,,,,,tienda_viveres
node,11207799115,Pollo express,6.2509581,-75.5694556,,,fast_food,,,,,,,,,,comidas
node,11207799804,La Media Naranja,6.2508332,-75.5691709,mall,,,,,,,,,,,,
node,11207800474,Farmacia Pasteur,6.2509502,-75.5693583,,,pharmacy,pharmacy,,,,,Mo-Fr 07:30-18:50; Sa 07:30-18:20,,,,salud_bienestar
node,11207803870,Mega Precios,6.2514382,-75.5694059,variety_store,,,,,,,,"PH,Mo-Su 09:00-19:00+",,,,papeleria
node,11207806154,Centro comercial Butenberg,6.2515052,-75.5689482,mall,,,,,,,,,,,,
node,11207807325,Almacenes Navarro Ospina (electrodomésticos),6.2506139,-75.5683591,convenience,,,,,,,,,,,,tienda_viveres
node,11207807737,GANA Corresponsal,6.2514268,-75.569363,lottery,,,,,,,,,,,,
node,11207808409,Restaurante Cocina Peruana,6.2509657,-75.5693959,,,restaurant,,,,,,,,,,comidas
node,11207810084,Macarena,6.2509327,-75.5694633,,,pharmacy,pharmacy,,,,,,,,,salud_bienestar
node,11207811940,Cafetería Boyacá,6.2515322,-75.5692939,,,cafe,,,,,,Mo-Sa 06:00-18:30,,,,comidas
node,11207824376,Sopas El Rey,6.2514728,-75.5689906,,,restaurant,,,,,,,,,,comidas
node,11207831397,Metro Boyacá,6.2507565,-75.5689758,,,fast_food,,,,,,,,,,comidas
node,11207832807,Odontología super,6.2504135,-75.5677488,,,dentist,dentist,,,,,,,,,salud_bienestar
node,11207851185,Flamingo,6.2498797,-75.5665101,clothes,,,,,,,,,,,,ropa_calzado
node,11207851329,El Pez,6.2497766,-75.5676717,fishing,,,,,,,,,,,,
node,11207855608,Electrodomésticos,6.2506883,-75.5686322,convenience,,,,,,,,,,,,tienda_viveres
node,11207856328,Greenfit,6.2503986,-75.5662707,clothes,,,,,,,,,,,,ropa_calzado
node,11207856329,Totto,6.2507865,-75.5658022,bag,,,,,,,,Mo-Sa 09:30-19:00,,,,ropa_calzado
node,11207856331,Todo drogas,6.2509189,-75.5657626,,,pharmacy,,,,,,,,,,salud_bienestar
node,11207872730,Diane & Geordi,6.2508492,-75.565805,clothes,,,,,,,,,,,,ropa_calzado
node,11207879144,Pasaje comercial la bolsa,6.2496223,-75.5676821,department_store,,,,,,,,,,,,
node,11207881394,El Palito,6.2505982,-75.5661454,bakery,,,,,,,,,,,,panaderia
node,11207882402,As-you,6.2514346,-75.5654758,clothes,,,,,,,,,,,,ropa_calzado
node,11207882411,N18,6.2509318,-75.5658911,florist,,,,,,,,,,,,
node,11207885094,Mi Pueblo,6.2509586,-75.5656275,,,restaurant,,,,,,,,,,comidas
node,11207885258,Pasaje central,6.2501978,-75.5673487,convenience,,,,,,,,,,,,tienda_viveres
node,11207887807,Es atlas,6.249283,-75.5673939,convenience,,,,,,,,,,,,tienda_viveres
node,11207891384,Flamingo Parque de Berrio,6.2503866,-75.5678518,convenience,,,,,,,,,,,,tienda_viveres
node,11207894016,Artesanos Antioqueños,6.2521945,-75.565149,,handicraft,,,,,,,,,,,
node,11207894018,Opticalia,6.2514484,-75.5654641,optician,,,,,,,,,,,,salud_bienestar
node,11207895051,El Deportista,6.2501312,-75.5656822,sports,,,,,,,,,,,,
node,11207895052,Centro Comercial Orquídea Plaza,6.2508003,-75.5661307,mall,,,,,,,,Mo-Sa 08:00-19:00,,,,
node,11207895053,Croydon,6.2506482,-75.5659479,shoes,,,,,,,,,,,,ropa_calzado
node,11207895191,Eden Jeans,6.2508423,-75.565747,clothes,,,,,,,,,,,,ropa_calzado
node,11207895456,Marín Papelería,6.2492226,-75.5672745,stationery,,,,,,,,,,,,papeleria
node,11207896827,Discoteca Juninazo,6.2502038,-75.5669865,beverages,,,,,,,,,,,,tienda_viveres
node,11207898679,El Patio,6.2504574,-75.5662788,,,restaurant,,,,,,"PH,Mo-Su 06:00-21:00",,,,comidas
node,11207901248,Imusa outlet,6.250336,-75.5663142,houseware,,,,,,,,,,,,
node,11207905372,De Papayita,6.2520446,-75.5650903,,,ice_cream,,,,Carrera 49,53-78,,,,,comidas
node,11207909853,Pasaje astoria,6.2506232,-75.566194,department_store,,,,,,,,,,,,
node,11207910259,Claro (celulares y tarjetas sim),6.2499239,-75.5664995,mobile_phone,,,,,,,,,,,,tecnologia_celulares
node,11207910971,Artesanos Antioqueños centro comercial artesanías,6.2521487,-75.565282,craft,,,,,,,,,,,,
node,11207911682,Imusa (Outlet),6.2500807,-75.5656674,houseware,,,,,,,,,,,,
node,11207913485,Café Astor,6.2511622,-75.5658238,,,cafe,,,,,,,,,,comidas
node,11207914741,"Boulevard de Junín, Centro Comercial",6.2513746,-75.5653932,department_store,,,,,,,,,,,,
node,11207916851,Respostería el Astor,6.2509911,-75.5660952,,,cafe,,,,,,Mo-Sa 08:00-18:00,,,,comidas
node,11207917194,Bianchi,6.2502892,-75.5663458,clothes,,,,,,,,Mo-Sa 09:30-19:00,,,,ropa_calzado
node,11207920215,Línea Estética,6.2507566,-75.5660504,cosmetics,,,,,,,,,,,,belleza_peluqueria
node,11207922640,El deportista,6.25037,-75.5663183,clothes,,,,,,,,Mo-Sa 09:30-18:00,,,,ropa_calzado
node,11207923419,Astor. Tradición Suiza - Sede Junín,6.2506904,-75.565937,,,cafe,,,,,,,,,,comidas
node,11207924924,Tania,6.2506305,-75.5659697,clothes,,,,,,,,,,,,ropa_calzado
node,11207925611,Bata,6.2503568,-75.5663018,shoes,,,,,,,,Mo-Sa 09:00-19:00,,,,ropa_calzado
node,11207925997,Plata martillada,6.2504538,-75.5660999,jewelry,,,,,,,,Tu-Sa 09:30-18:30; Mo 10:00-18:30,,,,ropa_calzado
node,11207933375,Arte y Crepes,6.2521788,-75.5651925,,,restaurant,,,,,,,,,,comidas
node,11207935243,Línea Estética,6.2504242,-75.5662546,,,pharmacy,pharmacy,,,,,,,,,salud_bienestar
node,11207935252,Joyería Kronos,6.2515065,-75.5657573,jewelry,,,,,,,,,,,,ropa_calzado
node,11207939811,Babalú,6.2508952,-75.5657783,clothes,,,,,,,,,,,,ropa_calzado
node,11207940674,Polo Club,6.251562,-75.5655724,clothes,,,,,,,,,,,,ropa_calzado
node,11207940676,Calzados Bucaramanga Junín,6.2518048,-75.5654742,shoes,,,,,,,,,,,,ropa_calzado
node,11207940677,Vélez,6.2514622,-75.5654515,clothes,,,,,,,,,,,,ropa_calzado
node,11207941259,Cruz Verde,6.2506305,-75.5661347,,,pharmacy,pharmacy,,,,,"Mo-Sa 08:00-19:00;Su,PH 09:00-17:00",,,,salud_bienestar
node,11207941642,Olala,6.2509637,-75.5656782,gift,,,,,,Carrera 49,52-134,Mo-Sa 09:00-19:00,,,,papeleria
node,11207941690,Medipiel,6.2514933,-75.5654305,chemist,,,,,,,,,,,,salud_bienestar
node,11207942194,"El unión, Centro comercial",6.251013,-75.5659943,department_store,,,,,,,,,,,,
node,11207944670,Koaj,6.2514153,-75.5654745,clothes,,,,,,,,,,,,ropa_calzado
node,11207944885,Pasaje Juan Maracaibo,6.2512415,-75.5658602,department_store,,,,,,,,,,,,
node,11207949104,"El Unión, Centro Comercial",6.2514618,-75.5656813,department_store,,,,,,,,,,,,
node,11207952425,Tienda Samsung Junín,6.2511928,-75.5658787,mobile_phone,,,,,,,,,,,,tecnologia_celulares
node,11207955992,Kiosco de flores,6.2517599,-75.5656772,florist,,,,,,,,,,,,
node,11207956053,Cuernavaca,6.2510304,-75.565903,,,restaurant,,,,,,,mexican,,,comidas
node,11207956056,Concert,6.2513771,-75.5655087,clothes,,,,,,,,Mo-Sa 09:00-18:00,,,,ropa_calzado
node,11207956489,N 17,6.2509193,-75.5658993,florist,,,,,,,,,,,,
node,11207957498,Concert,6.2511671,-75.5656521,clothes,,,,,,,,,,,,ropa_calzado
node,11207963134,Los Troncos,6.2520783,-75.5650735,,,restaurant,,,,,,,,,,comidas
node,11207964806,Remate Mega Punto,6.2514748,-75.5656006,variety_store,,,,,,,,,,,,papeleria
node,11207965278,Bianchi,6.251138,-75.5658363,clothes,,,,,,,,,,,,ropa_calzado
node,11207965311,Artesanos Antioqueños,6.2521075,-75.5650552,,handicraft,,,,,,,,,,,
node,11207965367,CC Arte Artesanal Mi Viejo Pueblo,6.2523362,-75.5650573,general,,,,,,,,,,,,tienda_viveres
node,11207966741,Fruta fresca,6.2511703,-75.5658139,clothes,,,,,,,,,,,,ropa_calzado
node,11207967276,Artesanías mi Tierra,6.2521301,-75.5652356,convenience,,,,,,,,,,,,tienda_viveres
node,11207967340,As You Martina,6.2514775,-75.5654402,clothes,,,,,,,,,,,,ropa_calzado
node,11207968193,TENNIS,6.2512056,-75.5656275,clothes,,,,,,,,,,,,ropa_calzado
node,11207968194,Tienda el papá,6.2513968,-75.5654952,clothes,,,,,,,,,,,,ropa_calzado
node,11207968195,Tienda Naturista Armonía y Salud N2,6.2520108,-75.5651089,,,,alternative,,,,,,,,,salud_bienestar
node,11207975939,Metro Cámaras,6.2518217,-75.5647663,camera,,,,,,47 - 31,105,,,,https://www.metrocamaras.com/,
node,11207979618,Bata,6.2517198,-75.5654547,clothes,,,,,,Carrera 49,,,,,,ropa_calzado
node,11207980450,Nuestra tienda artesanal,6.2520432,-75.5652393,,handicraft,,,,,,,,,,,
node,11207981928,"Rusto, Pizzería",6.2521631,-75.5650206,,,restaurant,,,,,,,,,,comidas
node,11207982358,Los troncos,6.2516864,-75.5653183,,,restaurant,,,,,,,,,,comidas
node,11207993032,Tienda D1 Parque de Bolivar,6.2529674,-75.56412,supermarket,,,,,,,,,,,,tienda_viveres
node,11208028826,"Metro Cámaras, dentro Centro Comercial Vicente Villa, local 105",6.251766,-75.5646296,camera,,,,,,,,,,,,
node,11208056318,Tostao,6.2502719,-75.56339,,,cafe,,,,,,,,,,comidas
node,11208056335,Art store,6.2493249,-75.5618673,tattoo,,,,,,,,,,,,
node,11208058390,J&G distribuidora,6.2494175,-75.5621801,alcohol,,,,,,,,,,,,tienda_viveres
node,11208061606,Almapark licores,6.2494752,-75.5621525,alcohol,,,,,,,,,,,,tienda_viveres
node,11208068117,Vertical. Tatto Studio Art-Store,6.2495681,-75.5620304,tattoo,,,,,,,,,,,,
node,11208068118,Movipan,6.2495328,-75.5620707,,,cafe,,,,,,,,,,comidas
node,11208070022,Aguadulce,6.2495521,-75.5620424,,,restaurant,,,,,,,,,,comidas
node,11208070959,Tatau tattoo studio,6.2493636,-75.5621961,tattoo,,,,,,,,,,,,
node,11208074693,Licores y cervezas,6.2492928,-75.5618846,alcohol,,,,,,,,,,,,tienda_viveres
node,11208074949,Almapark,6.2493558,-75.5618137,alcohol,,,,,,,,,,,,tienda_viveres
node,11208076735,"Tatau. Tattoo Academy, segundo piso",6.2493251,-75.5622626,tattoo,,,,,,,,,,,,
node,11208077209,J&G. Licores y cervezas,6.2494479,-75.5622016,alcohol,,,,,,,,,,,,tienda_viveres
node,11208083198,Sativa shots & cocktails,6.2493928,-75.5621931,alcohol,,,,,,,,,,,,tienda_viveres
node,11208088461,Zona Franca,6.2491481,-75.5621223,alcohol,,,,,,,,,,,,tienda_viveres
node,11208088853,Droguería Girardot,6.2491308,-75.561996,,,pharmacy,pharmacy,,,,,,,,,salud_bienestar
node,11208117635,Pizzas Picolo,6.2478634,-75.5596885,,,restaurant,,,,,,,,,,comidas
node,11211255766,Repuestos y servicio técnico Dani,6.2547021,-75.541158,,electronics_repair,,,,,Carrera 18D#62-24,,"PH,Mo-Su 07:00-21:00",,,,tecnologia_celulares
node,11214850137,Tamagotchi,6.2109695,-75.5710544,,,restaurant,,,,,,,japanese,,,comidas
node,11219092620,Altrove: Restaurante Café Coworking,6.2108317,-75.5874107,,,cafe,,,,Carrera 65,,,coffee_shop;sandwich,,https://beacons.ai/altrove,comidas
node,11219092621,Altrove: Restaurante Café Coworking,6.2116041,-75.587008,,,cafe,,,,"Cra. 65 #2A-26, Guayabal, Medellín, Guayabal, Medellín, Antioquia",,,coffee_shop;sandwich;cake,,https://beacons.ai/altrove,comidas
node,11219118873,Café Cosmonova,6.212036,-75.5858121,,,cafe,,,,"Cra. 57 #4-76, Guayabal, Medellín, Guayabal, Medellín, Antioquia",,Mo-Fr 10:00-21:00; Sa 16:00-23:00; Su 17:00-23:00,café;coffee_shop,,https://www.cosmonovacomercializadora.com/,comidas
node,11244944890,Los Perritos,6.2204326,-75.598433,,,fast_food,,,,,,Mo-Su 15:30-10:30,burger;hot_dog,,https://losperritoscr.com/,comidas
node,11255955437,Estacion Paisa,6.2480006,-75.5693875,,,cafe,,,,,,,,,,comidas
node,11257595339,Migueleña Pasteleria,6.2624054,-75.5970694,bakery,,,,,,,,,,,,panaderia
node,11261337146,Luis Guillermo Tobón,6.1975089,-75.5735482,,,doctors,doctor,,,,,,,,https://luisguillermotobon.com/,salud_bienestar
node,11261337147,Jorge Mejía Cañas,6.1975446,-75.5734964,,,doctors,doctor,,,,,,,,https://www.drjorgemejia.com/,salud_bienestar
node,11261337154,Clínica Odontológica Oral Láser,6.2041283,-75.5769617,,,clinic,clinic,,,,,,,,https://oralaser.com.co/,salud_bienestar
node,11267203726,Le Palito,6.212029,-75.5590034,,,cafe,,,,,,,,,,comidas
node,11267212064,Alquimista,6.2112852,-75.5593082,,,cafe,,,,,,,,,,comidas
node,11267270387,tempura,6.2119334,-75.5590029,,,restaurant,,,,,,,sushi,,,comidas
node,11270285734,CediMed,6.2068143,-75.570941,,,clinic,clinic,,,,,,,,,salud_bienestar
node,11270285735,Clínica Clofán,6.223327,-75.5749033,,,clinic,clinic,,,,,,,,https://www.clofan.com/,salud_bienestar
node,11270285740,IQ InterQuirófanos,6.2064259,-75.5701608,,,clinic,clinic,,,,,,,,,salud_bienestar
node,11270396834,nacionsushi,6.2000348,-75.572676,,,restaurant,,,,,,,sushi,,,comidas
node,11271845733,Parmessano,6.202169,-75.5718825,,,restaurant,,,,,,,italian,,,comidas
node,11271859852,Tostao’,6.2019638,-75.5719533,,,cafe,,,,,,,coffee_shop,,,comidas
node,11271860123,Cruz Verde,6.2028175,-75.5717109,,,pharmacy,pharmacy,,,,,,,,,salud_bienestar
node,11271867241,Smart Fit,6.2119761,-75.5737307,,,,,fitness_centre,,,,,,,,salud_bienestar
node,11271869481,Spago,6.2070125,-75.5717902,,,restaurant,,,,,,,italian,,,comidas
node,11271870797,Crepes & Waffles,6.2068748,-75.5718139,,,restaurant,,,,,,,crepe;ice_cream,,,comidas
node,11276447701,Restaurante La Antioqueñita,6.1725197,-75.6116907,,,restaurant,,,,,,,,,,comidas
node,11277411727,La 49,6.2643946,-75.5597193,,,restaurant,,,,,,,traditional,,,comidas
node,11277431259,Don Antonio,6.26464,-75.5603213,,,cafe,,,,,,,,,,comidas
node,11277436850,Pedro,6.2646101,-75.560213,,,restaurant,,,,,,,,,,comidas
node,11277439816,Palace,6.2652387,-75.5601263,,glaziery,,,,,,,,,,,construccion
node,11277440830,Víctor,6.2649799,-75.559525,convenience,,,,,,,,,,,,tienda_viveres
node,11277442780,Beatriz,6.264806,-75.56022,,,cafe,,,,,,,,,,comidas
node,11277448582,Lovaina,6.2674492,-75.5617925,,,car_wash,,,,,,,,,,mecanica_motos
node,11277457995,Girasoles,6.2649283,-75.5594503,convenience,,,,,,,,,,,,tienda_viveres
node,11277469058,Cole Gladys,6.2667548,-75.5606661,,,car_wash,,,,,,,,,,mecanica_motos
node,11277623424,La colchoneria,6.2666817,-75.5599219,,,car_wash,,,,,,,,,,mecanica_motos
node,11280475856,A Puro Fuego,6.208944,-75.5708504,,,restaurant,,,,,,,steak_house,,,comidas
node,11294014701,Café a la hora del Té,6.2055085,-75.5827712,,,cafe,,,,Calle 1 Sur-51,Carrera 50F,,,,,comidas
node,11339397850,tienda Naturista Evolucion,6.2105091,-75.5872995,supermarket,,,,,,Calle 2A # 55-48,,Mo-Fr 10:00-18:00,,tienda de productos naturales y variedades,,tienda_viveres
node,11339451207,Billares los Dos Faros,6.2067436,-75.5863905,,,ice_cream,,,,Calle 2 Sur,,Mo-Su 08:00-24:00,,,,comidas
node,11347404188,Sushimoon,6.2383483,-75.5543487,,,restaurant,,,,,,,sushi;ramen,,,comidas
node,11352647670,Tienda de abarrotes la hortencia,6.2678267,-75.5578202,supermarket,,,,,,Carrera 48A,Calle 72 A,,,,,tienda_viveres
node,11356499738,Uva Café Bar,6.31998,-75.5604649,,,cafe,,,,"Cl 32 #55-3, La Florida",,"Mo-Su,PH 15:00-12:00+",coffee_shop,,,comidas
node,11357313217,Bancon´s Burger,6.1536198,-75.575134,,,restaurant,,,,,,,burger;regional,,,comidas
node,11359255487,lhm Central Mayorista,6.1899747,-75.5911101,greengrocer,,,,,,,,,,,,tienda_viveres
node,11379870984,Animall Mascotienda,6.1594768,-75.5983263,pet,,,,,,,,,,,,mascotas
node,11383649851,Papelería,6.2628098,-75.5983893,variety_store,,,,,,,,,,,,papeleria
node,11383649852,Chocolatto Repostería Fina,6.2643842,-75.5979535,,,cafe,,,,,,,coffee_shop,,,comidas
node,11383667773,La Jugosa,6.2622905,-75.5971227,,,ice_cream,,,,,,,,,,comidas
node,11386878681,Vizcaya Business Center,6.2080645,-75.5632737,mall,,,,,,Calle 10 #32-115,,,,,,
node,11388462569,La Milpa,6.2536051,-75.5799484,,,restaurant,,,,,,Mo-Th 12:00-20:45; Fr 12:00-21:45,mexican,,,comidas
node,11393491577,Mac Center,6.3401977,-75.5425233,electronics,,,,,,,,Fr-Sa 11:00-21:00; Mo-Th 11:00-20:00; Su 12:00-20:00,,,,tecnologia_celulares
node,11393491578,Mac Center,6.246257,-75.6014355,electronics,,,,,,,,Mo-Sa 09:00-20:00; Su 11:00-20:00,,,,tecnologia_celulares
node,11393491579,Mac Center,6.197339,-75.5594478,electronics,,,,,,,,Mo 10:00-20:00; Su 11:00-20:00; Tu-Sa 10:00-21:00,,,,tecnologia_celulares
node,11393491581,Mac Center,6.2355544,-75.5695707,electronics,,,,,,,,Fr-Sa 10:00-21:00; Mo-Th 10:00-20:00; Su 11:00-19:00,,,,tecnologia_celulares
node,11393491592,Mac Center,6.1612969,-75.6051153,electronics,,,,,,,,Fr-Sa 10:00-21:00; Mo-Th 10:00-20:00; Su 11:00-20:00,,,,tecnologia_celulares
node,11398851173,Alma Natura,6.2387017,-75.5863478,,,restaurant,,,,Calle 32F,65F-15,,,Restaurante vegano,,comidas
node,11403546389,Centro Veterinario Motas,6.1782123,-75.5965426,,,veterinary,,,,"Cl. 66 #44b-4, La Esmeralda, Itagüi, Antioquia",,,,,,mascotas
node,11403592006,Buñuelo express,6.2135456,-75.5716588,,,restaurant,,,,,,,,,,comidas
node,11403592008,Vegstation,6.2101839,-75.5669495,,,restaurant,,,,,,,,,,comidas
node,11403592525,Shimano Service Center,6.2090981,-75.5711657,bicycle,,,,,,,,,,,,
node,11403592652,El Colmado,6.2234353,-75.5747969,,,restaurant,,,,,,,,"Breakfast, lunch",,comidas
node,11403592787,De Lolita,6.2234231,-75.5747354,,,cafe,,,,,,,,,,comidas
node,11408759670,San Juan,6.2498553,-75.5952293,bakery,,,,,,,,24/7,,,,panaderia
node,11419909746,D1 La Unión - San Felix,6.3822072,-75.6209385,supermarket,,,,,,,,,,,,tienda_viveres
node,11421665249,Taller Don Rubiel,6.2612909,-75.5934233,bicycle,,,,,,,,,,,,
node,11433621206,Cafetería Laboratorio del café,6.255271,-75.577742,,,cafe,,,,,,,,,,comidas
node,11435987942,Librería Fernando del Paso - Fondo de Cultura Económica,6.2552036,-75.5777876,books,,,,,,,,,,,,papeleria
node,11436041986,Pioner,6.2507796,-75.5686517,mobile_phone,,,,,,,,,,,,tecnologia_celulares
node,11438975069,Macchiato Coffee Shop,6.2318775,-75.6088791,coffee,,,,,,,,,,,,
node,11438981057,D1,6.2114149,-75.5848599,supermarket,,,,,,,,,,,,tienda_viveres
node,11445446005,Restaurante Buena Arepa,6.2108008,-75.5849404,,,restaurant,,,,,,,,,,comidas
node,11445456854,Bihao,6.2146552,-75.5706657,,,restaurant,,,,Calle 14 #43A-73,,,,,https://bihao-comida-de-origen.cluvi.co/,comidas
node,11445474648,Panadería Dulce Paladar,6.213122,-75.5843295,bakery,,,,,,,,,,,,panaderia
node,11445487230,Tiki Helados,6.2120007,-75.5854084,,,ice_cream,,,,,,,,,,comidas
node,11445490293,Barbería JC,6.2121794,-75.5857484,hairdresser,,,,,,,,,,,,belleza_peluqueria
node,11445490352,Chicharrón House,6.2124714,-75.5857806,,,fast_food,,,,,,,,,,comidas
node,11445494423,Supermercado Autoservicio Don Jota,6.2139646,-75.5854426,convenience,,,,,,,,,,,,tienda_viveres
node,11448655885,Restaurante la Candelaria,6.2502484,-75.5675174,,,restaurant,,,,,,,,,,comidas
node,11464534075,Comida Criolla,6.2520819,-75.5603556,,,restaurant,,,,,,,colombiana,,,comidas
node,11473117097,Óleo,6.2004409,-75.5742144,,,restaurant,,,,,,Mo-Su 06:30-22:00,,,,comidas
node,11486947733,GYM La somadera,6.2463923,-75.6251464,,,,,fitness_centre,,,,,,,,salud_bienestar
node,11500255169,Marcadi,6.3377386,-75.545899,cosmetics,,,,,,,,,,,,belleza_peluqueria
node,11500780173,La Esquina de la Milanesa,6.2432211,-75.6085309,,,restaurant,,,,,,,steak_house;sandwich,,,comidas
node,11517256947,Bici Pizza,6.2292458,-75.4951512,,,restaurant,,,,,,,pizza,,,comidas
node,11529092669,Hijamia,6.2133434,-75.5728853,,,cafe,,,,,,,,,,comidas
node,11531150525,"Restaurante La Matriarca, Viva Envigado",6.1778331,-75.5915607,,,restaurant,,,,Carrera 48,32BSur-139,,regional,,https://www.lamatriarca.com/,comidas
node,11531445679,Los Autos Multimarcas,6.2124552,-75.5743041,car,,,,,,,,,,,,mecanica_motos
node,11531492269,La Rebaja Plus Minimarket Drogueria,6.2108962,-75.5709986,,,pharmacy,pharmacy,,,,,,,,,salud_bienestar
node,11536087769,Delimar,6.2126178,-75.5741583,,,restaurant,,,,Carrera 43F,,,fish;regional;seafood,,,comidas
node,11537153662,Mosquito Rooftop,6.2104024,-75.5679866,,,restaurant,,,,Calle 10A Sur,"40-19, 10th Floor","Su 13:00-22:00; Mo-We 15:00-22:00; Th 16:00-01:00; Fr, Sa 16:00-02:00",,,https://thesomos.com,comidas
node,11539115069,Full Medics,6.2136131,-75.5733977,,,pharmacy,,,,,,,,,http://www.fullmedics.com.co,salud_bienestar
node,11541680044,Sandiwich Qbano Estacion Niquia,6.3388564,-75.5447293,,,fast_food,,,,,,,,,,comidas
node,11541708732,Patatas Zone,6.3458986,-75.5131842,,,restaurant,,,,CARRERA 58 #51-38,,24/7,burger,,https://patataszone.com.co/,comidas
node,11541708733,Rellenitas,6.3460634,-75.5132243,,,restaurant,,,,,,24/7,regional,,https://www.instagram.com/rellenitascopacabana/,comidas
node,11541708734,Atypical house gourmet,6.3459262,-75.5132774,,,restaurant,,,,Carrera 58#51a-17,,24/7,mexican,,https://www.instagram.com/atypicalhouse_gourmet/,comidas
node,11541708735,Artellano,6.3454244,-75.5130095,,,restaurant,,,,Cll 51 # 57-71,,24/7,burger;hot_dog,,https://www.instagram.com/artellano_iceburguer/?hl=es,comidas
node,11541708736,La Celestina,6.3457609,-75.5124693,,,restaurant,,,,cll 51 #57-06,,24/7,regional,,https://www.facebook.com/p/Celestina-Restaurante-Bar-Copa-100065201293277/,comidas
node,11541708737,PARRA’S BURGUER & MEX,6.3457835,-75.5124101,,,restaurant,,,,Calle 51 N.57-08,,24/7,mexican;burger,,https://www.instagram.com/parrasburguer/?hl=es,comidas
node,11541708740,Mandingas,6.3461924,-75.5126976,,,restaurant,,,,,,24/7,potatos,,https://www.instagram.com/mandingascopacabana/?hl=es-la,comidas
node,11541708741,Kawana Restaurante,6.3461388,-75.5125189,,,restaurant,,,,Cra 57 # 51-37,,24/7,burger;potatos;ice_cream,,https://www.instagram.com/kawanarestaurante/,comidas
node,11541708742,Pizzeria All Natural Food,6.3458586,-75.5123941,,,restaurant,,,,Carrera 57,51-09,24/7,pizza,,https://www.instagram.com/pizzaartesanal_allnatural/,comidas
node,11541708747,0034 Urban food,6.346006,-75.5123132,,,restaurant,,,,,,24/7,burger,,https://www.instagram.com/0034urbanfood/,comidas
node,11541708748,KITCHEN Chips & Food,6.3463569,-75.5117473,,,restaurant,,,,,,24/7,potatos,,https://www.instagram.com/kitchenchipsfood/,comidas
node,11541708749,Saboripizza,6.3463017,-75.5117276,,,restaurant,,,,,,24/7,pizza,,https://www.instagram.com/saboripizza/?hl=es,comidas
node,11541708750,Amalia Panadería Repostería,6.3461601,-75.5116585,bakery,,,,,,carrera56 #51-19,,24/7,,,,panaderia
node,11541731904,Burbuja Bloque 9,6.2657184,-75.5695581,,,cafe,,,,,,Mo-Fr 06:00-18:00,coffee_shop,Café Bebidas Snacks,https://www.domosudea.com,comidas
node,11541758160,Drogueria Juan XXIII,6.2821031,-75.5610656,,,hospital,hospital,,,Carrera 51,90-14,,,,,salud_bienestar
node,11541771197,Las Patatas,6.2835649,-75.5609564,,,fast_food,,,,Carrera 51,92,Mo-Su 15:00-23:00,salchipapas,,,comidas
node,11544095623,Tienda de Mascotas Jovi,6.1980315,-75.5939206,supermarket,,,,,,"Cra. 54a #12a Sur-12, Guayabal, Medellín, Guayabal, Medellín, Antioquia",,Mo-Su 08:00-22:00,,,https://www.instagram.com/tiendademascotasjovi/,tienda_viveres
node,11561593690,"Pataché, Patacones y Ceviches",6.2480351,-75.5984956,,,restaurant,,,,,,,,,,comidas
node,11613497089,Puma,6.1769076,-75.5921173,sports,,,,,,,,Mo-Su 10:00-21:00,,,https://acquacol.com,
node,11613497090,Puma,6.1968724,-75.5597162,sports,,,,,,,,Mo-Su 10:00-21:00,,,https://acquacol.com,
node,11613497092,Puma,6.2345625,-75.6041443,sports,,,,,,,,Mo-Su 10:00-21:00,,,https://acquacol.com,
node,11613497101,Puma,6.2117701,-75.5947405,sports,,,,,,,,Mo-Su 10:00-21:00,,,https://acquacol.com,
node,11613497102,Puma,6.3389288,-75.5436444,sports,,,,,,,,Mo-Su 10:00-21:00,,,https://acquacol.com,
node,11635253973,MM Beauty Spa Nail Arts,6.2628457,-75.5987685,beauty,,,,,,Cra 81A,49-89,Mo-Sa 08:00-20:00; Su 09:00-15:00; Jan 1 off; Dec 25 off,,,https://www.mmbeautyspa.com/,belleza_peluqueria
node,11655826280,Mac Center,6.3270399,-75.5583708,electronics,,,,,,,,"Fr-Sa 10:00-21:00; Mo-Th,Su 10:00-20:00",,,,tecnologia_celulares
node,11668996615,Puma,6.2471315,-75.5700052,sports,,,,,,,,Mo-Su 10:00-21:00,,,https://acquacol.com,
node,11680200988,SurtiMax El Trianón,6.160614,-75.5956486,convenience,,,,,,,,,,,,tienda_viveres
node,11681237068,La Torre Panettería,6.2333983,-75.5496749,bakery,,,,,,# 41A-26,cra 22A,Mo-Su 09:00-21:00,,,,panaderia
node,11681729914,Tienda D1 La Paz,6.1619113,-75.5969991,convenience,,,,,,,,,,,,tienda_viveres
node,11683486315,Amoracuyá,6.1801067,-75.5646595,,,ice_cream,,,,,,,,,,comidas
node,11687951337,Aliños Caliche,6.2579483,-75.5728969,nuts,,,,,,,,,,,,
node,11688020802,Frutivan,6.258029,-75.5733335,greengrocer,,,,,,,,,,,,tienda_viveres
node,11688040552,Fernedy Gallego Distribuidor De Cítricos,6.2574382,-75.573675,greengrocer,,,,,,,,,,,,tienda_viveres
node,11729388056,Tribute Barberia,6.2782164,-75.5947895,hairdresser,,,,,,,,,,,https://www.instagram.com/tribute_barberia/,belleza_peluqueria
node,11732870669,Deli Arepa,6.2446033,-75.6073767,,,fast_food,,,,,,,,,,comidas
node,11753441956,La Bellecita,6.2781634,-75.5946808,butcher,,,,,,,,Mo-Sa 07:30-19:00; Su 07:30-14:00; PH 07:30-02:00,,,,tienda_viveres
node,11764532177,Droguería Alemana,6.2522442,-75.5635698,,,pharmacy,pharmacy,,,,,,,,,salud_bienestar
node,11767176869,Soldadura,6.3757751,-75.4492663,variety_store,,,,,,,,,,,,papeleria
node,11770694369,Lavadero de motos,6.297631,-75.536682,,,car_wash,,,,Calle 107,,Mo-Su 06:00-21:00,,,,mecanica_motos
node,11773647701,Variedades mary papeleria,6.2483154,-75.5395793,convenience,,,,,,,,,,,,tienda_viveres
node,11773659214,Checheritos,6.2483731,-75.5395779,,,ice_cream,,,,,,,,,,comidas
node,11773673510,Cancha y gimnasio al aire libre,6.2474886,-75.538965,,,,,fitness_centre,,,,,,,,salud_bienestar
node,11773691642,Variedades Mary Papelería,6.2484176,-75.5395675,stationery,,,,,,,,,,,,papeleria
node,11773694232,Sirber Sindy,6.2494503,-75.5386664,stationery,,,,,,,,,,,,papeleria
node,11773694676,Checheritos,6.2482972,-75.5395273,,,ice_cream,,,,,,,,,,comidas
node,11773731596,Ellas también toman cerveza,6.249487,-75.5386713,alcohol,,,,,,,,,,,,tienda_viveres
node,11773737672,Depósito de materiales de construcción,6.2489815,-75.5390343,wholesale,,,,,,,,,,,,
node,11773797511,Comedor  Escuelita de la paz,6.2501523,-75.539321,,,fast_food,,,,,,,,,,comidas
node,11773869589,Koko Barberia shop,6.2549837,-75.5395995,hairdresser,,,,,,,,Mo-Su 08:00-17:00,,,,belleza_peluqueria
node,11777067911,Carniceria Arcoiris,6.248189,-75.539781,butcher,,,,,,,,,,,,tienda_viveres
node,11778437469,Tienda Don Carlos,6.297541,-75.5367981,convenience,,,,,,Carrera 28,,Mo-Su 07:00-23:00,,,,tienda_viveres
node,11783900569,Kiosco 2,6.2329802,-75.61189,outdoor,,,,,,,,,,,,
node,11806953158,Puma,6.1613902,-75.6049812,sports,,,,,,,,Mo-Su 10:00-21:00,,,https://acquacol.com,
node,11815630528,Tienda Eduar,6.1731603,-75.5876262,convenience,,,,,,,,,,,,tienda_viveres
node,11815680400,hamburguesas,6.2668593,-75.6013124,,,restaurant,,,,,,,,,,comidas
node,11817305159,Zon tes Energy - Batidos y bebidas,6.2520435,-75.6193899,,,ice_cream,,,,,,"Mo-Fr 08:00-12:00,04:00-20:00",,,,comidas
node,11817360664,Obleas relincho,6.2482603,-75.6220197,confectionery,,,,,,,,"Mo-Fr 10:00-18:30; Sa,Su,PH 09:00-19:30",,,,panaderia
node,11826601742,La Gran Esquina,6.1696731,-75.6171316,supermarket,,,,,,,,,,,,tienda_viveres
node,11826601743,D1,6.1703262,-75.6167601,supermarket,,,,,,,,,,,,tienda_viveres
node,11826601744,Ferreteria San Isidro,6.1706939,-75.6168685,hardware,,,,,,,,,,,,construccion
node,11831665052,Supermercado Barrio El Mirador,6.3508303,-75.5573841,supermarket,,,,,,Carrera 49A,,Mo-Su 09:00-21:00,,,,tienda_viveres
node,11831808502,Drogueria Multi Ahorro Plus,6.2842246,-75.6084725,,,pharmacy,pharmacy,,,Calle 64AG,,Mo-Fr 09:00-21:00,,,,salud_bienestar
node,11831808503,supermercado San martin,6.2832434,-75.6079266,supermarket,,,,,,Carrera 97AB,,Mo-Su 08:00-22:30,,,,tienda_viveres
node,11831808504,Papelria multi ahorro,6.2842486,-75.6083692,stationery,,,,,,Calle 64AG,,Mo-Su 09:00-21:00,,,,papeleria
node,11831808505,Panaderia san martin,6.2840833,-75.6087581,bakery,,,,,,Calle 64AG,,Mo-Su 07:00-22:00,,,,panaderia
node,11831808506,Tienda doña gloria,6.2839979,-75.6089057,supermarket,,,,,,Calle 64AG,,Mo-Su 09:00-23:00,,,,tienda_viveres
node,11831808514,Barberia urban´s,6.2845871,-75.6079843,hairdresser,,,,,,Calle 64,,Mo-Su 10:00-22:00,,,,belleza_peluqueria
node,11831808515,Panaderia Peter Pan,6.2849191,-75.6079468,bakery,,,,,,Calle 65,,Mo-Su 07:00-22:00,,,,panaderia
node,11831808516,Supermercado Pa´ mi gente,6.2845192,-75.607936,supermarket,,,,,,Calle 64,,Mo-Su 09:00-21:00,,,,tienda_viveres
node,11831808517,Drogueria Pa´mi gente,6.2847079,-75.6080864,,,pharmacy,pharmacy,,,Calle 64,,Mo-Su 09:00-21:00,,,,salud_bienestar
node,11831808531,Es Una Venta En Espacio Público,6.2847986,-75.6081561,,,fast_food,,,,Calle 64,,Mo-Su 18:00-23:00,burger,,,comidas
node,11831808542,Surti max,6.2825084,-75.6077028,supermarket,,,,,,Calle 64AC,,Mo-Su 09:00-21:00,,,,tienda_viveres
node,11840407995,D1,6.2481485,-75.5972419,supermarket,,,,,,,,,,,,tienda_viveres
node,11842513748,Supermercado Expres,6.2659713,-75.5581699,supermarket,,,,,,,,,,,,tienda_viveres
node,11842513749,autos,6.266046,-75.5581471,car_repair,,,,,,,,,,,,mecanica_motos
node,11842513750,belleza,6.2663606,-75.5582356,beauty,,,,,,,,,,,,belleza_peluqueria
node,11842513751,Ferreteria El Mago,6.2662273,-75.5582651,hardware,,,,,,,,,,,,construccion
node,11842513752,Drogueriala Farma,6.2656647,-75.5583603,,,pharmacy,pharmacy,,,,,,,,,salud_bienestar
node,11842513753,Carnes y Lacteos Bariloche,6.2649155,-75.5583227,butcher,,,,,,,,,,,,tienda_viveres
node,11842513754,Tienda y Mas,6.2670138,-75.5579781,general,,,,,,,,,,,,tienda_viveres
node,11842513755,Boomerang Fast Food,6.2669591,-75.5579915,,,restaurant,,,,,,,,,,comidas
node,11842513756,Servicio Automotriz Los Sepulveda,6.2665072,-75.5578185,car_repair,,,,,,,,,,,,mecanica_motos
node,11842836524,tienda de Paula,6.2966402,-75.5388351,convenience,,,,,,,,,,,,tienda_viveres
node,11842925578,lavadero Alonso,6.2969919,-75.5384153,,,car_wash,,,,,,,,,,mecanica_motos
node,11842925579,RayMotos,6.296737,-75.5386478,motorcycle_repair,,,,,,,,medio dia,,,,mecanica_motos
node,11842925580,Tienda Don Jose,6.2967058,-75.5394562,convenience,,,,,,,,,,,,tienda_viveres
node,11845397330,Cosechas,6.257078,-75.6131163,,,fast_food,,,,,,,juice,,,comidas
node,11848524564,Droguería Vitalfharma,6.2909912,-75.5664196,,,pharmacy,pharmacy,,,,Cra. 63c #96 A 83 Bloque 67,Mo-Su 09:00-21:00,,,,salud_bienestar
node,11848534980,Panadería Tricen,6.2905843,-75.5669648,bakery,,,,,,,,,,,,panaderia
node,11848534981,Crispetas de pollo,6.2920446,-75.5643384,,,fast_food,,,,Carrera 63A,94A-629,,,,,comidas
node,11848606650,Variedades Kennedy,6.2884558,-75.5797158,general,,,,,,,,,,,,tienda_viveres
node,11848885464,D1,6.2551866,-75.6120004,supermarket,,,,,,Calle 44 #95 - 53,,Mo-Su 08:00-21:00,,,,tienda_viveres
node,11848916447,Metrosalud picacho,6.2978871,-75.5835605,,,clinic,clinic,,,,,,,,,salud_bienestar
node,11848954284,Central bike,6.2552218,-75.6120633,bicycle,,,,,,Calle 44 # 94 - 160,,Mo-Sa 09:30-19:30,,,,
node,11850570509,D1,6.1340764,-75.6341271,supermarket,,,,,,,,,,,,tienda_viveres
node,11850570518,Llanerito,6.1410902,-75.6332178,,,restaurant,,,,,,,,,,comidas
node,11861161986,Burbuja Bloque 5,6.2665654,-75.5686242,,,cafe,,,,,,Mo-Fr 06:00-18:00,coffee_shop,Café Bebidas Snacks,https://www.domosudea.com,comidas
node,11861161987,Burbuja Bloque 1,6.2655984,-75.5682529,,,cafe,,,,,,Mo-Fr 06:00-18:00,coffee_shop,Café Bebidas Snacks,https://www.domosudea.com,comidas
node,11887865146,El percal,6.2847278,-75.591145,hardware,,,,,,,,,,,,construccion
node,11887891073,D1,6.279862,-75.587235,supermarket,,,,,,,,,,,,tienda_viveres
node,11889531019,Pandequesos santa rosa,6.3059294,-75.55905,,,cafe,,,,,,Mo-Su 09:00-20:30,,,,comidas
node,11892529081,Tierra Querida (La Estrella),6.1583349,-75.6444314,,,fast_food,,,,,,"Mo-Th 15:00-22:30; Fr-Su,PH 13:30-22:30",burger,,,comidas
node,11923894269,Motos & Accesorios,6.21357,-75.5698283,motorcycle,,,,,,#27- 90,,,,,,mecanica_motos
node,11930646628,Megatoner,6.2381403,-75.6016754,furniture,,,,,,Carrera 80B,32EE37,,,,,
node,11932021569,Tienda el desbaje,6.2565582,-75.5407367,convenience,,,,,,Calle 65,,,,,,tienda_viveres
node,11939862169,Instrumentos de ejercicio,6.2557545,-75.5426561,storage_rental,,,,,,,,,,,,
node,11939884369,Pinos,6.2572172,-75.5431615,,gardener,,,,,,,,,,,
node,11940088570,Restaurante escolar I.E.J.V.A,6.2551176,-75.5425957,,,restaurant,,,,,,,,,,comidas
node,11940106969,Restaurante escolar,6.2549207,-75.5425684,,,restaurant,,,,,,,,,,comidas
node,11943088559,JM variedades,6.2594354,-75.5804381,convenience,,,,,,,,,,,,tienda_viveres
node,11943228374,Panadería Pan Appetit,6.2593811,-75.5802915,bakery,,,,,,,,,,,,panaderia
node,11954672511,Taller de Grabado la Estampa,6.2021461,-75.5618982,printing,,,,,,,,,,,,
node,11957070158,El Parque,6.2674675,-75.5657056,,,restaurant,,,,,,,,,,comidas
node,11957101584,Librería Universidad de Antioquia,6.2674475,-75.5663433,books,,,,,,,,Mo-Fr 09:00-18:00; Sa 09:00-13:00,,,,papeleria
node,11961657806,D1,6.3382044,-75.5411766,supermarket,,,,,,,,,,,,tienda_viveres
node,11961697376,Tienda Express- Hacienda,6.338253,-75.5410273,general,,,,,,,,,,,,tienda_viveres
node,11970539269,Sur Parrilla,6.1701391,-75.5888618,,,restaurant,,,,Carrera 43A,,,,,,comidas
node,11973982310,Billares Club Social,6.2598094,-75.5810401,alcohol,,,,,,,,,,B2-1-1,,tienda_viveres
node,11984821262,Pachitodo,6.2607356,-75.5826736,mobile_phone,,,,,,,,,,,,tecnologia_celulares
node,11984821263,Tienda-granero Angela,6.2607779,-75.5827148,convenience,,,,,,,,,,,,tienda_viveres
node,11984862660,Papeleria Variedades,6.2610431,-75.582884,stationery,,,,,,,,,,,,papeleria
node,11985006610,Drogueria Nueva Imagen,6.2602778,-75.5820007,,,pharmacy,,,,,,,,,,salud_bienestar
node,11985006611,Tienda mixta MJ,6.2602924,-75.5820248,convenience,,,,,,,,,,,,tienda_viveres
node,11985006613,Peluqueria Ivan,6.2602468,-75.5819507,hairdresser,,,,,,,,,,,,belleza_peluqueria
node,11985006635,Brasas la Iguana,6.2603451,-75.5820084,,,restaurant,,,,,,,chicken,,,comidas
node,11985006667,Helados y frutas Pa-ty,6.2603974,-75.5821931,,,ice_cream,,,,,,,,,,comidas
node,11989427155,Todo En Desechables,6.2600938,-75.5814653,general,,,,,,,,,,,,tienda_viveres
node,11989427157,Ferrovariedades Rubi,6.2600938,-75.5814515,hardware,,,,,,,,,,,,construccion
node,11989427158,Granero mixto la 59,6.2601093,-75.5815285,convenience,,,,,,,,,,,,tienda_viveres
node,11989498394,Gana,6.2600075,-75.5812772,convenience,,money_transfer,,,,,,,,,,tienda_viveres
node,11989564152,Delicias La Iguana,6.2596549,-75.5808872,bakery,,,,,,,,,,,,panaderia
node,11991129674,MILAN,6.2595849,-75.5793671,mobile_phone,,,,,,,,,,,,tecnologia_celulares
node,11991129708,El sabor de doña miryam,6.2596202,-75.5795954,,,restaurant,,,,,,,,,,comidas
node,11991129895,Restaurante La Nacho,6.2594669,-75.5786536,,,restaurant,,,,,,,,,,comidas
node,11991129934,Tienda mixta Juaquin,6.2593339,-75.5787304,convenience,,,,,,,,,,,,tienda_viveres
node,11991747598,Lava en Happy (Consolata),6.2497832,-75.5990868,laundry,,,,,,Carrera 79AA #43-08,,,,,,
node,11993611969,World Coin Orb Scan Point,6.2591117,-75.5860173,,,,sample_collection,,,Carrera 70,50-09,Mo-Su 08:00-21:00,,,https://worldcoin.org/,salud_bienestar
node,12029589260,Ayuda Psicológica | Psicólogos Medellín | Psicóloga Marcela Quiceno Betancourt,6.2498485,-75.5877048,,,,psychotherapist,,,"Cl 44A #68A-106, Laureles - Estadio",,Mo-Fr 09:00-19:00,,"Soy una psicóloga con experiencia independiente, ofreciendo servicios terapéuticos desde julio de 2023 hasta febrero de 2025. Trabajo con a…",https://ayudapsicologica.co/medellin/,salud_bienestar
node,12034972751,Tierra Querida Laureles,6.2446917,-75.5898307,,,fast_food,,,,,,,burger,,,comidas
node,12049010422,Calicores,6.2640095,-75.5686165,alcohol,,,,,,,,,,,,tienda_viveres
node,12049010423,Gabolicores,6.2640949,-75.568746,alcohol,,,,,,,,,,,,tienda_viveres
node,12049010424,Tienda de Licores,6.2640385,-75.5686704,alcohol,,,,,,,,,,,,tienda_viveres
node,12049010425,Licores Bloque 12,6.2641192,-75.5687747,alcohol,,,,,,,,,,,,tienda_viveres
node,12049010426,Licores Taxideal,6.2641446,-75.568804,alcohol,,,,,,,,,,,,tienda_viveres
node,12049010427,Restaurante y Salsamentaria RyM,6.2641893,-75.5688582,,,restaurant,,,,Calle 66A,,Mo-Th 06:00-24:00; Fr-Sa 06:00-02:00; PH off,regional,,,comidas
node,12057410269,Tienda local,6.2549948,-75.5415583,wholesale,,,,,,,,,,,,
node,12057425169,La casa de tania,6.2513027,-75.5380257,bookmaker,,,,,,,,,,,,
node,12057435769,Tienda de sentimientos,6.2550312,-75.5415579,wholesale,,,,,,,,,,,,
node,12057440969,Tienda de mascotas,6.2554588,-75.541373,convenience,,,,,,,,,,,,tienda_viveres
node,12057445769,Variedades Alba,6.2554598,-75.5414518,variety_store,,,,,,,,,,,,papeleria
node,12057448369,Tienda de mascotas,6.2555654,-75.5411109,pet,,,,,,,,,,,,mascotas
node,12057451169,Agromascotas,6.2556326,-75.541232,pet,,,,,,,,,,,,mascotas
node,12057460469,Restaurante la negra,6.2554817,-75.5413596,,,restaurant,,,,,,,,,,comidas
node,12057463469,Tienda la y,6.2554304,-75.5406174,convenience,,,,,,,,,,,,tienda_viveres
node,12057476569,La Katira,6.2549858,-75.5403295,convenience,,,,,,,,,,,,tienda_viveres
node,12057476572,Tienda katira,6.2549668,-75.5403928,convenience,,,,,,,,,,,,tienda_viveres
node,12057477369,Tienda Katira,6.2551551,-75.5403462,convenience,,,,,,,,,,,,tienda_viveres
node,12057477571,Miguelucho,6.25428,-75.5400836,convenience,,,,,,,,,,,,tienda_viveres
node,12057477973,Panadería el faro,6.2539574,-75.5399547,bakery,,,,,,,,,,,,panaderia
node,12057479569,Servicio técnico,6.2556331,-75.5407043,mobile_phone,,,,,,,,,,,,tecnologia_celulares
node,12057479669,Modistería de uniformes educativos,6.2547965,-75.5406169,car_repair,dressmaker,,,,,,,,,,,mecanica_motos
node,12057479769,Venta de arapa casera,6.2547567,-75.5404267,newsagent,,,,,,,,,,,,papeleria
node,12057486770,Barbería KUKO,6.2550984,-75.5395315,hairdresser,,,,,,,,,,,,belleza_peluqueria
node,12057488669,Panadería del faro,6.2547917,-75.5404266,bakery,,,,park,,,,,,,,panaderia
node,12057489769,Panadería el faro,6.2540087,-75.5399229,bakery,,,,,,,,,,,,panaderia
node,12057495070,El faro,6.2541213,-75.5398986,convenience,,,,,,,,,,,,tienda_viveres
node,12057503369,La katira,6.2549698,-75.5403477,convenience,,,,,,,,,,,,tienda_viveres
node,12057505871,Faro salud,6.2540528,-75.5391663,chemist,,,,,,,,,,,,salud_bienestar
node,12057512569,El trapiche,6.2544591,-75.5394576,alcohol,,,,,,,,,,,,tienda_viveres
node,12057515270,Terminal El Faro,6.2534043,-75.5387596,outpost,,,,,,,,,,,,
node,12057517069,Kuko Barbería Shop,6.254959,-75.5397454,hairdresser,,,,,,,,,,,,belleza_peluqueria
node,12057517070,Droguería del faro,6.2547436,-75.5394591,chemist,,fast_food,,,,,,,,,,salud_bienestar
node,12057532769,Terminal del faro,6.2534545,-75.5386587,outpost,,,,,,,,,,,,
node,12057533671,El Arriero,6.2533336,-75.5387651,convenience,,,,,,,,,,,,tienda_viveres
node,12064678498,Daniel Cataño,6.2885171,-75.609658,convenience,,,,,,,,Mo-Su 07:00-22:00,,,,tienda_viveres
node,12064691471,Sol fluver,6.2882201,-75.6098253,convenience,,,,,,,,Mo-Su 06:30-22:30,,,,tienda_viveres
node,12064698261,Rutas y verduras el berriondo,6.2885131,-75.6097327,convenience,,,,,,,,Mo-Su 07:00-22:00,,,,tienda_viveres
node,12064863161,Forti Uñas,6.2884537,-75.6098076,beauty,,,,,,,,Mo-Sa 08:00-17:00,,,,belleza_peluqueria
node,12064867369,Open25,6.272122,-75.6086973,beverages,,,,,,Calle 98#67-48,48,24/7,,,,tienda_viveres
node,12064868795,Papelería Thomás,6.2896668,-75.6101672,stationery,,,,,,,,Mo-Fr 10:00-20:00,,,,papeleria
node,12064868796,Autoservicio pajarito,6.2895803,-75.610269,convenience,,,,,,,,Mo-Su 07:30-22:30,,,,tienda_viveres
node,12064872008,Autoservicio,6.2893198,-75.6104223,convenience,,,,,,,,Mo-Su 07:30-21:30,,,,tienda_viveres
node,12064906772,Caselitas,6.2895505,-75.6103651,,,ice_cream,,,,,,Mo-Sa 08:00-17:00,,,,comidas
node,12073413520,Hospital Veterinario Universidad de Antioquia,6.2726619,-75.5873322,,,veterinary,,,,Carrera 75,65-87,Mo-Fr 08:00-17:00; Sa 08:00-16:30,,,https://portal.udea.edu.co/wps/portal/udea/web/inicio/unidades-academicas/ciencias-agrarias/hospital-veterinario,mascotas
node,12073855268,Frutera Doña Luz,6.2961222,-75.6070346,,,fast_food,,,,,,Mo-Su 08:00-19:00,juice,,,comidas
node,12073869008,Quesito en hoja,6.2954702,-75.6088903,,,cafe,,,,,,Mo-Su 08:00-18:00,,,,comidas
node,12073872886,Montallantas Cris,6.2955744,-75.6088001,tyres,,,,,,,,Mo-Sa 08:00-19:00,,,,mecanica_motos
node,12073874493,Fundación hogares Claret,6.2942354,-75.6113699,,,,rehabilitation,,,,,,,,,salud_bienestar
node,12073885153,Tienda,6.2914375,-75.6119955,convenience,,,,,,,,Mo-Sa 08:00-18:00,,,,tienda_viveres
node,12073886954,Portones Andrés Velasquez,6.2954041,-75.6090513,,metal_construction,,,,,,,,,,,construccion
node,12073889920,Impra,6.2891751,-75.6134577,,carpenter,,,,,,,Mo-Fr 08:00-18:00,,,,construccion
node,12073890996,Comida peruana Chimbote,6.2921311,-75.6119073,,,restaurant,,,,,,Mo-Sa 08:00-19:00,,,,comidas
node,12073897825,Montallantas,6.2961626,-75.6076435,tyres,,,,,,,,Mo-Sa 08:00-19:00,,,,mecanica_motos
node,12073901798,Las hamacas,6.2888042,-75.6138088,,,restaurant,,,,,,Mo-Su 08:00-20:00,,,,comidas
node,12073902135,Tienda La mona,6.2927362,-75.611482,convenience,,,,,,,,Mo-Su 08:00-18:00,,,,tienda_viveres
node,12073913011,Panadería Santa mesa,6.292075,-75.611965,bakery,,,,,,,,Mo-Sa 08:00-19:00,,,,panaderia
node,12073915092,Tienda,6.2896237,-75.613209,convenience,,,,,,,,Mo-Su 08:00-20:00,,,,tienda_viveres
node,12073915509,La tienda de Celi,6.2920384,-75.611987,convenience,,,,,,,,Mo-Su 08:00-20:00,,,,tienda_viveres
node,12073915510,Carnes Laura,6.2916244,-75.6120067,butcher,,,,,,,,Mo-Fr 08:00-18:00,,,,tienda_viveres
node,12073915512,J & C,6.2899234,-75.6133139,,,restaurant,,,,,,Mo-Sa 08:00-19:00,,,,comidas
node,12073915539,La variante,6.2884382,-75.6140112,,,restaurant,,,,,,Mo-Su 08:00-20:00,,,,comidas
node,12073920482,Revueltería,6.2918404,-75.6119583,convenience,,,,,,,,Mo-Fr 08:00-17:00,,,,tienda_viveres
node,12073925697,Matàlicas Naranjo,6.2794762,-75.6327715,,metal_construction,,,,,,,,,,,construccion
node,12073932266,Vivero,6.2890295,-75.6136209,herbalist,,,,,,,,Mo-Sa 08:00-18:00,,,,salud_bienestar
node,12073933915,Los monos J&Y,6.2798022,-75.6334163,motorcycle_repair,,,,,,,,Mo-Sa 08:00-18:00,,,,mecanica_motos
node,12073934103,RBD,6.2798039,-75.6333654,motorcycle_repair,,,,,,,,Mo-Sa 08:00-18:00,,,,mecanica_motos
node,12073934104,Malupet,6.2798135,-75.6337113,pet,,,,,,,,Mo-Sa 08:00-18:00,,,,mascotas
node,12073935679,Colosal,6.2815622,-75.6296213,convenience,,,,,,,,Mo-Sa 08:00-18:00,,,,tienda_viveres
node,12073937900,Repuestos para bicicleta,6.2796911,-75.63245,bicycle,,,,,,,,Mo-Sa 08:00-18:00,,,,
node,12073941354,Depósito y ferretería El Carretero,6.2795749,-75.6333137,hardware,,,,,,,,Mo-Sa 08:00-18:00,,,,construccion
node,12073952318,Tienda,6.2794213,-75.6333982,convenience,,,,,,,,Mo-Sa 08:00-22:00,,,,tienda_viveres
node,12073953867,Tienda,6.2795615,-75.633565,convenience,,,,,,,,Mo-Sa 08:00-22:00,,,,tienda_viveres
node,12073953868,Pollos Mario,6.2794466,-75.6333541,,,restaurant,,,,,,Mo-Su 08:00-22:00,,,,comidas
node,12073954908,Vidriera,6.2793639,-75.6327988,,glaziery,,,,,,,,,,,construccion
node,12073954909,Llantería,6.2796509,-75.6324797,tyres,,,,,,,,Mo-Sa 08:00-18:00,,,,mecanica_motos
node,12073964936,Motopartes,6.2794143,-75.6326545,motorcycle,,,,,,,,Mo-Sa 08:00-18:00,,,,mecanica_motos
node,12073967231,Pastelería Lucy #2,6.2794848,-75.6325835,,,cafe,,,,,,Mo-Sa 08:00-18:00,,,,comidas
node,12073968796,Carnes Rancho grande,6.279491,-75.6336727,butcher,,,,,,,,Mo-Sa 08:00-18:00,,,,tienda_viveres
node,12073968797,Cafetería,6.2793945,-75.632696,,,fast_food,,,,,,Mo-Sa 08:00-18:00,,,,comidas
node,12073974127,Rosa Àngel,6.2795598,-75.6333531,beauty,,,,,,,,Mo-Sa 08:00-18:00,,,,belleza_peluqueria
node,12073974128,Barbería,6.2793843,-75.6329309,hairdresser,,,,,,,,Mo-Sa 10:00-21:00,,,,belleza_peluqueria
node,12073974130,Vidrios JE,6.2796042,-75.6325186,,glaziery,,,,,,,,,,,construccion
node,12073974969,Rancho grande,6.2795507,-75.6334607,supermarket,,,,,,,,Mo-Sa 08:00-22:00,,,,tienda_viveres
node,12073977069,Depósito y ferretería Cyma,6.2795572,-75.633399,hardware,,,,,,,,Mo-Sa 08:00-18:00,,,,construccion
node,12073977322,Taller El burro,6.2794537,-75.6326211,motorcycle_repair,,,,,,,,Mo-Sa 08:00-18:00,,,,mecanica_motos
node,12073979494,Respuestos para motos,6.2793638,-75.6327386,motorcycle,,,,,,,,Mo-Sa 08:00-18:00,,,,mecanica_motos
node,12073987137,El Porvenir D&G,6.2798187,-75.6324314,,metal_construction,,,,,,,,,,,construccion
node,12073987138,Taller de motos,6.2798329,-75.6323692,motorcycle_repair,,,,,,,,Mo-Sa 08:00-18:00,,,,mecanica_motos
node,12074187889,Distribuidora La ganga,6.2793968,-75.6336219,convenience,,,,,,,,Mo-Sa 08:00-20:00,,,,tienda_viveres
node,12074187890,Estadero El desparchado,6.2788434,-75.6307182,convenience,,,,,,,,Mo-Sa 08:00-22:00,,,,tienda_viveres
node,12074187891,El pollazo # 1,6.2787495,-75.6306636,,,restaurant,,,,,,Mo-Sa 08:00-22:00,,,,comidas
node,12074190550,Gym al aire libre,6.2807669,-75.6346559,,,,,fitness_centre,,,,"Mo-Su,PH 00:00-12:00",,,,salud_bienestar
node,12074194442,Stidio Alana,6.2785041,-75.6299393,,photographer,,,,,,,Mo-Sa 08:00-18:00,,,,
node,12074215550,Padrock raicing,6.2785011,-75.6302052,motorcycle_repair,,,,,,,,Mo-Sa 08:00-18:00,,,,mecanica_motos
node,12074228848,Helados Tom,6.2785177,-75.6298969,,,ice_cream,,,,,,Mo-Su 08:00-18:00,,,,comidas
node,12074229307,Carpintería Don Darío,6.2793307,-75.6284815,,carpenter,,,,,,,Mo-Sa 08:00-18:00,,,,construccion
node,12074238080,Delicias todo rico,6.2801288,-75.6355594,confectionery,,,,,,,,Mo-Sa 08:00-19:00,,,,panaderia
node,12074239107,Vivero,6.2793005,-75.6310862,garden_centre,,,,,,,,Mo-Sa 08:00-18:00,,,,
node,12074239151,Taller La curva,6.2797511,-75.6310797,car_repair,,,,,,,,Mo-Sa 08:00-18:00,,,,mecanica_motos
node,12074241286,Piscina inder,6.2806259,-75.6358323,swimming_pool,,,,,,,,Mo-Su 08:00-15:00,,,,
node,12074242099,Ricarnes M&A,6.2793874,-75.6336565,butcher,,,,,,,,Mo-Su 08:00-19:00,,,,tienda_viveres
node,12074242113,PJ,6.2785092,-75.630234,hardware,,,,,,,,Mo-Sa 08:00-18:00,,,,construccion
node,12074242114,Taller automotriz,6.2786493,-75.6297486,car_repair,,,,,,,,Mo-Sa 08:00-18:00,,,,mecanica_motos
node,12074248462,Evanistería,6.2793252,-75.6315056,,carpenter,,,,,,,Mo-Sa 08:00-18:00,,,,construccion
node,12074255404,Moom sweat,6.2802466,-75.6355035,,,ice_cream,,,,,,Mo-Sa 10:00-19:00,,,,comidas
node,12074255405,Odontología integral y estética,6.2797395,-75.6344765,,,dentist,dentist,,,,,Mo-Fr 09:00-18:00,,,,salud_bienestar
node,12074255827,Ferretería,6.2796902,-75.6317992,hardware,,,,,,,,Mo-Sa 08:00-18:00,,,,construccion
node,12074263153,Mercados Miller,6.2786001,-75.6302124,convenience,,,,,,,,Mo-Sa 08:00-21:00,,,,tienda_viveres
node,12074264772,Panadería Gran esquina,6.2787911,-75.6305701,bakery,,,,,,,,Mo-Su 08:00-22:00,,,,panaderia
node,12074266834,Montallantas,6.278832,-75.6306107,tyres,,,,,,,,Mo-Su 08:00-18:00,,,,mecanica_motos
node,12074267539,Tapicería M&C,6.2784945,-75.629976,,upholsterer,,,,,,,,,,,
node,12077517630,Mordelón,6.2814624,-75.6068021,convenience,,,,,,,,Mo-Su 08:00-21:00,,,,tienda_viveres
node,12077558234,El Palacio de las fresas,6.2791848,-75.6241642,,,ice_cream,,,,,,Mo-Su 10:00-19:00,,,,comidas
node,12077564713,Minimercado La Ali,6.2818637,-75.6094864,convenience,,,,,,,,Mo-Su 08:00-22:00,,,,tienda_viveres
node,12077564725,Barbería To Blessing,6.2819089,-75.6084535,hairdresser,,,,,barber,,,Mo-Sa 10:00-20:00,,,,barberia
node,12077568315,Taller de motos,6.2817826,-75.6087945,motorcycle_repair,,,,,,,,Mo-Fr 08:00-18:00,,,,mecanica_motos
node,12077577551,Barbería,6.2822377,-75.6058555,hairdresser,,,,,,,,Mo-Sa 10:00-20:00,,,,belleza_peluqueria
node,12077587874,Barbería,6.2815316,-75.6071708,hairdresser,,,,,,,,Mo-Sa 10:00-20:00,,,,belleza_peluqueria
node,12077589723,Barbería Tonos,6.2816936,-75.6091063,hairdresser,,,,,,,,Mo-Sa 08:00-20:00,,,,belleza_peluqueria
node,12077597370,Al Capone,6.2817173,-75.6089547,alcohol,,,,,,,,Mo-Su 10:00-22:00,,,,tienda_viveres
node,12077602479,Real barber,6.2816851,-75.6090534,hairdresser,,,,,,,,Mo-Sa 10:00-20:00,,,,belleza_peluqueria
node,12081470383,Legumbrería Tulipanes,6.2830612,-75.6017254,convenience,,,,,,,,Mo-Sa 08:00-20:00,,,,tienda_viveres
node,12081539341,Surtipanes,6.283067,-75.6018216,bakery,,,,,,,,Mo-Sa 08:00-18:00,,,,panaderia
node,12081803404,La tienda de los Murillo,6.2894426,-75.6123268,convenience,,,,,,,,Mo-Sa 08:00-18:00,,,,tienda_viveres
node,12081807269,Comidas Rápidas El Mello,6.2891946,-75.6129542,,,fast_food,,,,Sin nomenclatura,,Sa-Su 16:00-22:00,,,,comidas
node,12081824102,La tienda de Chilo,6.2926405,-75.6099338,convenience,,,,,,,,,,,,tienda_viveres
node,12081829937,Urban,6.2845586,-75.6078899,bakery,,,,,,,,Mo-Sa 10:00-20:00,,,,panaderia
node,12081836199,Stetic,6.2848601,-75.6079972,clothes,,,,,,,,Mo-Sa 11:30-19:00,,,,ropa_calzado
node,12081838244,Gana torres de la macarena,6.2839802,-75.60731,convenience,,,,,,,,Mo-Sa 08:00-19:00,,,,tienda_viveres
node,12081838245,Efecty,6.2847929,-75.6079341,stationery,,,,,,,,Mo-Sa 08:00-20:00,,,,papeleria
node,12081845569,Coferretero-Venta de artículos de ferretería,6.2887642,-75.612935,hardware,,,,,,,,Mo-Sa 08:00-18:00,,,,construccion
node,12081869064,La Ferreteria Cucaracho,6.2843573,-75.6075538,hardware,,,,,,,,Mo-Su 09:00-19:00,,,,construccion
node,12081869398,Granate,6.2850435,-75.6076447,hairdresser,,,,,,,,Mo-Sa 00:00-19:30,,,,belleza_peluqueria
node,12081876400,Puppy and Pet,6.2850582,-75.6075631,pet,,,,,,,,Mo-Sa 07:30-18:30,,,,mascotas
node,12081879848,Barber shop,6.2850967,-75.6075126,hairdresser,,,,,,,,Mo-Sa 09:00-20:00,,,,belleza_peluqueria
node,12081879849,Mecateadero de Mariana,6.285129,-75.607443,convenience,,,,,,,,Mo-Sa 16:00-19:30,,,,tienda_viveres
node,12081883776,Puertas del sol,6.2851838,-75.6073457,hardware,,,,,,,,Mo-Fr 08:30-19:15,,,,construccion
node,12083866008,Tienda de Carnes San Sebastián,6.2808659,-75.604887,butcher,,,,,,,,Mo-Sa 08:00-18:00,,,,tienda_viveres
node,12083870648,Vital Dent,6.281073,-75.6050513,,,dentist,dentist,,,,,Mo-Fr 08:00-18:00,,,,salud_bienestar
node,12083884701,Droguería La campiña,6.2810593,-75.6046745,chemist,,,,,,,,Mo-Sa 08:00-18:00,,,,salud_bienestar
node,12083887529,Motos Reyes,6.2813323,-75.6066129,motorcycle_repair,,,,,,,,Mo-Sa 08:00-18:00,,,,mecanica_motos
node,12083887541,Broster La campiña,6.2812951,-75.6045786,,,fast_food,,,,,,Mo-Sa 08:00-22:00,chicken,,,comidas
node,12083892361,MC Nails SPA,6.2809048,-75.6050187,beauty,,,,,,,,Mo-Sa 08:00-18:00,,,,belleza_peluqueria
node,12083895279,Papelería & fotos,6.2808566,-75.6049025,stationery,,,,,,,,Mo-Sa 08:00-18:00,,,,papeleria
node,12083898195,Todo lo del peluquero,6.2809833,-75.6048219,hairdresser_supply,,,,,,,,Mo-Sa 08:00-18:00,,,,
node,12083900314,Grupo empresarial Kefrem,6.2810961,-75.6046451,variety_store,,,,,,,,Mo-Sa 08:00-18:00,,,,papeleria
node,12083906398,Bet Play,6.2810332,-75.6048063,bookmaker,,,,,,,,Mo-Sa 08:00-18:00,,,,
node,12083907441,Perfumería Jovaley,6.2820691,-75.6039977,perfumery,,,,,,,,Mo-Sa 08:00-18:00,,,,
node,12083907442,Tortas & Tortas,6.282034,-75.6039542,,confectionery,,,,,,,,,,,panaderia
node,12083907455,Productos de Belleza,6.2826196,-75.6036401,beauty,,,,,,,,Mo-Sa 08:00-18:00,,,,belleza_peluqueria
node,12083907456,Garage Stop,6.2826911,-75.6035126,clothes,,,,,,,,Mo-Sa 08:00-21:00,,,,ropa_calzado
node,12083911508,Mercados la Y,6.2812432,-75.6064303,convenience,,,,,,,,Mo-Sa 08:00-22:00,,,,tienda_viveres
node,12083916989,Nail SPA Consentidas,6.2818949,-75.6040014,beauty,,,,,,,,Mo-Sa 08:00-18:00,,,,belleza_peluqueria
node,12083922214,Sala de Belleza,6.2814746,-75.6045714,beauty,,,,,,,,Mo-Sa 08:00-18:00,,,,belleza_peluqueria
node,12083925122,Postres & tortas,6.2811269,-75.6048005,,confectionery,,,,,,,,,,,panaderia
node,12083925238,Campi asados,6.2808698,-75.6049506,,,restaurant,,,,,,Mo-Sa 08:00-18:00,,,,comidas
node,12083926015,Heladería Wonca,6.2808379,-75.6049087,,,ice_cream,,,,,,Mo-Sa 08:00-20:00,,,,comidas
node,12083926172,Mercado Mayoral,6.2810908,-75.6047678,convenience,,,,,,,,Mo-Sa 08:00-22:00,,,,tienda_viveres
node,12083926177,Variedades Rossy,6.2813998,-75.6044931,variety_store,,,,,,,,Mo-Sa 08:00-18:00,,,,papeleria
node,12083926189,Delicias de la campiña,6.2815084,-75.6044202,bakery,,,,,,,,Mo-Sa 08:00-20:00,,,,panaderia
node,12083926190,Green shop,6.2815628,-75.6043736,variety_store,,,,,,,,Mo-Sa 08:00-18:00,,,,papeleria
node,12083936919,Licores La kanana,6.2818969,-75.6041345,alcohol,,,,,,,,Mo-Sa 08:00-22:00,,,,tienda_viveres
node,12083942918,Compra venta La Campiña,6.2812417,-75.6046566,jewelry,,,,,,,,Mo-Sa 08:00-18:00,,,,ropa_calzado
node,12083942919,Autoservicio La campiña,6.2815846,-75.6043599,convenience,,,,,,,,Mo-Sa 08:00-18:00,,,,tienda_viveres
node,12083947186,Frutas y verduras HM,6.2813777,-75.6045242,greengrocer,,,,,,,,Mo-Sa 08:00-18:00,,,,tienda_viveres
node,12083947248,Asados El paisa,6.2815252,-75.6043271,,,restaurant,,,,,,Mo-Sa 08:00-21:00,,,,comidas
node,12083949260,Tienda,6.2815374,-75.6045588,convenience,,,,,,,,Mo-Sa 08:00-20:00,,,,tienda_viveres
node,12083956456,Remates la campiña,6.281631,-75.6042448,variety_store,,,,,,,,Mo-Sa 08:00-18:00,,,,papeleria
node,12083956515,Llantería,6.2819526,-75.6040938,tyres,,,,,,,,Mo-Su 08:00-18:00,,,,mecanica_motos
node,12083956801,Maxidrogas principal,6.281929,-75.6040284,chemist,,,,,,,,Mo-Sa 08:00-20:00,,,,salud_bienestar
node,12083956838,Barbería,6.2826751,-75.6035281,hairdresser,,,,,,,,Mo-Sa 08:00-21:00,,,,belleza_peluqueria
node,12083956844,Nails SPA Gisela Arcila,6.2807854,-75.6048454,beauty,,,,,,,,Mo-Sa 08:00-18:00,,,,belleza_peluqueria
node,12083957172,Centro estética Doris,6.2818588,-75.6040747,beauty,,,,,,,,Mo-Sa 08:00-18:00,,,,belleza_peluqueria
node,12083959088,Perfumería Safer,6.2818601,-75.6040216,perfumery,,,,,,,,Mo-Sa 08:00-18:00,,,,
node,12083959157,Lizeth Girón,6.2824048,-75.6037315,beauty,,,,,,,,Mo-Sa 08:00-18:00,,,,belleza_peluqueria
node,12083959158,Droguería,6.2825083,-75.6036495,chemist,,,,,,,,Mo-Sa 08:00-21:00,,,,salud_bienestar
node,12083959300,Grano shots,6.2818802,-75.6040556,alcohol,,,,,,,,Fr-Su 02:00-22:00,,,,tienda_viveres
node,12083961827,Value Store,6.2819248,-75.6041001,mobile_phone,,,,,,,,Mo-Sa 08:00-18:00,,,,tecnologia_celulares
node,12083961829,Movi click,6.2819026,-75.6040443,mobile_phone,,,,,,,,Mo-Sa 08:00-18:00,,,,tecnologia_celulares
node,12083961835,Barbería,6.2825312,-75.6036323,hairdresser,,,,,,,,Mo-Sa 08:00-21:00,,,,belleza_peluqueria
node,12083966584,Pizza Family,6.2819734,-75.604083,,,fast_food,,,,,,Mo-Sa 08:00-22:00,pizza,,,comidas
node,12083970674,Video cell,6.2821016,-75.6039705,mobile_phone,,,,,,,,Mo-Sa 08:00-18:00,,,,tecnologia_celulares
node,12083971543,Veterinaria Nuevo occidente,6.2823115,-75.6040061,pet,,,,,,,,Mo-Sa 08:00-19:00,,,,mascotas
node,12083971568,Productos de belleza,6.2814542,-75.604371,beauty,,,,,,,,Mo-Sa 08:00-18:00,,,,belleza_peluqueria
node,12083974566,Barbería,6.2821242,-75.6039579,hairdresser,,,,,,,,Mo-Sa 08:00-20:00,,,,belleza_peluqueria
node,12083974719,Tienda,6.2821522,-75.6039417,convenience,,,,,,,,Mo-Sa 08:00-22:00,,,,tienda_viveres
node,12083974724,Ferretería La Y,6.2825082,-75.6035632,hardware,,,,,,,,Mo-Sa 08:00-18:00,,,,construccion
node,12083974921,Variedades Maximo,6.2817053,-75.6041886,clothes,,,,,,,,Mo-Sa 08:00-18:00,,,,ropa_calzado
node,12083977012,Clínica del computador,6.2817463,-75.6040432,computer,,,,,,,,Mo-Sa 08:00-18:00,,,,tecnologia_celulares
node,12083977651,El coste,6.2816615,-75.6042234,,,fast_food,,,,,,Mo-Sa 10:00-21:00,,,,comidas
node,12083981609,Pizería Emma,6.2825651,-75.6036048,,,fast_food,,,,,,Mo-Sa 08:00-22:00,pizza,,,comidas
node,12083982397,Natur House,6.281779,-75.6041059,nutrition_supplements,,,,,,,,Mo-Sa 08:00-18:00,,,,salud_bienestar
node,12083984028,Campibroster,6.2807594,-75.6048072,,,restaurant,,,,,,Mo-Sa 10:00-22:00,,,,comidas
node,12083984080,EZ Districampo,6.2827199,-75.6034888,nutrition_supplements,,,,,,,,Mo-Sa 08:00-18:00,,,,salud_bienestar
node,12083984180,La Campiña,6.2827435,-75.6034699,,,restaurant,,,,,,Mo-Sa 08:00-22:00,asian,,,comidas
node,12083984181,Heladería Dulce bendición,6.2821981,-75.6038099,,,ice_cream,,,,,,Mo-Sa 10:00-20:00,,,,comidas
node,12083984183,Tienda de Carnes San Sebastián,6.2816779,-75.6042093,butcher,,,,,,,,Mo-Sa 08:00-18:00,,,,tienda_viveres
node,12083984233,Servimascotas,6.2815253,-75.6041653,pet,,,,,,,,Mo-Sa 08:00-18:00,,,,mascotas
node,12083984749,Verdulería,6.2814908,-75.604353,greengrocer,,,,,,,,Mo-Sa 08:00-19:00,,,,tienda_viveres
node,12083984750,Barbería,6.280902,-75.6047807,hairdresser,,,,,,,,Mo-Sa 10:00-20:00,,,,belleza_peluqueria
node,12083989383,Fisioterapia,6.2821685,-75.603764,,,,physiotherapist,,,,,Mo-Sa 08:00-18:00,,,,salud_bienestar
node,12083998825,Barbería JR,6.2815774,-75.6042471,hairdresser,,,,,,,,Mo-Sa 10:00-20:00,,,,belleza_peluqueria
node,12083999859,Ropa de dama,6.2813269,-75.6044705,clothes,,,,,,,,Mo-Sa 08:00-18:00,,,,ropa_calzado
node,12084000228,Papelería Vichy,6.2813066,-75.6044881,stationery,,,,,,,,Mo-Sa 08:00-18:00,,,,papeleria
node,12084000990,Insumos para restaurantes,6.2813549,-75.6044535,nutrition_supplements,,,,,,,,Mo-Sa 08:00-18:00,,,,salud_bienestar
node,12084001008,Estadero,6.2808185,-75.6048432,alcohol,,,,,,,,Mo-Su 08:00-22:00,,,,tienda_viveres
node,12084001195,Agropecuaria,6.2812733,-75.6045067,pet,,,,,,,,Mo-Sa 08:00-18:00,,,,mascotas
node,12084001196,Motos GP La campiña,6.2806786,-75.604665,motorcycle_repair,,,,,,,,Mo-Sa 08:00-18:00,,,,mecanica_motos
node,12084001699,Los arcángeles,6.2815536,-75.6042075,variety_store,,,,,,,,Mo-Sa 08:00-20:00,,,,papeleria
node,12084001728,Variedades Gladys,6.280727,-75.6047549,variety_store,,,,,,,,Mo-Sa 08:00-21:00,,,,papeleria
node,12084001742,Miguitas al horno,6.2805824,-75.6045318,bakery,,,,,,,,Mo-Sa 08:00-18:00,,,,panaderia
node,12084005831,Panadería,6.2812558,-75.6045235,bakery,,,,,,,,Mo-Sa 08:00-18:00,,,,panaderia
node,12084006084,Tienda de ropa,6.2811558,-75.6046023,clothes,,,,,,,,Mo-Sa 08:00-18:00,,,,ropa_calzado
node,12084006085,Domitiendas,6.2809583,-75.6047488,convenience,,,,,,,,Mo-Sa 08:00-18:00,,,,tienda_viveres
node,12084006447,Restaurante El Pibe,6.2805264,-75.6044722,,,restaurant,,,,,,Fr-Su 10:00-21:00,,,,comidas
node,12084009871,Tienda D1,6.2860919,-75.6080299,supermarket,,,,,,,,Mo-Su 07:00-18:00,,,,tienda_viveres
node,12084010943,Nathalia Perez,6.2806532,-75.6046313,beauty,,,,,,,,Mo-Sa 08:00-18:00,,,,belleza_peluqueria
node,12084011454,Tienda,6.2807024,-75.6047162,convenience,,,,,,,,Mo-Sa 08:00-18:00,,,,tienda_viveres
node,12084023288,Carnicería El Toro #1,6.2806118,-75.6045857,butcher,,,,,,,,Mo-Sa 08:00-18:00,,,,tienda_viveres
node,12084024636,Moralitas,6.2805534,-75.6045002,,,fast_food,,,,,,Mo-Sa 10:00-20:00,chicken,,,comidas
node,12084024891,OH Óptica,6.2805264,-75.6044722,optician,,,,,,,,Mo-Sa 08:00-18:00,,,,salud_bienestar
node,12084025871,Tienda El Juancho,6.2805021,-75.6044357,convenience,,,,,,,,Mo-Sa 08:00-22:00,,,,tienda_viveres
node,12084029845,Taller de motos,6.2803636,-75.6041824,motorcycle_repair,,,,,,,,Mo-Sa 08:00-18:00,,,,mecanica_motos
node,12097790320,Drogueria La Rebaja,6.2750995,-75.5951963,,,pharmacy,pharmacy,,,,,,,,,salud_bienestar
node,12101219207,Español,6.255327,-75.5424349,stationery,,,,,,,,,,,,papeleria
node,12101231101,Local pequeño,6.2555936,-75.5411624,pet,,,,,,,65-#18D15,,,,,mascotas
node,12101234102,Español,6.2087464,-75.5264282,fashion_accessories,,,,,,,,,,,,ropa_calzado
node,12101234301,Español,6.2087082,-75.5263038,fashion_accessories,,,,,,,,,,,,ropa_calzado
node,12101235702,MODA,6.2545772,-75.5405034,clothes,,,,,,,,,,,,ropa_calzado
node,12101235703,Restaurante,6.2549595,-75.5403836,,,cafe,,,,,,,,,,comidas
node,12101235802,Ferretería,6.2549001,-75.5412739,wholesale,,,,,,Calle 65,,,,,,
node,12101257001,Barberia Luxury,6.2543201,-75.5401406,hairdresser,,,,,,,,,,,,belleza_peluqueria
node,12101262701,Panadería el Faro,6.25417,-75.5399377,bakery,,,,,,,,,,,,panaderia
node,12101266106,Licores el trapiche,6.254274,-75.5393999,alcohol,,,,,,,,,,,,tienda_viveres
node,12101267201,Tienda de golosinas,6.2540817,-75.5399451,confectionery,,,,,,,,,,,,panaderia
node,12101282601,Kuko,6.2547383,-75.5403245,hairdresser,,,,,,,,,,,,belleza_peluqueria
node,12101284301,Restaurante el faro,6.2547322,-75.5394266,,,restaurant,,,,,,,,,,comidas
node,12101300701,Barbería cesar barber,6.2541818,-75.5393873,hairdresser,,,,,,,,,,,,belleza_peluqueria
node,12101300702,Comida rápida el Faro,6.2541553,-75.5390774,,,fast_food,,,,,,,,,,comidas
node,12101300704,Tienda de golosinas el Faro,6.2537756,-75.5389848,confectionery,,,,,,,,,,,,panaderia
node,12101300705,Billar,6.2537252,-75.5390575,bookmaker,,,,,,,,,,,,
node,12101300802,Droguería Faro Salud,6.2542126,-75.5390327,chemist,,,,,,,,,,,,salud_bienestar
node,12101300901,Almacén de variedades,6.2538033,-75.5388227,wholesale,,,,,,,,,,,,
node,12101312701,Salud,6.254325,-75.5395697,chemist,,,,,,,,,,,,salud_bienestar
node,12101338101,Ventas de cremas caceras,6.2520555,-75.5369376,,,ice_cream,,,,,,,,,,comidas
node,12113149656,Lavato Laundry & Brunch,6.2096297,-75.5659986,laundry,,,,,,Calle 10A,36-11,08:00-17:00,,,https://lavato.com.co,
node,12117258501,Royal Barber Shop,6.2451223,-75.5897072,hairdresser,,,,,,,,,,,,belleza_peluqueria
node,12117264301,Los Classicos,6.245688,-75.5888652,hairdresser,,,,,,Circular 3,,,,,,belleza_peluqueria
node,12119579282,Phuket Complementos,6.245192,-75.5919218,clothes,,,,,,,,,,,,ropa_calzado
node,12136506422,Oroverde Café,6.2442045,-75.6073479,,,cafe,,,,Calle 35# 84 37,,Mo-Su 08:00-19:00,coffee_shop;cafe;dessert,,https://www.instagram.com/oroverde_col/,comidas
node,12153996443,Arcadia Viajes Medellín,6.2071868,-75.5719731,travel_agency,,,,,,Carrera 43A,"One Plaza Bussines Center, Carrera 43 A # 5A - 113, Piso 7 Int 713",Mo-Fr 09:00-17:00,,,https://arcadia-viajes.com/,
node,12160162326,PROtraining gym,6.2422479,-75.5867167,,,,,fitness_centre,,,,,,,,salud_bienestar
node,12167325890,La Tienda del Jardín,6.2695584,-75.5646265,gift,,,,,,,,,,,,papeleria
node,12167325892,Vivero Comercial,6.2691855,-75.5643347,garden_centre,,,,,,,,"Tu-Su,PH 09:00-16:30",,,,
node,12178829287,Dame Ramen,6.245808,-75.5963248,,,restaurant,,,,,,,ramen,,,comidas
node,12185017433,Centro Veterinario Casa Guauu,6.1477073,-75.6190528,,,veterinary,,,,Carrera 45#75b sur 114,edificio santana,Mo-Sa 08:00-19:00,,,,mascotas
node,12200238420,Malelash Intimate,6.0922358,-75.6374246,erotic,,,,,,Calle 129 Sur,51-54,,,,,
node,12200253600,Déjàvú Cafe-Bar,6.0906703,-75.6374895,,,cafe,,,,Carrera 52,76-80,"Mo-Th 16:00-24:00; Fr,Sa 16:00-02:00; Su,PH 16:00-02:00",,,,comidas
node,12200332611,Tobacco Road,6.0899665,-75.6369428,,,cafe,,,,Calle 132 Sur,51-12,"Mo-Th 16:00-24:00; Fr,Sa 16:00-02:00; Su,PH 16:00-24:00",,,,comidas
node,12208959857,El primo,6.2524448,-75.5426763,supermarket,,,,,,,,,,,,tienda_viveres
node,12208973207,Gallinero,6.25125,-75.5414351,,,animal_boarding,,,,,,,,,,mascotas
node,12208992019,Gallinero,6.2518281,-75.5417023,,,animal_boarding,,,,,,,,,,mascotas
node,12209063974,"D' Lujo, casa",6.2499681,-75.5401235,beauty,,,,,,,,,,,,belleza_peluqueria
node,12209079249,Criadero de gallinas,6.2494223,-75.5393527,,,animal_boarding,,,,,,,,,,mascotas
node,12209087813,Vestidos de la verdad,6.2496868,-75.5394075,clothes,,,,,,,,,,,,ropa_calzado
node,12209116143,Criadero gallinas,6.251295,-75.5404413,,,animal_boarding,,,,,,,,,,mascotas
node,12209143457,Casa con servicio de fotocopias e impresiones,6.250729,-75.5401389,copyshop,,,,,,,,,,,,papeleria
node,12209148507,Venta de obleas,6.2512429,-75.5404397,confectionery,,,,,,,,,,,,panaderia
node,12209279460,Venta de gelatinas,6.2511745,-75.5389613,confectionery,,,,,,,,,,,,panaderia
node,12209286779,Oro Rosa Lashes,6.2509096,-75.5395015,beauty,,,,,,,,,,,,belleza_peluqueria
node,12209292464,Y billares,6.2511845,-75.5392331,convenience,,,,,,,,,,,,tienda_viveres
node,12209306648,Venta de cremas y artículos de revista,6.251274,-75.5386673,confectionery,,,,,,,,,,,,panaderia
node,12239554487,El gran punto,6.1679794,-75.6035311,supermarket,,,,,,,,,,,,tienda_viveres
node,12239554488,La economia,6.1680563,-75.6036066,supermarket,,,,,,,,,,,,tienda_viveres
node,12239554492,¿computador lento?,6.1665985,-75.6035972,,electronics_repair,,,,,,,,,,,tecnologia_celulares
node,12239554493,Juliana,6.1669531,-75.6035198,yes,,,,,,,,,,,,
node,12239554494,Lupita,6.1659831,-75.6037331,,,ice_cream,,,,,,,,,,comidas
node,12248567601,Moniketo,6.1768487,-75.5862819,,,restaurant,,,,Calle 31 Sur,44a 16,,,,,comidas
node,12319758401,Tostao,6.1958908,-75.5736312,,,cafe,,,,,,Mo-Su 08:00-18:00,,,,comidas
node,12328811218,La Terraza del Estadio,6.2575012,-75.5856597,,,restaurant,,,,,,,,,,comidas
node,12328816459,D1,6.2576365,-75.5853627,supermarket,,,,,,,,,,,,tienda_viveres
node,12329583800,Tienda MAMM,6.2237943,-75.5736732,art,,,,,,,,"Mo 11:00-17:00; Tu-Fr 11:00-19:00; Sa,Su,PH 11:00-18:00",,,,papeleria
node,12330881601,El Mirador de la Vecinidad,6.2481074,-75.6226785,,,restaurant,,,,Carrera 111,#34 cc 89,Mo-Su 10:00-20:00,,,,comidas
node,12330939701,Kaldi Kaffe,6.2687752,-75.5661071,,,cafe,,,,,71-117,Mo-Fr 08:30-19:00; Sa 09:00-19:00; Su 10:00-19:00,,,,comidas
node,12330951501,Café Terrario,6.241732,-75.5928874,,,cafe,,,,Circular 72,#39a-12,Mo-Su 09:00-20:00,,,,comidas
node,12330965101,Los Chamos,6.2472271,-75.5894467,,,restaurant,,,,Circular 5,#7030,Mo-Th 08:00-22:30; Fr-Su 08:00-23:30,,,,comidas
node,12330989101,Master Club 70,6.2500115,-75.5888055,,,restaurant,,,,Calle 44A,,Mo-Sa 08:00-00:00; Su 11:00-22:00,,,,comidas
node,12331142177,Pollo Express,6.251506,-75.5689836,,,restaurant,,,,,,,,,,comidas
node,12335050661,World Lens,6.2558043,-75.5823761,optician,,,,,,,,,,,,salud_bienestar
node,12335071369,Maderos,6.2564084,-75.5833674,,,restaurant,,,,,,,,,,comidas
node,12335078433,Los Mejores 2,6.2570551,-75.5847179,bakery,,,,,,,,,,,,panaderia
node,12335078656,La casa del pastel,6.2557464,-75.5824071,pastry,,,,,,,,,,,,panaderia
node,12335083633,Pan y Café,6.2566025,-75.5837457,,,restaurant,,,,,,,,,,comidas
node,12335089797,Master Health,6.2556947,-75.5824294,chemist,,,,,,,,,,,,salud_bienestar
node,12337974701,Alhambra Centro Comercial,6.2468242,-75.5710856,mall,,,,,,Carrera 52,45-78,Mo-Sa 09:00-18:00,,,,
node,12337982901,Centro Comercial Los Pioneros,6.2470024,-75.5705467,mall,,,,,,Carrera 51,45-75,Mo-Sa 08:30-19:00,,,,
node,12365790155,Restaurante La Yoli,6.1627611,-75.5826306,,,restaurant,,,,,,,colombian,,,comidas
node,12365795218,Estilo Bike,6.1628727,-75.5825311,bicycle,,,,,,,,,,,www.estilobike.com,
node,12365810638,Peluquería,6.1649472,-75.589925,hairdresser,,,,,,,,,,,,belleza_peluqueria
node,12366052015,Mao's VIP Barberia,6.1659169,-75.5880265,hairdresser,,,,,barber,,,,,,,barberia
node,12376055401,Candilejas,6.2444799,-75.575809,,,restaurant,,,,Plaza Mayor,55-80,Mo-Fr 07:00-20:00; Sa 07:00-16:00,,,,comidas
node,12376059201,Mercado de la Playa,6.2472635,-75.5602202,,,food_court,,,,,,,,,,comidas
node,12376144601,El Altar Taquería Manila,6.213234,-75.5729198,,,restaurant,,,,Carrera 43E,11-50,Mo-Su 12:00-00:00,,,https://www.instagram.com/elaltar_/,comidas
node,12376158101,Ganso & Castor,6.2136732,-75.5727683,,,restaurant,,,,Carrera 43E,11A-30,Mo-Th 07:00-19:00; Fr-Sa 07:00-22:00; Su 07:00-17:00,,,https://www.gansoycastor.com/,comidas
node,12376165001,Criminal Taquería,6.2138922,-75.572668,,,restaurant,,,,Carrera 43E,11A-46,Su-Th 12:00-22:00; Fr-Sa 12:00-23:00,mexican,,https://linktr.ee/Criminaltaqueria,comidas
node,12376170701,Las Delicias De La Flaca,6.2138201,-75.5720959,,,restaurant,,,,Calle 12,43D-50,Mo-Sa 18:00-23:00,,,https://www.instagram.com/lasdeliciasdelaflaca/?igshid=Mzc0YWU1OWY%3D,comidas
node,12389361456,Dra Diamond - Medicina Estética y Tricologia,6.1529237,-75.5377568,,,clinic,clinic,,,"Km 15+990 Mall Le Mont Comercio, Consultorio 0335",Via Las Palmas,Mo-Sa 08:00-17:00,,,https://www.instagram.com/dra_diamond,salud_bienestar
node,12408619401,Cafe cliche,6.2477977,-75.5967846,,,restaurant,,,,,,,burger;coffee_shop;french,,,comidas
node,12409497641,DS,6.2163414,-75.5840343,car_repair,,,,,,,,,,,,mecanica_motos
node,12409503858,Mazzarello,6.2159686,-75.5840527,bakery,,,,,,,,,,,,panaderia
node,12409518709,Sabor food,6.2151582,-75.5844774,bakery,,,,,,,,,,,,panaderia
node,12412660501,Adrenaline Addict - Motorbike rental,6.2094888,-75.5723985,travel_agency,,,,,,,,,,,https://www.adrenalineaddicts.co,
node,12417403601,Café Frutal,6.2478559,-75.5597897,,,cafe,,,,Calle 52,29,,,,,comidas
node,12475644778,Bistró-Café Restrepia,6.1721435,-75.5910615,,,cafe,,,,,,"Mo-Su,PH 09:00-21:00",,,,comidas
node,12476621098,D1 Los Naranjos,6.1681679,-75.5827424,supermarket,,,,,,,,,,,,tienda_viveres
node,12476621099,La Gloria de Gloria,6.1676954,-75.5827933,,,restaurant,,,,,,,,,,comidas
node,12476976018,Panadería Tartinorium Café Francés,6.1674534,-75.5823677,,,cafe,,,,,,,,,,comidas
node,12483455875,Tienda D1,6.1613649,-75.6423686,supermarket,,,,,,,,"Mo-Su,PH 07:00-21:00",,,,tienda_viveres
node,12483455876,Tienda Ara,6.1613153,-75.6423777,supermarket,,,,,,,,"Mo-Su,PH 07:00-21:00",,,,tienda_viveres
node,12520308092,Country Pet Sede Poblado,6.2157187,-75.5661972,,,veterinary,,,,calle 10,32 32,,,,,mascotas
node,12520338401,Country Pet Poblado,6.2088572,-75.5623474,,,veterinary,,,,Calle 10,32 32,,,,,mascotas
node,12521251324,Minimercado Villa Lia,6.1747807,-75.6298334,food,,,,,,Calle 39 #65D,10,,,,,tienda_viveres
node,12532788817,Taller de Joyeria Leidy Galvis,6.2459904,-75.5705183,jewelry,,,,,,,,Mo-Su 09:00-19:00,,,https://www.leidygalvis.com,ropa_calzado
node,12547906601,LF Burger - Sede Manila,6.2141901,-75.5731149,,,restaurant,,,,,,,,,,comidas
node,12548062116,Opio Studio Tattoo,6.1771244,-75.5854652,tattoo,,,,,,Calle 30 Sur,43A-51,Mo-Sa 10:30-19:00,,,https://www.opiostudiotattoo.com/,
node,12551990204,Gardenia Brunch & Coffee,6.2530478,-75.5890058,,,cafe,,,,,,,,,,comidas
node,12570554502,Gimnasio Universidad de Medellín,6.230726,-75.6105242,,,,,fitness_centre,,,,Mo-Fr 06:00-18:00; Sa 08:00-03:00,,,,salud_bienestar
node,12571350901,Kiosko UdeM,6.2317296,-75.6117315,kiosk,,,,,,,,,,,,tienda_viveres
node,12572749335,Zona de comidas - Facultad de ingenierías,6.230213,-75.6117797,,,food_court,,,,,,,,,,comidas
node,12572797163,Donde Guaca,6.2111622,-75.6049396,,,fast_food,,,,,,,burger;hot_dog;chorizos,,,comidas
node,12588071626,Papelería: Copy Trazos,6.230271,-75.6120132,copyshop,,,,,,,,,,,,papeleria
node,12614207581,Sofía La Arepería,6.1581504,-75.6430059,,,fast_food,,,,,,"Mo-Su,PH 06:00-21:30",,,,comidas
node,12615730321,Panadería Ambrosía,6.159213,-75.6427336,bakery,,,,,,,,"Mo-Sa 06:00-20:40; Su,PH 06:00-18:40",,,,panaderia
node,12619073496,Taller del Sur,6.1548798,-75.6163844,car_repair,,,,,,Carrera 48A,67,Mo-Fr 08:00-18:00; Sa 08:00-13:00,,,https://tallerdelsur.com/,mecanica_motos
node,12619282339,Farmacia Santo Remedio,6.1556078,-75.6414954,chemist,,,,,,,,,,,,salud_bienestar
node,12619284871,San Martino Pizzas y Pastas,6.1597228,-75.6424923,,,restaurant,,,,,,,italian,,,comidas
node,12620379965,Bodytech,6.2301692,-75.5706437,,,,,fitness_centre,,,,,,,,salud_bienestar
node,12620389981,Bodytech City plaza,6.1637701,-75.5738726,,,,,fitness_centre,,,,,,,,salud_bienestar
node,12620397333,Bodytech las vegas,6.1903418,-75.5795267,,,,,fitness_centre,,,,,,,,salud_bienestar
node,12620404147,Asados Bartolos,6.1703848,-75.587695,,,restaurant,,,,,,,,,,comidas
node,12620412353,Alexander repuestos,6.1739753,-75.5919752,,electronics_repair,,,,,,,,,,,tecnologia_celulares
node,12620416442,Boom supermercado,6.1879616,-75.5887739,supermarket,,,,,,,,,,,,tienda_viveres
node,12634815095,Cafetto,6.2327154,-75.610752,,,cafe,,,,,,,,,,comidas
node,12634815097,Sello Editorial UdeMedellín,6.2318562,-75.6116201,books,,,,,,,,,,,,papeleria
node,12638565268,Lubricam,6.1529754,-75.6151476,car_repair,,,,,,,,Mo-Fr 08:00-18:00; Sa 08:00-15:00,,,,mecanica_motos
node,12641244301,SmartFit,6.1871639,-75.5826502,,,,,fitness_centre,,,,,,,,salud_bienestar
node,12641891601,Farmatodo,6.1907903,-75.580019,,,pharmacy,,,,,,,,,,salud_bienestar
node,12644542902,Tulsi,6.1680464,-75.587639,,,restaurant,,,,,,,,,,comidas
node,12644549601,Joyería BJ,6.1703064,-75.5855135,jewelry,,,,,,,,,,,,ropa_calzado
node,12648599902,Panadería La Pastora,6.1931885,-75.5814675,bakery,,,,,,,,,,,,panaderia
node,12648600002,mimo’s,6.1929617,-75.5813609,,,fast_food,,,,,,,breakfast,,,comidas
node,12650906001,Santa Leña,6.1908766,-75.5809625,,,cafe,,,,,,,,,,comidas
node,12654116050,Wakeup Rehabilitación Funcional,6.242208,-75.5960194,,,,physiotherapist,,,,,Mo-Sa 07:00-19:00+,,,,salud_bienestar
node,12666577001,El Bohemio de Clausura,6.2458522,-75.5645008,,,cafe,,,,Carrera 44,48-18,,,,,comidas
node,12668806801,Ara,6.1854214,-75.5836126,supermarket,,,,,,,,,,,,tienda_viveres
node,12673151047,Granero la 32,6.3200876,-75.5604806,convenience,,,,,,,,"Mo-Su,PH 08:00-12:00+",,,,tienda_viveres
node,12673164048,Panadería Alfa,6.320083,-75.5603982,,,cafe,,,,,,"Mo-Su,PH 06:00-22:00",,,,comidas
node,12674411827,Rincón Argentino,6.1500076,-75.6174402,,,restaurant,,,,,,,,,,comidas
node,12674434786,Stop Jeans Sabaneta,6.1500489,-75.6173805,clothes,,,,,,,,,,,,ropa_calzado
node,12674442300,Panem,6.1500682,-75.6171536,bakery,,,,,,,,,,,,panaderia
node,12674453701,Fruthela Tropijugo,6.1499861,-75.6174934,,,ice_cream,,,,,,,,,,comidas
node,12681239370,Empakraft,6.2524472,-75.6080292,yes,,,,,,,,,,,,
node,12684722566,Herrajes y Diseño,6.241465,-75.5832534,,metal_construction,,,,,Carrera 65,86,,,,https://www.herrajesydiseno.com,construccion
node,12684856369,Templo Aceros,6.2501422,-75.5953148,,metal_construction,,,,,,,,,,,construccion
node,12688532259,Centro Veterinario Motas,6.1782563,-75.5965178,,,veterinary,,,,,,,,,,mascotas
node,12688803715,Roll Up,6.1777382,-75.5863615,,,restaurant,,,,,,,,,,comidas
node,12697202164,Carnicería La Favorita,6.1588763,-75.6432731,butcher,,,,,,,,"Mo-Sa 06:30-19:30; Su,PH 06:30-14:30",,,,tienda_viveres
node,12699218982,La Migueria,6.1762496,-75.5917213,,,cafe,,,,,,,,,,comidas
node,12700552045,Cristi,6.1597029,-75.6430881,shoes,,,,,,,,,,,,ropa_calzado
node,12700608668,La Camelia,6.1581171,-75.6435269,bakery,,,,,,,,,,,,panaderia
node,12700609302,Mi Pollo Campesino,6.1593357,-75.6432306,butcher,,,,,,,,,,,,tienda_viveres
node,12700609303,Martina's,6.1599483,-75.6434475,,,cafe,,,,,,,,,,comidas
node,12706124412,D1,6.2021675,-75.5566509,supermarket,,,,,,,,,,,,tienda_viveres
node,12709862703,Tienda de Don Joel,6.2692066,-75.6135735,convenience,,,,,,Calle 49,99ee - 217,,,,,tienda_viveres
node,12709905401,Ferreteria La Divisa,6.2682154,-75.6138406,,carpenter,,,,,Carrera 99EE,49a 36,,,,,construccion
node,12714501914,Imagen y Figura,6.256818,-75.616032,hairdresser,,,,,,,,,,,,belleza_peluqueria
node,12724173836,El Abuelo,6.1223526,-75.6343883,,,ice_cream,,,,,,,,,,comidas
node,12724203284,Ferraw,6.1227538,-75.6344214,,metal_construction,,,,,,,,,,,construccion
node,12724250799,Suratrac,6.1555048,-75.6241523,car_repair,,,,,,,,,,,,mecanica_motos
node,12724562501,Oakberry Açai,6.199661,-75.5751873,,,cafe,,,,,,,,,,comidas
node,12745816501,Oxxo,6.2589254,-75.5972405,convenience,,,,,,,,24/7,,,,tienda_viveres
node,12745844401,El castillo,6.2600354,-75.5972669,,,,,fitness_centre,,,,,,,,salud_bienestar
node,12752611206,Las Tres,6.240985,-75.5984318,pastry,,,,,,,,,,,,panaderia
node,12755474159,Mikaela Oviedo,6.1998108,-75.5754646,,,restaurant,,,,,,Mo-Sa 08:00-21:00,cafe;pastry,,,comidas
node,12755474160,Mikaela Punto Planta,6.1989846,-75.5865369,,,restaurant,,,,,,Mo-Fr 08:00-16:00,cafe;pastry,,,comidas
node,12755474161,Mikaela Salud Sura Industriales,6.2290546,-75.5741165,,,restaurant,,,,,,Mo-Fr 06:00-19:30,cafe;pastry,,,comidas
node,12755495423,Mikaela San Lucas,6.1805012,-75.5680667,,,restaurant,,,,,,Mo-Sa 08:00-19:00,cafe;pastry,,,comidas
node,12755505947,Mikaela Piazza Bella,6.2034543,-75.561423,,,restaurant,,,,,,Mo-Sa 07:00-21:00,cafe;pastry,,,comidas
node,12762123897,Ginger Cocina,6.2424718,-75.5999069,,,restaurant,,,,Calle 35,79-19,,,,,comidas
node,12762133281,Prana Cocina Al Natural,6.1764701,-75.584501,,,restaurant,,,,,,,,,,comidas
node,12770468001,Laundry 24/7,6.2143965,-75.5719658,laundry,,,,,,,,,,,https://laundry-247.com/,
node,12770469901,Exotic,6.214282,-75.571957,,,restaurant,,,,,,,,,,comidas
node,12798099701,La carpita roja,6.1965651,-75.5792742,,,cafe,,,,,,,,,,comidas
node,12804993601,Carulla,6.1844985,-75.579502,supermarket,,,,,,,,,,,,tienda_viveres
node,12807084703,DelArte,6.2097485,-75.5665163,,,cafe,,,,,,,,,,comidas
node,12815626568,Caffiel,6.2131381,-75.5718013,,,cafe,,,,,,,,,,comidas
node,12821092842,Bodega de almacenamiento,6.2677833,-75.5701138,wholesale,,,,,,,,,,,,
node,12821092844,Domo Barrientos,6.2660658,-75.5691245,,,fast_food,,,,,,,,,https://www.domosudea.com,comidas
node,12821345601,Los Jugos de Naty,6.2123557,-75.6183382,,,cafe,,,,,,,,,,comidas
node,12847395978,Farma Plus Droguería,6.267225,-75.6134209,,,pharmacy,,,,,,,,,,salud_bienestar
node,12861639301,El Palacio,6.2479577,-75.5701057,shoes,,,,,,,,,,,,ropa_calzado
node,12865159102,PanChocha,6.2269602,-75.4907488,bakery,,,,,,,,,,,,panaderia
node,12865406501,El Poney Pisador,6.2241118,-75.4907192,,,restaurant,,,,Calle 19,#47 Este 176,We-Th 16:00-23:30; Fr-Sa 11:00-23:30; Su 11:00-21:00,burger;coffee_shop;international;pizza;regional,,https://www.instagram.com/el_poney_pisador/,comidas
node,12865459002,Las Chachas - Arepas de chocolo,6.2111519,-75.5717527,,,fast_food,,,,,,,,,,comidas
node,12873498784,Típica,6.1990562,-75.5727585,,,cafe,,,,Calle 5 Sur,42 – 17,,coffee_shop,,https://cafetipica.com/,comidas
node,12873859300,Farmatodo,6.1972549,-75.5656186,,,pharmacy,pharmacy,,,Carrera 32,2 Sur 85,,,,,salud_bienestar
node,12874102192,Natto,6.2000533,-75.5721288,,,restaurant,,,,,,,,,https://natto.com.co/,comidas
node,12875301743,Dollarcity,6.2387223,-75.5719978,variety_store,,,,,,,,,,,,papeleria
node,12875301746,AKT La 33,6.2382472,-75.5721782,motorcycle,,,,,,Calle 37,52 24,,,,,mecanica_motos
node,12875301747,Leonisa,6.2381162,-75.5719372,clothes,,,,,,,,,,,,ropa_calzado
node,12875301748,Motored Hero Medellin La 33,6.2380704,-75.5717644,motorcycle,,,,,,,,,,,,mecanica_motos
node,12875301749,Leonisa Outlet,6.2385332,-75.5720815,clothes,,,,,,,,,,,,ropa_calzado
node,12875618478,E.S.E Hospital La María,6.2379517,-75.5714719,,,hospital,hospital,,,,,,,,,salud_bienestar
node,12875618479,CMG Automotriz,6.2382105,-75.57137,car_repair,,,,,,,,,,,,mecanica_motos
node,12875618480,Duvautos Servicio Automotriz,6.2384537,-75.5712962,car_repair,,,,,,,,,,,,mecanica_motos
node,12875686601,Restaurante Auténtico,6.2135543,-75.5716915,,,restaurant,,,,,,,,,,comidas
node,12876218801,D1,6.0793611,-75.6348623,supermarket,,,,,,Carrera 50,145 Sur-65,,,,,tienda_viveres
node,12876403902,Bike House,6.232818,-75.5702061,bicycle,,,,,,,,,,,,
node,12877115196,BoConcept,6.2011102,-75.5728231,furniture,,,,,,,,,,,,
node,12877249878,Ktronix,6.201214,-75.5720675,electronics,,,,,,,,,,,,tecnologia_celulares
node,12877301400,Gafas y Gafas,6.2031889,-75.5715859,optician,,,,,,,,,,,,salud_bienestar
node,12877306203,Colsubsidio Droguería,6.2031,-75.5716182,,,pharmacy,pharmacy,,,,,,,,,salud_bienestar
node,12877306204,Pelikano,6.2027888,-75.5717198,interior_decoration,,,,,,,,,,,,
node,12879235708,Restaurante Bar Rumba y Carbón,6.1583364,-75.6428197,,,restaurant,,,,,,,,,,comidas
node,12879290198,D1,6.1621097,-75.635977,supermarket,,,,,,,,,,,,tienda_viveres
node,12879290199,Éxito,6.1569575,-75.6268839,department_store,,,,,,,,,,,,
node,12879290200,Frisby,6.1569127,-75.6268021,,,fast_food,,,,,,,chicken,,,comidas
node,12879302452,Naan,6.1530479,-75.5383309,,,restaurant,,,,,,,indian,,,comidas
node,12879302453,Chef Burguer,6.1530927,-75.5382338,,,fast_food,,,,,,,,,,comidas
node,12879302454,Crepes & Waffles,6.1531588,-75.5381168,,,restaurant,,,,,,,crepe;ice_cream,,,comidas
node,12879478649,Carulla,6.2159808,-75.5558697,supermarket,,,,,,,,,,,,tienda_viveres
node,12899732987,Barbería,6.2709438,-75.6303269,hairdresser,,,,,,,,Tu-Sa 11:00-20:00; Su 11:00-20:00,,,,belleza_peluqueria
node,12908485601,Un Punto Fijo - Pan Masa Madre y Café,6.2399387,-75.5966261,,,cafe,,,,Carrera 76,33A-36,,,,,comidas
node,12919574556,Farmacias Pasteur - Montevento,6.1572821,-75.5780914,,,pharmacy,,,,Calle 38BSur,,,,,https://www.farmaciaspasteur.com.co/,salud_bienestar
node,12952852875,Panadería La Manuela,6.166308,-75.6128917,bakery,,,,,,,,,,,,panaderia
node,12952852877,Panadería Da'Gusto,6.1660973,-75.613427,bakery,,,,,,,,,,,,panaderia
node,12984627959,Santa Brasa,6.2409463,-75.6024806,,,restaurant,,,,Calle 34,80C-06,,steak_house,,,comidas
node,12992623602,la Y Altos de Oriente 2,6.2984583,-75.5206068,confectionery,,,,,,,,,,,,panaderia
node,12993126302,Mercado Valentina,6.2994668,-75.533986,convenience,,,,,,,,,,,,tienda_viveres
node,12993126303,Restaurante Manantiales,6.3008189,-75.535495,,,restaurant,,,,,,,,,,comidas
node,12993133401,Girasol de Manantial,6.3000014,-75.5344277,,,pharmacy,pharmacy,,,,,,,,,salud_bienestar
node,13055494396,Merk-y,6.2310373,-75.5367637,supermarket,,,,,,,,Mo-Su 09:00-21:00,,,,tienda_viveres
node,13057171301,Siddhartha Musical,6.2512134,-75.5659088,musical_instrument,,,,,,Carrera 49,52-141,Mo-Fr 09:30-18:30; Sa 09:00-17:00,,,https://www.siddharthamusical.com/,
node,13058547101,Rica Michelada,6.2708697,-75.6303102,,,restaurant,,,,,,,,,,comidas
node,13064868283,Oncoplástica,6.1601894,-75.6044529,,,doctors,doctor,,,"Carrera 48, # 50 Sur - 128, Consultorios 1110-1112 Plaza medica Centro Comercial Mayorca Etapa 2",,Mo-Fr 08:00-17:00,,,https://oncoplastica.co/,salud_bienestar
node,13065746302,Centro comercial pulgarcito,6.1880786,-75.5966416,clothes,,,,,,Carrera 52D,77-26,Mo-Sa 09:00-19:00; Su 10:00-15:00,,,,ropa_calzado
node,13087991343,Salsamentaria T.R,6.2117609,-75.6040925,convenience,,,,,,Calle 2B,80A-10,,,,,tienda_viveres
node,13087991358,La Cosecha,6.2118077,-75.6034966,convenience,,,,,,Carrera 80,02-61,Mo-Su 06:00-21:00,,,,tienda_viveres
node,13087991360,Samy Distri Pets,6.2119516,-75.6038193,pet,,,,,,Calle 2B,80-24,,,,,mascotas
node,13087991365,Fruver y Supermercado La Cosecha,6.2121202,-75.6036166,convenience,,,,,,,,,,,,tienda_viveres
node,13087991367,Las Mejores Alas Son de Patata,6.2118615,-75.6039056,,,fast_food,,,,,,,,,,comidas
node,13087991374,Frutas y Verduras La Cosecha,6.2120361,-75.6036706,greengrocer,,,,,,,,,,,,tienda_viveres
node,13092935838,Tostao',6.217405,-75.5988191,,,cafe,,,,,,,coffee_shop,,,comidas
node,13092935839,Mi Buñuelo,6.2169957,-75.5985914,,,fast_food,,,,,,,buñuelo,,,comidas
node,13092935841,Domino's Pizza,6.2167562,-75.5983299,,,fast_food,,,,,,,pizza,,,comidas
node,13092935842,La Rebaja,6.2171439,-75.5986696,,,pharmacy,pharmacy,,,,,,,,,salud_bienestar
node,13092935843,Echavarría,6.2171976,-75.5986935,,,,laboratory,,,,,,,,,salud_bienestar
node,13092935844,Atelier,6.2172634,-75.5987334,beauty,,,,,,,,,,,,belleza_peluqueria
node,13092935845,Pizza Hut,6.2169331,-75.5985538,,,fast_food,,,,,,,pizza,,,comidas
node,13092935846,Frisby,6.216751,-75.598382,,,fast_food,,,,,,,chicken,,,comidas
node,13092935847,Dientes Sanos,6.2170647,-75.5986261,,,dentist,dentist,,,,,,,,,salud_bienestar
node,13092935848,Lluvia Verde,6.2166243,-75.5981979,garden_centre,,,,,,,,,,,,
node,13092935849,Optisam,6.2173294,-75.5987817,optician,,,,,,,,,,,,salud_bienestar
node,13097392510,Clínica Oftalmológica de Medellín,6.2060078,-75.5600676,,,clinic,clinic,,,Carrera 30,7A-300,,,,https://clinicaoftalmologicamedellin.com,salud_bienestar
node,13099168651,Panadería del Pandebono,6.2397133,-75.5969463,bakery,,,,,,,,,,,,panaderia
node,13099168655,Farmatodo,6.2397451,-75.5965972,,,pharmacy,pharmacy,,,,,24/7,,,,salud_bienestar
node,13100717052,Kokoriko,6.2399706,-75.5969795,,,fast_food,,,,,,,chicken,,,comidas
node,13100717053,Pergamino,6.2413657,-75.5962691,,,cafe,,,,Circular 73,34-65,Mo-Sa 07:30-20:00; Su 08:30-19:00,coffee_shop,,https://pergamino.co,comidas
node,13101085234,Cruz Verde,6.2237741,-75.5725979,,,pharmacy,pharmacy,,,,,,,,,salud_bienestar
node,13101104711,D1,6.2235846,-75.5724642,supermarket,,,,,,,,,,,,tienda_viveres
node,13101105884,Caribe Motor,6.2215828,-75.5696233,car,,,,,,,,,,,,mecanica_motos
node,13101125473,Block Centro Empresarial,6.2207413,-75.5697339,mall,,,,,,Carrera 43A,19-17,,,,,
node,13110527438,Oakberry Açaí bowls,6.2448954,-75.5960034,,,fast_food,,,,,,,açaí,,,comidas
node,13110527439,Café en Calma,6.2486037,-75.5912052,,,cafe,,,,,,Mo-Sa 07:00-17:30; Su 08:00-13:00,sandwich,,https://cafecalma.co/,comidas
node,13110527440,HD Optometría Especializada,6.2486101,-75.5912482,,,,optometrist,,,,,,,,,salud_bienestar
node,13110527441,Minimercado Lá Bodeguita,6.247513,-75.5925881,convenience,,,,,,,,,,,,tienda_viveres
node,13110527442,Xperience Centro de Belleza,6.247415,-75.5958725,beauty,,,,,,,,,,,,belleza_peluqueria
node,13110527444,Eme Café,6.2519491,-75.5882403,,,cafe,,,,,,,,,,comidas
node,13110527445,Oxxo,6.2524551,-75.5878975,convenience,,,,,,,,24/7,,,,tienda_viveres
node,13110527446,Restaurante Dragón de Oro,6.2530523,-75.5882069,,,restaurant,,,,,,,chinese,,,comidas
node,13110707069,Chum Burger,6.2402614,-75.596675,,,fast_food,,,,,,,burger,,,comidas
node,13111248925,Mundo Verde,6.246544,-75.5963048,,,restaurant,,,,,,,pasta;salad,,,comidas
node,13111248926,Mekong,6.2462687,-75.5965472,,,restaurant,,,,,,,thai,,,comidas
node,13111248927,Game Over Resto Bar,6.2463357,-75.5966105,,,restaurant,,,,,,,,,,comidas
node,13111248928,Bella Nonna,6.2463724,-75.59664,,,restaurant,,,,,,,italian,,,comidas
node,13111248930,Kónico,6.2462989,-75.5965736,,,fast_food,,,,,,,,,,comidas
node,13111248931,Guilli Arepas,6.2472885,-75.5961597,,,fast_food,,,,,,,arepa,,,comidas
node,13111298386,Oxxo,6.2488768,-75.5633722,convenience,,,,,,,,24/7,,,,tienda_viveres
node,13112454892,Víctor Ocampo,6.2444405,-75.5944626,hairdresser,,,,,,,,,,,,belleza_peluqueria
node,13112454893,Tostao',6.2446096,-75.5942994,,,cafe,,,,,,,coffee_shop,,,comidas
node,13112454894,Cafam,6.2448218,-75.5946277,,,pharmacy,pharmacy,,,,,,,,,salud_bienestar
node,13112454895,Neurovida,6.2448489,-75.5940696,,,clinic,clinic,,,,,,,,,salud_bienestar
node,13112454896,Diana Espinosa Centro Acuático y de Estimulación,6.2447583,-75.594179,,,,,fitness_centre,,,,,,,,salud_bienestar
node,13112577460,123WOK,6.2453411,-75.5973756,,,restaurant,,,,,,,asian,,https://www.123wok.com.co,comidas
node,13112577461,Botswana Café Brunch,6.2454504,-75.5973122,,,cafe,,,,,,,,,,comidas
node,13112577463,El Correo Carne y Vino,6.2465902,-75.5962412,,,restaurant,,,,,,,steak_house,,,comidas
node,13112858787,KFC,6.2464436,-75.5932313,,,fast_food,,,,,,,chicken,,,comidas
node,13112998067,Pizzarino,6.2220746,-75.5734001,,,restaurant,,,,,,,pizza,,,comidas
node,13113013017,Pleasure Lab,6.2454268,-75.5935435,erotic,,,,,,,,,,,,
node,13113013018,Medellín Masage & Nails,6.2448911,-75.5940054,beauty,,,,,,,,,,,,belleza_peluqueria
node,13113013019,Cruz Verde,6.245348,-75.5953179,,,pharmacy,pharmacy,,,,,,,,,salud_bienestar
node,13113013020,Mer Colanta,6.2454435,-75.5953901,convenience,,,,,,,,,,,,tienda_viveres
node,13113290735,El Altar Taquería,6.246279,-75.5958002,,,restaurant,,,,,,,mexican,,,comidas
node,13113309783,Mestizaje,6.2506562,-75.621541,,,cafe,,,,,,,,,,comidas
node,13115034731,Leños & Carbón,6.2461596,-75.5953901,,,restaurant,,,,,,,,,,comidas
node,13115034732,Ágora Nail Spa,6.2472665,-75.5959623,beauty,,,,,,,,,,,,belleza_peluqueria
node,13115034734,Firehouse,6.2470377,-75.594794,,,fast_food,,,,,,,burger,,,comidas
node,13115034735,Mistura,6.2467502,-75.594481,,,restaurant,,,,,,,,,,comidas
node,13115034736,Machiavelli's,6.2453223,-75.5920152,,,cafe,,,,,,,bakery,,,comidas
node,13115034737,Velo Café,6.2445351,-75.5913619,,,cafe,,,,,,,,,,comidas
node,13115034738,Doctor Pet,6.2444882,-75.5887379,,,veterinary,,,,,,,,,,mascotas
node,13115034740,Las Veganas,6.2422327,-75.5859407,,,restaurant,,,,,,,,,,comidas
node,13115083964,OdontoVida,6.2427009,-75.5861974,,,dentist,dentist,,,,,,,,,salud_bienestar
node,13115083966,Mer Colanta,6.2436039,-75.5870117,butcher,,,,,,,,,,,,tienda_viveres
node,13115083967,Dolce Salato,6.2446987,-75.5896862,,,restaurant,,,,,,,italian,,,comidas
node,13115083968,Folio Papelería,6.2446159,-75.5902934,stationery,,,,,,,,,,,,papeleria
node,13115083969,J&C Delicias,6.2442488,-75.5911128,,,restaurant,,,,,,,,,,comidas
node,13115083970,Carulla,6.2449273,-75.5912083,supermarket,,,,,,,,Mo-Sa 07:00-21:00; Su 08:00-20:00,,,,tienda_viveres
node,13115083971,Biónica,6.2447683,-75.5914415,clothes,,,,,,,,,,,,ropa_calzado
node,13115083972,Linda Mía,6.244839,-75.5915851,clothes,,,,,,,,,,,,ropa_calzado
node,13115083973,Potakos,6.2465852,-75.5963673,,,fast_food,,,,,,,,,,comidas
node,13115178733,Al Chile,6.2424669,-75.5999954,,,restaurant,,,,,,Tu-Th 12:00-20:00; Fr-Sa 12:00-21:00,mexican,,,comidas
node,13115312745,Pet Club Laureles,6.2473285,-75.59591,pet_grooming,,,,,,,,,,,,mascotas
node,13115591215,Papa John's,6.2461886,-75.5952903,,,fast_food,,,,,,,pizza,,,comidas
node,13115591216,La Romana Trattoria,6.246053,-75.5954481,,,restaurant,,,,,,,italian,,,comidas
node,13115591218,Rocoto,6.2454155,-75.597366,,,restaurant,,,,,,,peruvian,,,comidas
node,13115591219,Parmessano,6.2456883,-75.5972049,,,restaurant,,,,,,,italian,,,comidas
node,13115591220,Salchimonster,6.2457917,-75.5968738,,,fast_food,,,,,,,,,,comidas
node,13116152931,Empanadas Inteligentes,6.2519645,-75.5669777,,,fast_food,,,,,,,,,,comidas
node,13116152932,Coltours,6.2518457,-75.567052,travel_agency,,,,,,,,,,,,
node,13116152933,Las Chachas,6.2518112,-75.5670474,,,fast_food,,,,,,"Mo-Sa 06:00-21:00; Su,PH 08:00-19:00",,,,comidas
node,13116233342,Fríos y Calienticos,6.2476558,-75.5694977,,,fast_food,,,,,,,,,,comidas
node,13116257955,Empanada Puess',6.2467696,-75.5702131,,,fast_food,,,,,,,,,,comidas
node,13116257956,Quinto Aroma,6.2467426,-75.5701772,perfumery,,,,,,,,,,,,
node,13116257958,Mordiscos,6.2466543,-75.5697472,,,fast_food,,,,,,,,,,comidas
node,13116257960,Kennedy,6.2477622,-75.569291,,,cafe,,,,,,,,,,comidas
node,13116895650,Effort,6.2489531,-75.5939517,,,,,fitness_centre,,,,,,,,salud_bienestar
node,13116895651,SOS Llaves y Llaves,6.2489545,-75.5922594,locksmith,,,,,,,,,,,,
node,13116895652,Éxito Super,6.2486711,-75.5896256,supermarket,,,,,,,,,,,,tienda_viveres
node,13116895653,La Rosa,6.2484203,-75.5874331,,,restaurant,,,,,,24/7,,,,comidas
node,13116895654,El Antojo,6.2476611,-75.5844476,bakery,,,,,,,,,,,,panaderia
node,13116912546,Mundo Verde,6.2407543,-75.5868022,,,restaurant,,,,,,Mo-Sa 11:30-21:00; Su 11:30-20:00,,,https://www.mundoverdecol.co,comidas
node,13116912547,Santa Leña,6.2406357,-75.5870489,,,cafe,,,,,,,bakery,,,comidas
node,13116912548,Sincretismo Café Coworking,6.239716,-75.5882476,,,cafe,,,,,,,,,,comidas
node,13116912549,Mountain Barbershop,6.2397252,-75.5881694,hairdresser,,,,,,,,,,,,belleza_peluqueria
node,13116912550,Il Forno,6.2403055,-75.5872428,,,restaurant,,,,,,,italian,,,comidas
node,13116912551,El Alma,6.2406838,-75.5824801,,,restaurant,,,,,,,,,https://www.alalmacafe.com,comidas
node,13116984544,Cafam,6.2402097,-75.5871141,,,pharmacy,pharmacy,,,,,,,,,salud_bienestar
node,13116984546,Bata,6.2404555,-75.5870761,shoes,,,,,,,,,,,,ropa_calzado
node,13116984547,Mimo's,6.240276,-75.5870412,,,ice_cream,,,,,,,,,,comidas
node,13116984548,Speedo,6.2404404,-75.5872354,sports,,,,,,,,,,,,
node,13116984554,Biviana Sala de Belleza,6.2399365,-75.5839291,hairdresser,,,,,,,,,,,,belleza_peluqueria
node,13116984555,Panadería Carmelina,6.2400765,-75.5833371,bakery,,,,,,,,,,,,panaderia
node,13116984556,Compostela,6.2400863,-75.5832395,,,restaurant,,,,,,Mo-Fr 11:30-21:30,italian;regional,,,comidas
node,13116984557,Boom,6.239941,-75.582439,supermarket,,,,,,,,,,,,tienda_viveres
node,13116984558,Torbellino,6.2404183,-75.5825467,,,cafe,,,,,,,,,,comidas
node,13116984559,Al Solar Vivero,6.2404113,-75.5824673,garden_centre,,,,,,,,,,,https://alsolarvivero.com,
node,13117105324,FZ Style,6.2547927,-75.6143445,clothes,,,,,,,,,,,,ropa_calzado
node,13117170167,Evolution Fightclub,6.2402096,-75.5856706,,,,,fitness_centre,,,,,,,,salud_bienestar
node,13117170169,Mi Arepa,6.2397729,-75.586764,,,restaurant,,,,,,,,,,comidas
node,13117170170,Llaves El Hacker,6.2397604,-75.5869437,,key_cutter,,,,,,,24/7,,,,
node,13117170171,Palacio Fitness,6.2399829,-75.5877994,,,,,fitness_centre,,,,,,,,salud_bienestar
node,13117170172,Cool Bar Beer Shop,6.2396984,-75.5883172,hairdresser,,,,,barber,,,,,,,barberia
node,13117170173,pwr:club,6.2404594,-75.5912878,,,,,fitness_centre,,,,,,,,salud_bienestar
node,13117170175,Indie,6.2411583,-75.5918943,,,cafe,,,,,,,,,,comidas
node,13117170177,Mascota Salud,6.2415762,-75.5922571,,,veterinary,,,,,,24/7,,,,mascotas
node,13117170178,Makena Sushi & Grill,6.2419806,-75.5926593,,,restaurant,,,,,,,sushi,,,comidas
node,13118609525,Emiliano Taquería,6.2461196,-75.5967239,,,restaurant,,,,,,,mexican,,,comidas
node,13118665149,Rapidogs,6.2450568,-75.5954546,,,fast_food,,,,,,,hot_dog,,,comidas
node,13118665150,One Dog,6.2389378,-75.5905526,,,fast_food,,,,,,,hot_dog,,,comidas
node,13118665151,Óptica Visión Integrados,6.2390913,-75.5877455,,,clinic,clinic,,,,,,,,,salud_bienestar
node,13118665152,Action Black,6.2388965,-75.5876971,,,,,fitness_centre,,,,,,,,salud_bienestar
node,13119502140,Áurea Tattoo,6.2395064,-75.5869002,tattoo,,,,,,,,,,,,
node,13119502141,Trigos Pan & Café,6.2394651,-75.5876343,,,cafe,,,,,,,bakery,,,comidas
node,13119502143,Madelo,6.2447857,-75.5947738,,,ice_cream,,,,,,,frozen_yogurt,,,comidas
node,13119502144,Guía Cereza,6.2474353,-75.5975902,erotic,,,,,,,,,,,,
node,13119502145,D1,6.24936,-75.5994149,supermarket,,,,,,,,,,,,tienda_viveres
node,13119502146,Claro,6.250549,-75.6042081,mobile_phone,,,,,,,,,,,,tecnologia_celulares
node,13119502147,Empanadas Las Calidosas,6.2505779,-75.6040924,,,fast_food,,,,,,,,,,comidas
node,13119502148,Pasteur,6.2510692,-75.6052716,,,pharmacy,pharmacy,,,,,24/7,,,,salud_bienestar
node,13119502149,D1,6.2520107,-75.6069071,supermarket,,,,,,,,,,,,tienda_viveres
node,13119502150,Isimo,6.2526194,-75.6077197,supermarket,,,,,,,,,,,,tienda_viveres
node,13119631177,Guia Cereza,6.2397349,-75.5800737,erotic,,,,,,,,,,,,
node,13120254389,Café Toscana,6.2566415,-75.6126943,,,cafe,,,,,,"Mo-Su,PH 10:00-20:00+",,,,comidas
node,13120254390,D1,6.2565673,-75.612593,supermarket,,,,,,,,,,,,tienda_viveres
node,13120254391,Barbearia Estilo y Elegancia,6.256748,-75.6128203,hairdresser,,,,,barber,,,,,,,barberia
node,13120412288,Dolcini,6.2569163,-75.6126863,,,ice_cream,,,,,,,,,,comidas
node,13120556666,KC Arepas,6.248882,-75.5989297,,,fast_food,,,,,,,,,,comidas
node,13120556667,El Hormiguero,6.2508756,-75.5674552,sports,,,,,,,,,,,,
node,13121279800,PAC METRO,6.2564981,-75.6131578,ticket,,,,,,,,Mo-Fr 09:15-18:45,,,,
node,13121303201,El Cafetín,6.2487898,-75.5688458,,,cafe,,,,,,,,,,comidas
node,13121303202,Espamotos La 73,6.2494936,-75.5924663,motorcycle_repair,,,,,,,,,,,,mecanica_motos
node,13121345244,Las Diosas,6.2494775,-75.5934384,,,fast_food,,,,,,,burger,,,comidas
node,13121345245,Logitur,6.2456691,-75.5928033,travel_agency,,,,,,,,,,,,
node,13121345248,Animal Cocina,6.2455329,-75.5924927,,,restaurant,,,,,,,,,,comidas
node,13121345250,Flores y Canastos,6.2436165,-75.5985065,florist,,,,,,,,,,,,
node,13121609778,Rivana,6.224714,-75.5753922,car,,,,,,Carrera 48,20-49,,,,,mecanica_motos
node,13121692617,Grill Persa,6.2261474,-75.575464,,,restaurant,,,,,,,persian,,,comidas
node,13121692619,tavola.,6.2261613,-75.5753752,,,restaurant,,,,,,,,,,comidas
node,13121706914,Mascerca,6.2574268,-75.613802,convenience,,,,,,,,24/7,,,,tienda_viveres
node,13122093790,Zona Bistro,6.2559556,-75.6186563,,,restaurant,,,,Calle 42,103A-4,,,,,comidas
node,13123453479,Migrate Panadería Restaurante,6.2396043,-75.583206,,,restaurant,,,,,,24/7,,,,comidas
node,13123453480,Artemisa Clínica Veterinaria,6.2394733,-75.5870151,,,veterinary,,,,,,,,,,mascotas
node,13123453481,Bajaj,6.2394604,-75.587154,motorcycle,,,,,,,,,,,,mecanica_motos
node,13123453484,Park Café,6.2410529,-75.5965802,,,cafe,,,,,,,,,,comidas
node,13123453485,Fraga Barbershop,6.242558,-75.5967044,hairdresser,,,,,barber,,,,,,,barberia
node,13123453486,Selection The New Essential,6.244012,-75.5968595,clothes,,,,,,,,,,,,ropa_calzado
node,13123453487,Andina Cosecha Fresca,6.2429748,-75.5995253,convenience,,,,,,,,,,,,tienda_viveres
node,13123453488,La Doradita,6.2424577,-75.6002792,bakery,,,,,,,,,,,,panaderia
node,13123453489,La Chorizeria,6.2431388,-75.6018093,butcher,,,,,,,,,,,,tienda_viveres
node,13123453490,Brotys,6.2435104,-75.6030034,,,fast_food,,,,,,,chicken,,,comidas
node,13123453492,Mega Pizza,6.2443641,-75.6078894,,,fast_food,,,,,,,pizza,,,comidas
node,13123453493,Oasis Café Vivero,6.2436411,-75.6103484,,,cafe,,,,,,,,,,comidas
node,13123453494,Masa Madre,6.2438887,-75.6117926,bakery,,,,,,,,,,,,panaderia
node,13123453496,Tienda Mista,6.2464598,-75.6148601,convenience,,,,,,,,,,,,tienda_viveres
node,13123453497,Amatista Mails Spa,6.2471127,-75.6153848,beauty,,,,,,,,,,,,belleza_peluqueria
node,13124085568,Tullanta.com,6.2496639,-75.5938623,tyres,,,,,,,,,,,,mecanica_motos
node,13124085569,Piffarelli,6.2495261,-75.5926034,shoes,,,,,,,,,,,,ropa_calzado
node,13124085570,Bajaj,6.2385322,-75.5739463,car_parts,,,,,,,,,,,,mecanica_motos
node,13124085571,Suzuki,6.2387507,-75.5735968,motorcycle,,,,,,,,,,,,mecanica_motos
node,13124085572,Honda Supermotos,6.2386554,-75.5733077,motorcycle,,,,,,,,,,,,mecanica_motos
node,13124085573,Kawasaki,6.2380895,-75.5728889,motorcycle,,,,,,,,,,,,mecanica_motos
node,13124085575,Honda,6.2371204,-75.5706398,motorcycle,,,,,,,,,,,,mecanica_motos
node,13124085576,Cruz Verde,6.2366022,-75.5695278,,,pharmacy,pharmacy,,,,,,,,,salud_bienestar
node,13124227542,Autoservicio Riachuelos,6.335785,-75.5715334,convenience,,,,,,,,,,,,tienda_viveres
node,13124234222,Ara,6.2557585,-75.6175976,supermarket,,,,,,,,,,,,tienda_viveres
node,13124234223,Chicken Pues,6.2562867,-75.6152398,,,fast_food,,,,,,,chicken,,,comidas
node,13124234225,Brasas & Parrilla,6.2561168,-75.6154792,,,fast_food,,,,,,,,,,comidas
node,13124357138,Papalandia,6.2658978,-75.6139668,,,fast_food,,,,,,,fries;burger,,https://www.instagram.com/_papalandia/?hl=es,comidas
node,13124878543,Florespan,6.2559853,-75.6023616,bakery,,,,,,,,,,,,panaderia
node,13125473920,Dunkin',6.250168,-75.568274,,,fast_food,,,,,,,donut;coffee_shop,,,comidas
node,13125582563,El Costurero de Tere,6.2461389,-75.5976254,,,fast_food,,,,,,,empanada,,,comidas
node,13125606761,Confite cafe,6.1514416,-75.6138318,,,cafe,,,,Calle 68 Sur #43A 65,,,,,https://confitecafe.com/,comidas
node,13125615675,Cruz Verde,6.2391657,-75.5968996,,,pharmacy,pharmacy,,,,,,,,,salud_bienestar
node,13127865889,Chef Chicken,6.2499169,-75.5659503,,,fast_food,,,,,,,chicken,,,comidas
node,13127865892,Bakery,6.2529928,-75.5880387,bakery,,cafe,,,,,,24/7,,,,panaderia
node,13127865893,D1,6.2518117,-75.5668292,supermarket,,,,,,,,,,,,tienda_viveres
node,13127960593,Farmanorte,6.2501395,-75.5884391,,,pharmacy,pharmacy,,,,,,,,,salud_bienestar
node,13128406890,Tortas y Productos artesanales Doña Susy,6.2233317,-75.59594,,,cafe,,,,,,,,,,comidas
node,13128419940,Cafetería el parquesito,6.2227715,-75.5966297,,,cafe,,,,,,,,,,comidas
node,13128711983,Capital Antioqueña,6.2450644,-75.5962141,,,restaurant,,,,,,,regional,,,comidas
node,13128712264,Abba Padre Parilla,6.2433726,-75.597139,,,restaurant,,,,,,,barbecue,,,comidas
node,13128712265,Jota Arepas,6.2434254,-75.5971663,,,fast_food,,,,,,,arepa,,,comidas
node,13128712266,Alicos,6.2432941,-75.5971668,butcher,,,,,,,,,,,,tienda_viveres
node,13128712267,La Dolores,6.2434866,-75.5971443,,,restaurant,,,,,,,,,,comidas
node,13128737527,Milagros,6.2459083,-75.5962159,,,restaurant,,,,,,,mexican,,,comidas
node,13128782700,Hot Wings,6.2463747,-75.596195,,,restaurant,,,,,,,wings,,,comidas
node,13128976701,Futuro hogar,6.2509784,-75.5738477,appliance,,,,,,Calle 49,55a 42,Mo-Sa 08:00-18:00,,,,
node,13128976801,Accesorio y respuesto margil Local 0112,6.2509784,-75.5738477,appliance,,,,,,Calle 49,55a 42,Mo-Fr 08:00-17:00; Sa 08:00-16:00,,,,
node,13128987201,electrodomesticoa,6.2510323,-75.5737657,appliance,,,,,,Calle 49,,,,,,
node,13128987301,solange niñas,6.2509629,-75.5734308,clothes,,,,,,Calle 49A,,,,,,ropa_calzado
node,13129001301,Empanadas El Machetico,6.2513451,-75.5735232,,,fast_food,,,,Calle 49A,,,friture,,,comidas
node,13129044901,Ferreleón del Oriente,6.2509651,-75.574258,hardware,,,,,,Calle 49,,,,,,construccion
node,13130144941,Rocoto,6.2013474,-75.5566474,,,restaurant,,,,,,,cuban;peruvian,,,comidas
node,13130195117,Droguería Alemana,6.2084964,-75.5632628,,,pharmacy,pharmacy,,,,,,,,,salud_bienestar
node,13132043626,Tostao',6.2452348,-75.5712178,,,cafe,,,,,,Mo-Sa 06:00-19:00,coffee_shop,,,comidas
node,13136244059,Árbol de hoja ancha,6.2760628,-75.5612013,garden_centre,,,,,,,,,,,,
node,13137381000,Domino's,6.2111122,-75.5589332,,,fast_food,,,,,,,pizza,,,comidas
node,13138499691,Lima Sushi Wok,6.2465262,-75.5954193,,,restaurant,,,,,,,sushi;asian,,,comidas
node,13138504089,Pollos Don Guillo,6.2466665,-75.5925259,,,fast_food,,,,,,,chicken,,,comidas
node,13138510832,Pasteur,6.2463726,-75.5956822,,,pharmacy,pharmacy,,,,,,,,,salud_bienestar
node,13138511537,Domino's,6.2466974,-75.5948782,,,fast_food,,,,,,,pizza,,,comidas
node,13138521031,Trapani,6.2464495,-75.5945558,,,restaurant,,,,,,,pizza,,,comidas
node,13139941888,Planeta Wings,6.2465528,-75.5953577,,,fast_food,,,,,,,wings,,,comidas
node,13140977611,Droguería Rappi,6.2424229,-75.5974027,,,pharmacy,pharmacy,,,,,"Mo-Sa 08:30-20:00; Su,PH 09:00-15:00",,,,salud_bienestar
node,13140977612,Eden,6.2421656,-75.5971512,,,restaurant,,,,,,,brunch,,,comidas
node,13141036962,Atelier,6.2401446,-75.5966703,pastry,,,,,,Carrera 76,33A-52,,,,,panaderia
node,13141037909,Droguería Colsubsidio,6.2424241,-75.5971454,,,pharmacy,pharmacy,,,,,,,,,salud_bienestar
node,13141076901,Venta de carne,6.2980047,-75.5274884,butcher,,,,,,,,,,,,tienda_viveres
node,13141089901,la bendición de Jesús,6.2986835,-75.5267102,convenience,,,,,,,,,,,,tienda_viveres
node,13141089902,Tienda de Pechuga,6.2986395,-75.5270014,convenience,,,,,,,,,,,,tienda_viveres
node,13141132401,Casa de paso para animales,6.2990564,-75.5265189,,,animal_boarding,,,,,,,,,,mascotas
node,13141132501,Agencia Santo Domingo Savio,6.2996027,-75.5282839,convenience,,,,,,,,,,,,tienda_viveres
node,13141205602,La Duquesa,6.3015758,-75.5279951,convenience,,,,,,,,,,,,tienda_viveres
node,13141215301,Tienda las brisas,6.3018155,-75.5319381,convenience,,,,,,,,,,,,tienda_viveres
node,13141277341,Donde Darío,6.2381953,-75.5964796,,,restaurant,,,,Carrera 76,32EE-36,,regional,,,comidas
node,13141401701,Auto Servicio Los montañeros,6.3046905,-75.5304779,convenience,,,,,,,,,,,,tienda_viveres
node,13141441001,Hojaldres y Pan del portal,6.305725,-75.5297439,bakery,,,,,,,,,,,,panaderia
node,13142713474,Cruz Verde,6.2232757,-75.5749616,,,pharmacy,pharmacy,,,,,,,,,salud_bienestar
node,13142786974,Farmatodo,6.2229876,-75.5749737,,,pharmacy,pharmacy,,,,,,,,,salud_bienestar
node,13143622445,Artesano,6.2394037,-75.5963908,,,restaurant,,,,,,,,,,comidas
node,13144751509,Rico Pan La 76,6.2368317,-75.5967119,bakery,,,,,,,,,,,,panaderia
node,13144757029,Fotocopiar,6.2340364,-75.5964163,copyshop,,,,,,,,,,,,papeleria
node,13144761963,La Gustella,6.2356437,-75.5965419,,,fast_food,,,,,,,hamburger,,,comidas
node,13145094186,Alicos Grill,6.2432945,-75.5972493,,,restaurant,,,,,,,steak,,,comidas
node,13145167377,Valentina Bakery,6.2401486,-75.5965204,bakery,,,,,,,,,,,,panaderia
node,13145167379,Droguería Alemana,6.2394018,-75.5963261,,,pharmacy,pharmacy,,,,,,,,,salud_bienestar
node,13147874894,Marmettina,6.2434983,-75.5982639,,,restaurant,,,,,,,,,,comidas
node,13147890253,efi Carnes,6.2426695,-75.5971551,butcher,,,,,,,,,,,,tienda_viveres
node,13148554464,Market Pasteur,6.2425625,-75.5959809,,,pharmacy,pharmacy,,,,,,,,,salud_bienestar
node,13149330462,Gloria's Coffee,6.2543561,-75.6138177,,,cafe,,,,,,,,,,comidas
node,13150712703,Cruz Verde,6.2426605,-75.5973909,,,pharmacy,pharmacy,,,,,,,,,salud_bienestar
node,13150824839,Resto Market,6.2426918,-75.598161,convenience,,,,,,,,,,,,tienda_viveres
node,13152141101,Ecotruchas La Perla,6.2992953,-75.5250071,,,restaurant,,,,,,,,,,comidas
node,13152141201,La Caleñita,6.3049275,-75.5301892,bakery,,,,,,,,,,,,panaderia
node,13153324573,Cruz Verde,6.1988751,-75.5569283,,,pharmacy,pharmacy,,,,,,,,,salud_bienestar
node,13153332912,Della Nonna Trattoria,6.1985291,-75.5567619,,,restaurant,,,,,,,,,,comidas
node,13153332914,Home Burgers,6.1989285,-75.5566816,,,fast_food,,,,,,,burger,,,comidas
node,13153332916,Droguería Alemana,6.1984461,-75.5572233,,,pharmacy,pharmacy,,,,,,,,,salud_bienestar
node,13153332917,Farmatodo,6.1989075,-75.5567779,,,pharmacy,pharmacy,,,,,,,,,salud_bienestar
node,13153332922,Deli,6.198813,-75.5568657,pastry,,,,,,,,,,,,panaderia
node,13153332925,Tres Trigos,6.1989808,-75.5564642,bakery,,,,,,,,,,,,panaderia
node,13153359076,Santa Leña,6.198734,-75.5569167,bakery,,,,,,,,,,,,panaderia
node,13153359077,Pércimom,6.1985106,-75.5570589,,,ice_cream,,,,,,,,,,comidas
node,13153398201,Droguería Colsubsidio,6.1987268,-75.5570968,,,pharmacy,pharmacy,,,,,,,,,salud_bienestar
node,13153427954,Buñuelos San Lucas,6.1984671,-75.5572717,bakery,,,,,,,,,,,,panaderia
node,13153427956,Maderos del Este,6.1984,-75.5571841,,,fast_food,,,,,,,,,,comidas
node,13153875533,Pasteur,6.2184451,-75.5866695,,,pharmacy,pharmacy,,,,,,,,,salud_bienestar
node,13153875534,Santa Elena,6.2184513,-75.586782,pastry,,,,,,,,,,,,panaderia
node,13153875535,Subway,6.2183051,-75.5867267,,,fast_food,,,,,,,sandwich,,,comidas
node,13154273540,Las Chachas,6.2575068,-75.5982333,,,fast_food,,,,,,,colombian;arepa,,,comidas
node,13154273542,Chichi’s Dinner,6.2590039,-75.5975138,pastry,,fast_food,,,,,,,hot_dog,,,panaderia
node,13154273544,Tosco Amigos y Comida,6.2562092,-75.6019997,,,restaurant,,,,,,,burger,,,comidas
node,13154273545,Caliza Cocina Mexicana,6.2562558,-75.6020037,,,restaurant,,,,,,,mexican,,,comidas
node,13154273546,Happy Pets Club,6.2565238,-75.6020251,,,veterinary,,,,Carrera 86,46-38,,,,,mascotas
node,13154273547,Pistacchio,6.256222,-75.6019328,,,ice_cream,,,,,,,,,,comidas
node,13154273552,Premium,6.2562545,-75.6014092,hairdresser,,,,,barber,Calle 46,84-20,,,,,barberia
node,13154273553,Señor Arepa,6.2557007,-75.601,,,restaurant,,,,,,,colombian;arepa,,,comidas
node,13154273554,Angus House,6.2556427,-75.6010503,,,restaurant,,,,,,,steak_house,,,comidas
node,13154273555,Noche de Balero,6.2555874,-75.6010973,,,restaurant,,,,,,,,,,comidas
node,13154273556,Lucho Arepas,6.2554494,-75.6012534,,,restaurant,,,,,25D-24,,colombian;arepa,,,comidas
node,13154273557,Animal,6.255414,-75.6012976,,,restaurant,,,,,,,burger,,,comidas
node,13154273566,La Cafe,6.2553247,-75.6017248,,,cafe,,,,,45C,,coffee_shop,,,comidas
node,13154273571,The Vice Burger,6.2555,-75.6018944,,,fast_food,,,,,84-47,,burger,,,comidas
node,13154273572,The Wings House,6.255468,-75.601942,,,fast_food,,,,,,,wings,,,comidas
node,13154273581,Supermercado La María,6.2556633,-75.6020956,convenience,,,,,,,,,,,,tienda_viveres
node,13154273583,Droguería Fami Health,6.2556613,-75.6021405,,,pharmacy,pharmacy,,,,,,,,,salud_bienestar
node,13154273584,Meras Papas,6.2557533,-75.6021419,,,fast_food,,,,Transversal 45D,85-27,,friture,,,comidas
node,13154273585,DM Parrilla,6.2557893,-75.602172,,,restaurant,,,,Transversal 45D,85-29,,,,,comidas
node,13154273586,Animal,6.2558093,-75.6022384,,,restaurant,,,,,,,burger,,,comidas
node,13154273588,Flandes Waffles,6.2559336,-75.602417,,,restaurant,,,,,,,waffle,,,comidas
node,13154273593,Real Steak,6.2560644,-75.6024571,,,restaurant,,,,,,,steak_house,,,comidas
node,13154273598,Jugos Naturales,6.2569803,-75.602073,,,fast_food,,,,,,,juice,,,comidas
node,13154297819,Merca Floresta,6.2563573,-75.5990951,convenience,,,,,,,,,,,,tienda_viveres
node,13154297821,Droguería Farma Salud Amiga,6.2563409,-75.5990129,,,pharmacy,pharmacy,,,,,,,,,salud_bienestar
node,13159981152,La Molienda,6.1559686,-75.6425103,bakery,,,,,,,,Mo-Sa 05:30-20:00; Su 06:00-14:00,,,,panaderia
node,13165329056,Mr Wash 15 Minutos,6.1616153,-75.6034193,,,car_wash,,,,,,,,,,mecanica_motos
node,13165335975,D1,6.1611633,-75.6006204,supermarket,,,,,,,,,,,,tienda_viveres
node,13175613918,Starbucks,6.2349838,-75.5695277,,,cafe,,,,,,,,,,comidas
node,13175613919,Crepes & Waffles,6.2349838,-75.5696082,,,restaurant,,,,,,,,,,comidas
node,13189661701,Red House Envigado,6.1634352,-75.5821413,,,restaurant,,,,,,"Fr-Sa 15:00-22:00; Su, Tu-Th 15:00-21:30",,,,comidas
node,13198467039,Comuna 13 Tatto,6.2488056,-75.6217175,tattoo,,,,,,Carrera 110 # 35F - 15,,Mo-Su 08:00-20:00,,,,
node,13198526636,Don Gonzalo Cafe,6.2489425,-75.6216573,coffee,,,,,,Carrera 110 # 35 F -27,,Mo-Su 10:00-19:00,,,,
node,13201491106,Papelería,6.2548725,-75.5414083,stationery,,,,,,,,,,,,papeleria
node,13203626301,Tienda,6.2550468,-75.5412364,convenience,,,,,,,,,,,,tienda_viveres
node,13203657701,Pollería,6.2538929,-75.5418124,,,restaurant,,,,,,,,,,comidas
node,13203877802,Droguería Droxi,6.2563588,-75.5380386,,,pharmacy,,,,Escalera Acceso barrios Las Golondrinas-Altos de la Torre,,Mo-Sa 09:00-21:00; Su 09:00-16:00,,,,salud_bienestar
node,13227789073,Droguería López de Mesa,6.2832484,-75.5814683,,,pharmacy,,,,,,,,,,salud_bienestar
node,13233356466,Libardino,6.2487419,-75.6214838,clothes,,,,,,Carrera 110 # 35f - 16,,Mo-Su 10:00-20:00,,,,ropa_calzado
node,13233370841,CNurban,6.2488538,-75.6214495,clothes,,,,,,Carrera 110 # 35f - 16 int 104,,Mo-Su 10:00-20:00,,,https://www.instagram.com/cn.urban?igsh=cWZpcWpzbHNnZDVw,ropa_calzado
node,13234940001,Sona verde riesgo de deslizamiento,6.2554365,-75.5406885,mobile_phone,,,,,,,,,,,,tecnologia_celulares
node,13234942201,Sona verde riesgo de deslizamiento,6.2546579,-75.5397911,mobile_phone,,,,,,,,,,,,tecnologia_celulares
node,13234947001,Falta de andenes peatonales,6.2550313,-75.5392943,mobile_phone,,,,,,,,,,,,tecnologia_celulares
node,13234961002,Sona verde riesgo de deslizamiento,6.2528742,-75.5381225,mobile_phone,,,,,,,,,,,,tecnologia_celulares
node,13234990602,Gimnasio al aire libre,6.2547409,-75.5392753,,,,,fitness_centre,,,,,,,,salud_bienestar
node,13234997201,Gimnasio al aire libre,6.1931685,-75.5592977,,,,,fitness_centre,,,,,,,,salud_bienestar
node,13235131001,Mal uso de residuos,6.24843,-75.5412579,mobile_phone,,,,,,,,,,,,tecnologia_celulares
node,13235134501,Falta de andenes peatonales,6.2485769,-75.5412849,mobile_phone,,,,,,,,,,,,tecnologia_celulares
node,13239332211,De Colombia para el mundo,6.2506083,-75.6215008,gift,,,,,,Carrera 109 # 38-17,,Mo-Su 09:00-19:00,,,https://www.instagram.com/colombiaparaelmundo_artesanias?igsh=dGxlczlxcDlveGhy,papeleria
node,13239347819,Sag Comuna 13,6.250515,-75.6214808,travel_agency,,,,,,Carrera 109 # 38-17,,24/7,,,https://www.instagram.com/sagtourmedellin/?igsh=MW5ubW1hMzB1ZDd1cg%3D%3D#,
node,13239392688,Implantes Dentales Medellin,6.2064345,-75.5706769,,,dentist,dentist,,,Calle 7 # 39-197 consultorio 1606,,Mo-Sa 09:00-18:00,,,https://www.instagram.com/implantesdentalesmed/?igsh=NW93dTNxaGk5aGMy#,salud_bienestar
node,13246427605,Megalitas,6.2471136,-75.5580483,,,restaurant,,,,Calle 52#38-36,,Mo-Su 16:00-22:00,wings,,https://www.instagram.com/megalitas/?igsh=MWdoYWQ4aDR0MHg2Ng%3D%3D#,comidas
node,13246436707,Megalitas,6.3226138,-75.5590408,,,restaurant,,,,Carrera 52 # 36-28,,Mo-Su 16:00-22:00,wings,,https://www.instagram.com/megalitas/?igsh=MWdoYWQ4aDR0MHg2Ng%3D%3D#,comidas
node,13246489184,Megalitas,6.263896,-75.5986821,,,restaurant,,,,Calle 50 # 81 a - 21,,Mo-Su 16:00-22:00,wings,,https://www.instagram.com/megalitas/?igsh=MWdoYWQ4aDR0MHg2Ng%3D%3D#,comidas
node,13246495459,Megalitas,6.2078708,-75.5868446,,,restaurant,,,,Calle 1 Sur #53-60,,Mo-Su 16:00-22:00,wings,,https://www.instagram.com/megalitas/?igsh=MWdoYWQ4aDR0MHg2Ng%3D%3D#,comidas
node,13260930278,Pirita Company,6.2500373,-75.5562303,convenience,,,,,,,,,,,,tienda_viveres
node,13271010726,Pamplona 13,6.2481419,-75.6216837,gift,,,,,,carrera 110 # 34 cc - 116,,Mo-Su 09:30-18:30,,,,papeleria
node,13271012002,La Bichota 13,6.2492683,-75.6214549,clothes,,,,,,carrera 109 # 36-52,,Mo-Su 09:00-19:00,,,,ropa_calzado
node,13287857335,Parche Fabrica Friends,6.248754,-75.6224761,bag,,,,,,calle 35f # 110-76,,Mo-Su 09:00-18:00,,,https://www.instagram.com/parche_fabric_friends/reels/,ropa_calzado
node,13287872208,Micheladas y Empanadas Comuna 13,6.2481254,-75.6219173,,,restaurant,,,,carrera 110 # 34CC - 118,,Mo-Su 10:30-19:00,,,,comidas
node,13293649001,Zona Bistro,6.2559229,-75.6186852,,,restaurant,,,,,,,,,,comidas
node,13334881369,Fuerza y Movimiento,6.2941742,-75.5709655,,,,,fitness_centre,,,CRA 68 #98 44,,,,,salud_bienestar
node,13336674355,Santiago Maya Patines,6.2346204,-75.6075503,sports,,,,,,Carrera 84 # 32-63,,,,,https://www.instagram.com/s.m.o.mm10,
node,13336702142,Don Henry Café,6.2332052,-75.6038535,,,cafe,,,,cc los molinos piso 4 y 8,,,,,https://www.instagram.com/donhenrycafe/,comidas
node,13336817074,Patines Strada,6.1823964,-75.6053729,sports,,,,,,Carrera 58 # 65-37,,,,,https://www.instagram.com/patines.strada/,
node,13336871269,Passion Divina,6.1781875,-75.5993249,beauty,,,,,,Calle 64 # 47 - 135,,,,,https://www.instagram.com/passiondivina?igsh=aGxxZmw2dmxxbTY4,belleza_peluqueria
node,13336949127,Pizza Iolo,6.2079928,-75.5671663,,,restaurant,,,,Carrera 37 # 8a-15,,,pizza,,https://www.instagram.com/pizzaiolo.co/,comidas
node,13336950260,Paris De Gaulle,6.1972867,-75.5591652,clothes,,,,,,Cc el tesoro. Local 1602-1716,,,,,https://www.instagram.com/parisdegaulle.co/,ropa_calzado
node,13336954000,Canalla,6.2081545,-75.5671113,,,restaurant,,,,Carrera 37 # 8a - 29,,,spanish;wellness;probioticos,,https://www.instagram.com/canalla.medellin/,comidas
node,13336958261,Cocora Perfumes,6.2082846,-75.5669565,perfumery,,,,,,Carrera 37 # 8a - 60,,,,,https://www.instagram.com/cocoraperfumes/,
node,13336987695,Spa Bar Fresh,6.2081002,-75.5669805,massage,,,,,,Carrera 37 #8a 46,,,,,https://www.instagram.com/spabar.fresh/,salud_bienestar
node,13337024709,Juan Pablo Reposteria,6.1804975,-75.5771536,pastry,,,,,,Carrera 41A,,,,,https://www.instagram.com/juanpablogiraldoreposteria/,panaderia
node,13387298901,Oro Negro: Café con Historias,6.2547162,-75.5801749,,,cafe,,,,Cra 64 C n 48-206,,Mo-Fr 06:30-18:00,coffee_shop,,,comidas
node,13390676403,Bambitas,6.2077093,-75.5863399,,,fast_food,,,,,,,fries,,,comidas
node,13390676404,Papayo,6.207772,-75.5864903,,,fast_food,,,,,,,fries,,,comidas
node,13390676405,SURA Cristo Rey,6.2079276,-75.5873014,,,,doctor,,,,,,,,,salud_bienestar
node,13390676407,Frisby,6.2050737,-75.5874989,,,fast_food,,,,,,,chicken,,,comidas
node,13390742195,Dolarcity,6.2463945,-75.5745309,department_store,,,,,,,,,,,,
node,13390842728,Outlet Veléz,6.2632848,-75.5630989,yes,,,,,,,,,,,,
node,13390941177,Centro de Salud Cristo Rey,6.2013725,-75.5889828,,,,yes,,,,,,,,,salud_bienestar
node,13414600486,Domo Artes,6.2677738,-75.5701292,,,cafe,,,,,,,coffee_shop,,https://www.domosudea.com,comidas
node,13414600487,Domo Pollo,6.26868,-75.5684696,,,fast_food,,,,,,,chicken,,https://www.domosudea.com,comidas
node,13414600488,Domo Sándwich,6.2682147,-75.5683918,,,fast_food,,,,,,,sandwich,,https://www.domosudea.com,comidas
node,13414600489,Domo Barrientos,6.2659138,-75.5691415,,,cafe,,,,,,,coffee_shop,,https://www.domosudea.com,comidas
node,13414600490,Burbuja Bloque 21,6.268154,-75.5683013,,,cafe,,,,,,Mo-Fr 06:00-18:00,coffee_shop,Café Bebidas Snacks,https://www.domosudea.com,comidas
node,13414600491,Burbuja Bloque 25,6.2677088,-75.5695197,,,cafe,,,,,,Mo-Fr 06:00-18:00,coffee_shop,Café Bebidas Snacks,https://www.domosudea.com,comidas
node,13414600492,Burbuja Bloque 13,6.2666783,-75.570256,,,cafe,,,,,,Mo-Fr 06:00-18:00,coffee_shop,Café Bebidas Snacks,https://www.domosudea.com,comidas
node,13414600493,Burbuja Bloque 14,6.2662871,-75.5703009,,,cafe,,,,,,Mo-Fr 06:00-18:00,coffee_shop,Café Bebidas Snacks,https://www.domosudea.com,comidas
node,13450683931,Alfasent,6.2098337,-75.5688972,perfumery,,,,,,Calle 10 #41-5,,,,,,
node,13458673591,Los Marinillos,6.3413341,-75.5648172,bakery,,,,,,Carrera 59,,,,,,panaderia
node,13458824303,Restaurante Siennas Del Pacifco,6.3405187,-75.5640897,,,restaurant,,,,Calle 58,,,,,,comidas
node,13458879791,Farmaster Drogueria,6.3358645,-75.560427,,,pharmacy,pharmacy,,,Calle 52,,,,,,salud_bienestar
node,13458879798,Salud Total,6.3352875,-75.5603419,,,pharmacy,pharmacy,,,Carrera 52,,,,,,salud_bienestar
node,13458879799,Optica Bellanita,6.3352226,-75.5603217,optician,,,,,,Carrera 52,,,,,,salud_bienestar
node,13458983553,Donde Juancho (Inferior),6.2110976,-75.5586978,,,restaurant,,,,Cra. 29c #10c-20,,Mo-Su 13:00-01:00,,,https://dondejuancho.com/,comidas
node,13460660727,Eje Optico,6.3348839,-75.5602557,optician,,,,,,Carrera 52,,,,,,salud_bienestar
node,13462406589,Calieche,6.340004,-75.5630825,,,restaurant,,,,Calle 58,,,,,,comidas
node,13462458200,Droguería Carmen 2,6.3381608,-75.5604969,,,pharmacy,pharmacy,,,Diagonal 55,,,,,,salud_bienestar
node,13462598533,La Media Naranja,6.334412,-75.5574679,clothes,,,,,,,,,,,,ropa_calzado
node,13462598534,La Bastilla,6.3346169,-75.557707,mall,,,,,,Calle 50,,,,,,
node,13462598552,La Braza,6.334007,-75.5584174,,,restaurant,,,,Carrera 50,,,,,,comidas
node,13462598553,Rico Pollo Apanado Tipo,6.3340521,-75.5584258,,,restaurant,,,,Carrera 50,,,,,,comidas
node,13462598555,MetroCentro,6.3346239,-75.5588008,mall,,,,,,,,,,,,
node,13463340045,Exquipan,6.3329943,-75.5584921,bakery,,,,,,Carrera 50,,,,,,panaderia
node,13464400692,Farmaster Drogueria,6.3326413,-75.5549923,,,pharmacy,pharmacy,,,Calle 46,,,,,,salud_bienestar
node,13464418824,Comfama Bello,6.332645,-75.5570644,,,,yes,,,,,,,,,salud_bienestar
node,13464426013,Carnelly da sabor,6.3311327,-75.5542441,,,restaurant,,,,Calle 44,,,,,,comidas
node,13464426014,Pasta Y Pizza,6.3312928,-75.553937,,,restaurant,,,,Calle 44,,,,,,comidas
node,13464426015,La Fonda Del Tio Bar,6.332005,-75.5538664,,,restaurant,,,,Carrera 46,,,,,,comidas
node,13471579602,Rebel Barbers & Massage,6.208165,-75.5682472,hairdresser,,,,,,,,,,,,belleza_peluqueria
node,13477377449,Parepan,6.2967376,-75.566633,bakery,,restaurant,,,,,,,,,,panaderia
node,13477907767,Fotocopiadora y Papelería El Monin Nº 1,6.2663298,-75.5690909,stationery,,,,,,,,,,,,papeleria
node,13477908467,Punto Gourtmet,6.2686354,-75.5683422,,,restaurant,,,,,,,breakfast;dessert;diner,,,comidas
node,13477914584,Fotocopiadora El Monín,6.2664325,-75.5690805,stationery,,,,,,,,,,,,papeleria
node,13477927735,Juguitos,6.268569,-75.5684744,,,fast_food,,,,,,,juice,,,comidas
node,13477942924,Helados de la U,6.2657359,-75.5691554,,,ice_cream,,,,,,,,,,comidas
node,13477942925,Reimpresos,6.2661345,-75.5691102,stationery,,,,,,,,,,,,papeleria
node,13477951847,Lafocacceria,6.2684338,-75.5683622,,,restaurant,,,,,,,,,,comidas
node,13477956746,Arbóreo,6.2666219,-75.5695157,,,restaurant,,,,,,,regional;sandwich;juice,,,comidas
node,13477957045,Punto Gourmet,6.2686779,-75.5683379,,,fast_food,,,,,,,,,,comidas
node,13477957915,Comida Rápida,6.268489,-75.5685015,,,fast_food,,,,,,,chicken;burger;fries;sandwich;steak_house;pasta,,,comidas
node,13477962105,Restaurante - Cafetería Deportes,6.2683976,-75.5687337,,,restaurant,,,,,,,regional,,,comidas
node,13477965022,Fotocopiadora Utopía,6.2664271,-75.5695397,stationery,,,,,,,,,,,,papeleria
node,13477973072,Saberes y Sabores del Alma: Horneados,6.266295,-75.5695547,bakery,,,,,,,,,,,,panaderia
node,13477981720,Torino Pasta y Pizza,6.268169,-75.5700856,,,fast_food,,,,,,,pizza;pasta;juice,,,comidas
node,13477993616,Chicken Wok,6.2661455,-75.5695729,,,fast_food,,,,,,,chicken;wings,,,comidas
node,13502932201,Cabra Andaluz,6.1856238,-75.5511491,,,restaurant,,,,,,,,,,comidas
node,13515957875,Perritos Zamu,6.1526501,-75.6203589,,,fast_food,,,,,,,hot_dog;burger,,,comidas
node,13527714473,Burbuja Bloque 19,6.2681855,-75.5675058,,,cafe,,,,,,Mo-Fr 06:00-18:00,coffee_shop,Café Bebidas Snacks,https://www.domosudea.com,comidas
node,13529992331,Panaderia Delicias del Caribe,6.27345,-75.5733731,bakery,,,,,,,,,,,,panaderia
node,13529992336,Gas monkey Medellin,6.2737596,-75.5740522,car_repair,,,,,,,,,,,,mecanica_motos
node,13529992369,encontremonos,6.2726883,-75.5746376,,,restaurant,,,,,,,,,,comidas
node,13529992370,Frenos y suspenciones caribe,6.2725689,-75.5746228,car_repair,,,,,,,,,,,,mecanica_motos
node,13529992371,Tapiceria y carpas nacionles,6.2727115,-75.5744187,,upholsterer,,,,,,,,,,,
node,13529992373,cafeteria cabañitas,6.2723905,-75.5747609,,,cafe,,,,,,,,,,comidas
node,13529992374,llantas y rines la 65,6.2723127,-75.5747187,tyres,,,,,,,,,,,,mecanica_motos
node,13532194801,Chari,6.2690762,-75.6138293,convenience,,,,,,,,,,,,tienda_viveres
node,13532201303,La tienda de Joel,6.2678951,-75.6128047,convenience,,,,,,,,,,,,tienda_viveres
node,13532208701,Tienda de joel,6.2692283,-75.6136397,convenience,,,,,,,,"Mo-Su,PH 08:00-18:00",,,,tienda_viveres
node,13532209102,Lilia Nails,6.2692225,-75.6136689,beauty,,,,,,,,,,,,belleza_peluqueria
node,13532209501,Lilia Nails,6.269205,-75.6136874,beauty,,,,,,,,,,,,belleza_peluqueria
node,13532245202,Venta de Solteritas,6.2711579,-75.6129736,convenience,,,,,,,,,,,,tienda_viveres
node,13532249678,Parqueadero Privado,6.2710353,-75.613245,,parquet_layer,,,,,,,,,,,
node,13532255137,el cristo de la paz y la virgen de Fátima,6.2709725,-75.6134272,,sculptor,,,,,,,,,,,
node,13532262401,Papelería El Cristo,6.2712286,-75.6128551,stationery,,,,,,calle 55 # 103DA-118,,,,,,papeleria
node,13532265901,Sion,6.2711838,-75.6130168,variety_store,,,,,,55,103 DA-140,,,,,papeleria
node,13532312601,El tinto,6.2693477,-75.61372,coffee,,,,,,,,,,,,
node,13532312801,Tinto,6.2710727,-75.6137528,coffee,,,,,,,,,,,,
node,13532358001,Venta de bolis,6.2709177,-75.613728,grocery,,,,,,,,,,,,tienda_viveres
node,13537052026,Supermercado Maxioferta,6.1644846,-75.6362238,supermarket,,,,,,,,,,,,tienda_viveres
node,13537098371,maxioferta prado 1,6.1846327,-75.6563826,supermarket,,,,,,Calle 42 Sur # 79 - 17,,,,,,tienda_viveres
node,13537106381,Supermercado Maxioferta Estrella Parque,6.1569982,-75.642765,supermarket,,,,,,Calle 81 Sur #59-101,,,,,,tienda_viveres
node,13537179996,supermercado maxioferta prado 3,6.1856194,-75.6566284,supermarket,,,,,,Carrera 80 # 39 SUR-46,,,,,,tienda_viveres
node,13537263175,Supermercado Maxioferta Palmas,6.2270097,-75.5656969,supermarket,,,,,,Carrera 38 #26-279,,,,,,tienda_viveres
node,13537301012,Supermercado Maxioferta Sede Mayorista,6.1885973,-75.5893902,supermarket,,,,,,Calle 85 #48 – 01,,,,,,tienda_viveres
node,13537318199,Supermercado Maxioferta Niquia,6.3399466,-75.5449143,supermarket,,,,,,Avenida 55 # 38-50,,,,,,tienda_viveres
node,13543462707,Supermercado Maxioferta Copacabana,6.345817,-75.5097317,supermarket,,,,,,Calle 50 #53 - 107,,,,,,tienda_viveres
node,13544667695,Carniceria,6.2900109,-75.584371,butcher,,,,,,,,,,,,tienda_viveres
node,13544688716,Tierra Querida Y El Balcón Futbolero,6.2901212,-75.5843721,,,fast_food,,,,,,,,,,comidas
node,13544690682,Supermercado 7 Esquinas,6.289997,-75.5839407,supermarket,,,,,,,,,,,,tienda_viveres
node,13544708434,Perfumeria,6.2896587,-75.5835367,perfumery,,,,,,,,,,,,
node,13544708435,Barberia,6.2892707,-75.5839148,hairdresser,,,,,,,,,,,,belleza_peluqueria
node,13544713542,Comidas rapidas,6.2921426,-75.583677,,,fast_food,,,,,,,,,,comidas
node,13544713759,Farmacia;Pat de Bancolombia Y Celulareas,6.2894917,-75.5835786,mobile_phone_accessories,,pharmacy,pharmacy,,,,,,,,,salud_bienestar
node,13544716090,Supermercado,6.2893435,-75.5834838,supermarket,,,,,,,,,,,,tienda_viveres
node,13544716091,Tienda Naturista,6.2895051,-75.5834432,supermarket,,,,,,,,,,,,tienda_viveres
node,13544718058,Legumbreria,6.2901159,-75.5846484,greengrocer,,,,,,,,,,,,tienda_viveres
node,13544718059,Legumbraria,6.289972,-75.5847878,greengrocer,,,,,,,,,,,,tienda_viveres
node,13544718060,Comidas Rapidas,6.289924,-75.5847878,,,fast_food,,,,,,,,,,comidas
node,13544723473,Salon de Manicura,6.2896922,-75.583522,beauty,,,,,,,,,,,,belleza_peluqueria
node,13544728682,Farmacia,6.2899807,-75.5838264,,,pharmacy,pharmacy,,,,,,,,,salud_bienestar
node,13544733559,Arroz chino,6.2899213,-75.5840855,,,fast_food,,,,,,,chinese,,,comidas
node,13544733560,Legumbreria,6.289885,-75.5839757,greengrocer,,,,,,,,,,,,tienda_viveres
node,13544733561,Helados Artesanales,6.2900304,-75.5840936,,,ice_cream,,,,,,,,,,comidas
node,13544743074,Pollo apanado,6.2888395,-75.5839015,,,fast_food,,,,,,,chicken,,,comidas
node,13544743075,Alitas,6.2893897,-75.5836176,,,fast_food,,,,,,,wings,,,comidas
node,13544761143,Tienda de Mascotas,6.2906172,-75.5845464,pet,,,,,,,,,,,,mascotas
node,13544761260,Comidas rapidas,6.2902013,-75.5848522,,,fast_food,,,,,,,,,,comidas
node,13544761261,Helados,6.2903292,-75.5848093,,,ice_cream,,,,,,,,,,comidas
node,13544761262,Panaderia,6.2904305,-75.5847503,bakery,,,,,,,,,,,,panaderia
node,13544955649,Licorera,6.2899933,-75.5848828,alcohol,,,,,,,,,,,,tienda_viveres
node,13546293365,Guarderia GIrasoles;Tienda,6.2925016,-75.5848417,yes,,childcare,,,,,,,,,,
node,13546326846,Supermercado la palma,6.2925598,-75.5842429,supermarket,,,,,,,,,,,,tienda_viveres
node,13546343339,floristeria,6.292277,-75.5849365,florist,,,,,,,,,,,,
node,13546377896,Farmacia,6.2926762,-75.5842461,,,pharmacy,pharmacy,,,,,,,,,salud_bienestar
node,13546546565,Tienda,6.2920739,-75.5834407,yes,,,,,,,,,,,,
node,13546573334,Tienda de Barrio,6.2932473,-75.5841725,yes,,,,,,,,,,,,
node,13546574756,Barbero,6.2920754,-75.5837039,hairdresser,,,,,barber,,,,,,,barberia
node,13546591675,Licorera,6.2921931,-75.5837558,alcohol,,,,,,,,,,,,tienda_viveres
node,13546591676,Tienda Naturita,6.2922073,-75.5838472,yes,,,,,,,,,,,,
node,13546591677,Venta de calzado,6.2922275,-75.5839143,shoes,,,,,,,,,,,,ropa_calzado
node,13546591678,Barberia,6.2922578,-75.5841562,hairdresser,,,,,barber,,,,,,,barberia
node,13546603455,Tienda,6.2921285,-75.5835891,yes,,,,,,,,,,,,
node,13546608805,Venta de Cholchones,6.2924033,-75.5840993,bed,,,,,,,,,,,,
node,13546613055,Bar,6.2920093,-75.5832659,alcohol,,,,,,,,,,,,tienda_viveres
node,13546617216,Comidas,6.2921527,-75.5832415,,,fast_food,,,,,,,,,,comidas
node,13546627603,Tienda de Barrio,6.2925843,-75.5850348,yes,,,,,,,,,,,,
node,13547061451,Supermercado el Angelito,6.2921263,-75.5831047,supermarket,,,,,,,,,,,,tienda_viveres
node,13547078740,Pollo Asado,6.291981,-75.5831731,,,fast_food,,,,,,,chicken,,,comidas
node,13547082325,Carniceria,6.2919004,-75.582931,butcher,,,,,,,,,,,,tienda_viveres
node,13547089748,Legumbraria Los Marinillos,6.2920217,-75.5829241,greengrocer,,,,,,,,,,,,tienda_viveres
node,13547096934,Mercados Monaco,6.2919769,-75.5827893,supermarket,,,,,,,,,,,,tienda_viveres
node,13547097061,Bodega del Peluquero y Papeleria San Nicolas,6.2920743,-75.5831282,stationery,,,,,,,,,,,,papeleria
node,13550819329,Venta de empanadas en leña,6.2926763,-75.5844683,,,fast_food,,,,,,,,,,comidas
node,13550862885,Helados,6.2896578,-75.583403,,,ice_cream,,,,,,,,,,comidas
node,13550868867,Tienda de Barrio,6.2907699,-75.5841279,yes,,,,,,,,,,,,
node,13550871990,Salon de Uñas,6.2906631,-75.5841629,beauty,,,,,,,,,,,,belleza_peluqueria
node,13550883541,Peluqueria,6.29296,-75.5841907,hairdresser,,,,,,,,,,,,belleza_peluqueria
node,13550906695,Panaderia,6.2900698,-75.5838809,bakery,,,,,,,,,,,,panaderia
node,13550907506,Ferreteria,6.2921782,-75.5841531,hardware,,,,,,,,,,,,construccion
node,13550913157,Tienda De barrio,6.2906311,-75.5835706,yes,,,,,,,,,,,,
node,13550914595,Almacen Zappatos,6.2896911,-75.5832994,wholesale,,,,,,,,,,,,
node,13550914596,Restaurante,6.2896851,-75.583278,,,restaurant,,,,,,,,,,comidas
node,13550920962,Supermercado,6.290693,-75.5846232,supermarket,,,,,,,,,,,,tienda_viveres
node,13550922136,Tienda de Barrio,6.2920995,-75.5841645,yes,,,,,,,,,,,,
node,13550929256,Tortas el Gordo,6.2897989,-75.5833552,pastry,,,,,,,,,,,,panaderia
node,13550929257,Cahrarreria,6.2897578,-75.5832648,wholesale,,,,,,,,,,,,
node,13550929259,Alamcen de ropa,6.2897093,-75.5833827,wholesale,,,,,,,,,,,,
node,13550937057,Alacen de ropa,6.2898558,-75.5834721,wholesale,,,,,,,,,,,,
node,13550937058,Barberia,6.289973,-75.5834417,hairdresser,,,,,,,,,,,,belleza_peluqueria
node,13550937059,Tienda de barrio,6.2899467,-75.5837954,yes,,,,,,,,,,,,
node,13550953952,Ferreteria,6.2899538,-75.5838309,hardware,,,,,,,,,,,,construccion
node,13550953953,Barberia,6.2899538,-75.5838187,hairdresser,,,,,,,,,,,,belleza_peluqueria
node,13550953954,Venta de empanadas,6.2899093,-75.5836988,,,fast_food,,,,,,,,,,comidas
node,13550953955,Lamacen de ropa,6.2898851,-75.5836388,wholesale,,,,,,,,,,,,
node,13550953956,Cacharreria,6.2897972,-75.5836541,wholesale,,,,,,,,,,,,
node,13550953957,Licorera,6.2898598,-75.5838421,alcohol,,,,,,,,,,,,tienda_viveres
node,13550958501,Reparacion de celulares,6.2900114,-75.5842761,mobile_phone_accessories,,,,,,,,,,,,
node,13550958502,Reparacion de computadores,6.289874,-75.5844184,computer,,,,,,,,,,,,tecnologia_celulares
node,13551307965,Paprimos Robledo,6.2788534,-75.6055341,,,fast_food,,,,,,,fries,,,comidas
node,13551307981,Ara,6.2792655,-75.6030308,supermarket,,,,,,Calle 64 #91D-81,,,,,,tienda_viveres
node,13584783493,Tienda El Paisita,6.2391306,-75.5366615,convenience,,,,,,,,,,,,tienda_viveres
node,13584783496,Imperio Animado,6.2390343,-75.5364726,clothes,,,,,,,,,,,,ropa_calzado
node,13584843449,Las Tinajas,6.2390058,-75.5369888,,,restaurant,,,,,,,,,,comidas
node,13584872885,panadería las tinajas,6.2390504,-75.5368294,,,cafe,,,,,,,,,,comidas
node,13584877946,La bendición poderosa,6.2391935,-75.5369786,convenience,,,,,,,,,,,,tienda_viveres
node,13584885701,Las delicias de Amparo,6.2390038,-75.5369673,,,restaurant,,,,Calle 56 # 14 Parque Las Tinajas,,,,,,comidas
node,13584886901,Deposito y ferreteria Filadelfia,6.2391195,-75.5367778,electronics,,,,,,Parque Las Tinajas,,,,,,tecnologia_celulares
node,13584887491,Las Delicias de Amparo Villatina,6.2393172,-75.5369428,,,restaurant,,,,,,,,,,comidas
node,13584893143,Uniformes,6.2382366,-75.5353524,clothes,,,,,,,,,,,,ropa_calzado
node,13584899788,Tienda,6.2382079,-75.5351279,convenience,,,,,,,,,,,,tienda_viveres
node,13584922702,Tienda La Bencion Poderosa,6.2389539,-75.5368659,grocery,,,,,,,,,,,,tienda_viveres
node,13584942202,Papeleria las Tinajas,6.2379205,-75.535736,art,,,,,,,,,,,,papeleria
node,13584956737,Parqueadero de motos,6.2382645,-75.534328,,parquet_layer,,,,,,,,,,,
node,13585692983,Deposito y Ferreteria La Entrada,6.3807126,-75.4491013,hardware,,,,,,Calle 7,7,,,,,construccion
node,13587321834,Panaderia la esquina del buen sabor,6.261467,-75.5703743,bakery,,,,,,,,,,,,panaderia
node,13591924645,Sabrositas,6.1523734,-75.6228676,,,fast_food,,,,Carrera 48,77B Sur-46,,fries;wings,,,comidas
node,13599635238,Cafeteria peaje --- punto de encuentro motoxistas,6.3261507,-75.6890226,,,cafe,,,,,,,,,,comidas
node,13623158501,Ara,6.2791242,-75.6383086,supermarket,,,,,,29,29-149,24/7,,,,tienda_viveres
node,13623192601,Mundo Hogar,6.2771344,-75.6364901,variety_store,,,,,,Calle 59,,24/7,,,,papeleria
node,13624271176,Al Anca,6.172004,-75.6110953,,,restaurant,,,,Carrera 51,48-56,,steak_house;grill,,,comidas
node,13643889351,Instinto RestoBar,6.3223733,-75.596022,,,restaurant,,,,,,,,,,comidas
node,13647732531,aa,6.2257558,-75.5627207,,,cafe,,,,,,,,,,comidas
node,13648734536,Restaurante Delicias del Mar,6.3013354,-75.567088,,,restaurant,,,,,,,,,,comidas
node,13650935776,Restaurante Delicias Mami,6.3127778,-75.5634377,,,restaurant,,,,,,,burger,,,comidas
node,13651270840,Smart Fit,6.3151176,-75.5585232,,,,,fitness_centre,,,,,,,,salud_bienestar
node,13653756768,Comedor Parque Ecologioco Nutibara,6.2379897,-75.5789159,,,fast_food,,,,,,,regional,,,comidas
node,13655292608,Be Network,6.2118914,-75.5591457,,,cafe,,,,Carrera 30 # 10c - 134,,Mo-Fr 08:00-21:00,cafe;coffee_shop;coworking;cotrabajo,,,comidas
node,13655658693,Area 51,6.1510566,-75.6213874,hairdresser,,,,,barber,Carrera 47 # 76 sur -12,,Mo-Sa 08:00-20:00,,,https://www.instagram.com/area.51_barber?igsh=cDR3Z3B3cmpqM2Zx,barberia
node,13655660690,Cafe Zendaya,6.1489982,-75.6164073,,,cafe,,,,Carrera 43A,,Mo-Su 09:00-21:00,coffee_shop,,https://www.instagram.com/cafezendaya/,comidas
node,13666705301,Carulla,6.2173913,-75.5986346,grocery,,,,,,Diagonal 75B,#6 - 105,,,,,tienda_viveres
node,13673357696,Tienda Don Carlos,6.2637218,-75.6070279,yes,,,,,,,,,,,,
node,13686658401,La Marquesina,6.2661479,-75.565733,,,cafe,,,,Calle 68,#51 D - 57,,,,,comidas
node,13686672201,Tienda & Cocina Vegetariana,6.2494942,-75.5632998,,,restaurant,,,,Carrera 45,#52 - 63,,,,,comidas
node,13687261532,El Mago,6.1687097,-75.5812255,car_repair,,,,,,,,,,,,mecanica_motos
node,13687264326,Olimpica,6.190492,-75.5955357,supermarket,,,,,,Carrera 54,,Mo-Su 10:00-22:00,,,,tienda_viveres
node,13687264696,Super centro de la moda,6.1901915,-75.5946846,mall,,,,,,Carrera 52D,,,,,,
node,13687274571,Gimnasio virfit,6.1883743,-75.5993074,,,,,fitness_centre,,Carrera 55B,,,,,https://www.google.com/search?q=virfit&oq=virfit&gs_lcrp=EgZjaHJvbWUqCggAEAAY4wIYgAQyCggAEAAY4wIYgAQyDQgBEC4YrwEYxwEYgAQyDQgCEC4YrwEYxwEYgAQyBwgDEAAYgAQyBwgEEAAYgAQyBwgFEAAYgAQyBwgGEAAYgAQyBwgHEAAYgAQyCggIEAAYgAQYogQyBwgJEAAY7wXSAQgyNTc0ajBqN6gCALACAA&sou,salud_bienestar
node,13687278545,Centro comercial la torre,6.1886674,-75.5963138,mall,,,,,,Carrera 52D,,Mo-Sa 10:00-19:00,,,,
node,13687297959,Tienda Ofelia,6.1686722,-75.5809954,yes,,,,,,,,,,,,
node,13687306689,Billar Chapi,6.171175,-75.6422724,,,restaurant,,,,,,,,,,comidas
node,13687313145,Farmacia La 90,6.282164,-75.5640076,,,pharmacy,pharmacy,,,Calle 90,,,,,,salud_bienestar
node,13687321619,Carnicería La 90,6.2820181,-75.5636173,butcher,,,,,,Calle 90,,24/7,,,,tienda_viveres
node,13687332728,El Migao,6.2825169,-75.5649582,,,cafe,,,,Calle 90,,,,,,comidas
node,13695932592,La Solucion,6.2087598,-75.5667736,tailor,,,,,,Carrera 37 #8a - 144,,Mo-Sa 09:00-19:30,,,,
node,13696194450,Biomedical Esthetic Center,6.2034201,-75.5765133,,,clinic,clinic,,,Calle 2 Sur #46-55 consultorio 525,,Mo-Fr 08:00-17:00,,,,salud_bienestar
node,13704823107,El Costillazo Paisa,6.0943426,-75.6318766,,,restaurant,,,,,,,,,,comidas
node,13707181794,Mercolanta,6.0772034,-75.6320885,convenience,,,,,,Carrera 45,143 Sur-273,,,,,tienda_viveres
node,13709890438,Epico,6.0880465,-75.6320628,,,fast_food,,,,,,,burger,,,comidas
node,13710109609,Yamaha del Sur,6.0951502,-75.6318837,motorcycle,,,,,,Carrera 45,125 Sur-151,,,,https://yamahadelsur.com,mecanica_motos
node,13710109614,Agropecuaria Agro Milagro,6.0955656,-75.6319729,agrarian,,,,,,,,,,,,
node,13712631946,Aymará,6.0973125,-75.6343181,bakery,,,,,,,,,,,,panaderia
node,13712631947,Merka Caldas Express,6.0973818,-75.6344397,supermarket,,,,,,,,,,,https://merkacaldas.com/,tienda_viveres
node,13712631948,Droguería Pasteur,6.0974687,-75.6345298,,,pharmacy,,,,Carrera 45,117 Sur-555,Mo-Sa 07:30-20:00; Su 08:00-19:00; PH 08:00-19:00,,,,salud_bienestar
node,13712680041,Madecentro,6.0967398,-75.6325304,doityourself,,,,,,Carrera 45,117 Sur-871,,,,,construccion
node,13714713612,Eco Functional Club,6.2172349,-75.5716816,,,,,fitness_centre,,Carrera 43F # 14A-126,,Mo-Fr 05:00-12:00 - 13:00-20:00; Sa 07:00-12:00; Su 09:00-11:00,,,,salud_bienestar
node,13721462101,Cetar Training,6.2454307,-75.5908821,,,,,fitness_centre,,Carrera 72,#2-46,Mo-Fr 05:00-21:00; Sa-Su 08:00-14:00,,,,salud_bienestar
node,13722093710,Saberes y Sabores del Alma: Cocina,6.26592,-75.5695903,,,restaurant,,,,,,,regional,,,comidas
node,13722171319,Nieto's Chips,6.263913,-75.5710118,,,fast_food,,,,,,,fries,,,comidas
node,13722476398,Las Amarillas,6.1021059,-75.6351306,,,restaurant,,,,Carrera 45,117 Sur-25,,regional,,,comidas
node,13722476399,Cipresco,6.1019125,-75.6351319,,carpenter,,,,,Carrera 45,117 Sur-67,,,,https://cipresco.com.co/,construccion
node,13725814002,Restaurante El Fortin,6.2446871,-75.5899911,,,restaurant,,,,Circular 1,#50,Mo-Su 08:00-16:00,chicken;local,,,comidas
node,13736708261,Estadero La Merienda,6.0922649,-75.6314193,,,restaurant,,,,,,,regional,,,comidas
node,13741111608,Restaurante La Distancia del Sabor,6.0917534,-75.6314483,,,restaurant,,,,Carrera 45,129 Sur-72,,regional,,,comidas
node,13741111609,Dulce Café,6.0928054,-75.6313967,bakery,,,,,,,,,,,,panaderia
node,13741111610,Dulce Encanto,6.0928587,-75.6313986,bakery,,,,,,,,,,,,panaderia
node,13741336371,Donde Sebas,6.0929946,-75.6313479,,,fast_food,,,,,,,chicken,,,comidas
node,13743200674,Restaurante Li Wah,6.093066,-75.6333629,,,restaurant,,,,,,,chinese,,,comidas
node,13743554805,El Llavero NC,6.0926666,-75.634366,,locksmith,,,,,Carrera 48,,,,,,
node,13743554806,Delicias El Tridente,6.093036,-75.6341206,pastry,,,,,,Calle 128 Sur,46-101,,,,,panaderia
node,13743554807,Tortas de pescado y algo màs La Bendición de Dios,6.093039,-75.6340146,,,fast_food,,,,,,,fish,,,comidas
node,13743554895,Minimercado La Variante,6.0930654,-75.6336013,convenience,,,,,,,,,,,,tienda_viveres
node,13743742455,Don Pollo,6.0921278,-75.6343529,butcher,,,,,,Carrera 48,129 Sur-18,,,,,tienda_viveres
node,13743742456,Almacén Diaye’s,6.0922777,-75.6340988,clothes,,,,,,Calle 129 Sur,47-17,,,,,ropa_calzado
node,13744240715,Consultorio Dental Sucursal de Bello,6.0898481,-75.6343823,,,dentist,,,,Carrera 48,131 Sur-98,,,,,salud_bienestar
node,13744240721,Policlínico Sur,6.0900161,-75.6343888,,,clinic,,,,Carrera 48,131 Sur-78,,,,,salud_bienestar
node,13744240811,Ferresur La 48,6.0907063,-75.634392,hardware,,,,,,,,,,,,construccion
node,13746570999,Oh! Food,6.1595397,-75.5930415,,,restaurant,,,,Calle 46E Sur #39D-30,301,,,,,comidas
node,13747436702,Tienda Mixta Los Bermúdez,6.0890347,-75.6339862,convenience,,,,,,Calle 133 Sur,47-8,,,,,tienda_viveres
node,13747436726,Agropecuaria Mundo Mascotas,6.0890791,-75.6343458,pet,,,,,,Carrera 48,132A Sur-36,,,,,mascotas
node,13749456501,Cafe Andino,6.2460661,-75.58668,,,cafe,,,,,,Mo-Fr 09:00-19:00; Sa 09:00-17:00,coffee_shop,,,comidas
node,13750146401,El Altar Taquería La 70,6.2456989,-75.5888895,,,restaurant,,,,Circular 3,#69-27,Mo-Su 12:00-00:00,mexican,,,comidas
node,13751660000,La Bendición de Tatú,6.09101,-75.6343869,tyres,,,,,,Carrera 48,130 Sur-60,,,,,mecanica_motos
node,13751693104,Droguería Lavie Vital,6.0930563,-75.6337286,,,pharmacy,,,,Calle 128 Sur,46-59,,,,,salud_bienestar
node,13751693105,Petlovers,6.0930476,-75.6338626,pet,,,,,,Calle 128 Sur,46-69,,,,,mascotas
node,13751693106,Texam,6.0930412,-75.6339685,clothes,,,,,,Calle 128 Sur,46-73,,,,,ropa_calzado
node,13751693107,Baes,6.0930278,-75.6342658,printing,,,,,,Calle 128 Sur,46-113,,,,https://ciasit.com/,
node,13751693109,Variedades Marce,6.0921845,-75.6343535,variety_store,,,,,,Carrera 48,129 Sur-10,,,,,papeleria
node,13751693110,La Casa del Papel,6.0920777,-75.6343544,stationery,,,,,,Carrera 48,129 Sur-20,,,,,papeleria
node,13751733714,Deli'empanadas Ángela,6.0882451,-75.6340381,,,fast_food,,,,,,,empanada,,,comidas
node,13751733715,Ferretería y Ebanistería Elkin Cano,6.0884761,-75.6342933,hardware,,,,,,Carrera 48,133 Sur-36,,,,,construccion
node,13751733716,Fumigar,6.0887874,-75.6343143,pest_control,,,,,,Carrera 48,133 Sur-20,,,,https://fumigarcaldas.com/,
node,13751733717,Ciropa,6.0885913,-75.6342991,,,restaurant,,,,Carrera 48,133 Sur-42,,barbecue;regional,,,comidas
node,13753012362,Camisetas Evelyn y Dulce,6.2503215,-75.6213637,clothes,,,,,,Calle 38 # 109,,Mo-Su 11:00-20:00,,,,ropa_calzado
node,13753022889,Guanajuato Balcon Mexicano,6.2491573,-75.6215098,,,restaurant,,,,Carrera 109 # 35f 54,,Mo-Su 12:00-23:00,mexican,,https://www.instagram.com/jairoacosta0414?igsh=MTk5NDc2MW40eTk2Zw%3D%3D,comidas
node,13753175119,Las Delicias De Martha,6.2487734,-75.6215395,,,restaurant,,,,Carrera 110 # 35F 16,,Mo-Su 08:00-18:00,colombian,,,comidas
node,13753175167,En La Juega,6.2494112,-75.6214129,clothes,,,,,,Carrera 109 # 36-36,,Mo-Su 12:00-20:00,,,,ropa_calzado
node,13754061439,Cafetería y Charcutería Buen Día,6.0930207,-75.6343696,,,cafe,,,,,,,,,,comidas
node,13754061440,Arepas Rellanas El Semáforo,6.0929713,-75.6343776,,,fast_food,,,,Carrera 48,128 Sur-10,,arepa,,,comidas
node,13754061441,Maggic Papas,6.0929102,-75.6343744,,,fast_food,,,,,,,fries,,,comidas
node,13754073286,El Playón,6.0889181,-75.6338979,convenience,,,,,,Calle 133 Sur,46-37,,,,,tienda_viveres
node,13754095106,Tienda Mixta Puerto Amor,6.0894486,-75.6342022,convenience,,,,,,Calle 132A Sur,47-20,,,,,tienda_viveres
node,13754095110,Todo Tapicería,6.0908286,-75.6343829,,upholsterer,,,,,Carrera 48,130 Sur-78,,,,,
node,13754095111,Ruta 48,6.0909009,-75.634384,bicycle,,,,,,Carrera 48,130 Sur-70,,,,,
node,13754095112,Cobagro,6.0908652,-75.6343835,,,veterinary,,,,Carrera 48,130 Sur-74,,,,,mascotas
node,13754157920,La Esquina del Sabor Mixto Los Cano,6.0882256,-75.6342687,,,cafe,,,,Carrera 48,133 Sur-86,,,,,comidas
node,13754157922,Ebanistería & Ferretería Arboleda,6.0882615,-75.6335809,hardware,,,,,,Calle 134 Sur,46-16,,,,,construccion
node,13754157923,Rapicrock’s,6.088261,-75.6336468,,,fast_food,,,,Calle 134 Sur,46-46,,burger;chicken;fries;hot_dog,,,comidas
node,13754157924,Confamita,6.0882517,-75.6337546,convenience,,,,,,Calle 134 Sur,46-68,,,,,tienda_viveres
node,13754157926,Heladería La Nana,6.0882655,-75.6338896,,,ice_cream,,,,Carrera 47,133 Sur-78,,,,,comidas
node,13755744401,Jack's Wings,6.2401038,-75.5966749,,,restaurant,,,,Carrera 76,#33a-58,Mo-Sa 12:00-23:00; Su 09:00-18:00,chicken,,,comidas
node,13757840148,Bajo Cero,6.0865466,-75.6356992,alcohol,,,,,,,,,,,,tienda_viveres
node,13757840149,Pampa Parrilla Gourmet,6.0863219,-75.6351504,,,restaurant,,,,Carrera 49,135A Sur-81,,barbecue,,,comidas
node,13757840151,Vidalpedal,6.0862399,-75.6355812,bicycle,,,,,,Calle 136 Sur,49-58,,,,,
node,13757840152,Papelería y Variedades M&G,6.0862384,-75.6356202,stationery,,,,,,Calle 136 Sur,49-62,,,,https://papeleriayvariedadesmyg.com.co/,papeleria
node,13757840153,La Casa del Jugo Tortas Doña Sofía,6.0862379,-75.6356562,,,cafe,,,,Calle 136 Sur,49-64,,,,,comidas
node,13757840156,Veterinaria Su Majestad El Perro,6.0864263,-75.6356942,,,veterinary,,,,Carrera 50,135A Sur-44,,,,,mascotas
node,13760161921,Queens Food and Drinks,6.0904686,-75.6345358,,,fast_food,,,,Carrera 48,,,burger;fries,,,comidas
node,13760161922,King's of Barbershop,6.0894772,-75.634474,hairdresser,,,,,,Carrera 48,132 Sur-9,,,,,belleza_peluqueria
node,13760161925,La Colmena Caldas,6.0892351,-75.6344619,,locksmith,,,,,Carrera 48,132 Sur-39,,,,,
node,13760161926,Creaciones Joselynth,6.0891017,-75.6344595,clothes,,,,,,Carrera 48,132 Sur-55,,,,,ropa_calzado
node,13760161928,Ven a Mí,6.0902738,-75.634404,convenience,,,,,,Carrera 48,131 Sur-42,,,,,tienda_viveres
node,13760161931,7'70 Barbería,6.0885207,-75.6342976,hairdresser,,,,,,Carrera 48,133 Sur-50,,,,,belleza_peluqueria
node,13761199811,Todo En Uno Express,6.0922207,-75.6344876,wholesale,,,,,,Carrera 48,129 Sur-9,,,,,
node,13761199812,Ferretería Los Gómez,6.0921255,-75.6344847,hardware,,,,,,Carrera 48,129 Sur-19,,,,,construccion
node,13761199813,Restaurante Plato del Día,6.0920762,-75.6344823,,,restaurant,,,,Carrera 48,129 Sur-23,,regional,,,comidas
node,13761199815,Distriplaza #1,6.0919191,-75.6344765,convenience,,,,,,Carrera 48,129 Sur-43,,,,,tienda_viveres
node,13761199817,Nutricaldas,6.0915812,-75.6344959,agrarian,,,,,,Carrera 48,129 Sur-81,,,,,
node,13761557501,360 Rooftop Bar & Restaurante,6.2096683,-75.5661122,,,restaurant,,,,Calle 10A,#36-29,Su-We 07:00-23:00; Th 07:00-00:00; Fr-Sa 07:00-02:00,burger;seafood,,,comidas
node,13762304057,Max Papitas,6.1522723,-75.6165595,,,fast_food,,,,Calle 70 Sur,45A-65,,fries,,,comidas
node,13762356853,El Laboratorio de Café,6.1985009,-75.5793002,,,cafe,,,,,,Mo-Fr 09:00-21:00; Sa 07:00-16:30,,,https://ellaboratoriodecafe.com/,comidas
node,13765513057,Cafetería V. A.,6.0870189,-75.6341281,,,cafe,,,,,,,,,,comidas
node,13765550743,Ferretería y Eléctricos Ipelco,6.0872508,-75.6341459,hardware,,,,,,Carrera 48,135 Sur-10,,,,,construccion
node,13765550744,Johana Nails Spa,6.0871621,-75.6339501,beauty,,,,,,Calle 135A Sur,47-38,,,,,belleza_peluqueria
node,13765557455,Confecciones Drago,6.0866846,-75.6338688,tailor,,,,,,Calle 135B Sur,47-33,,,,https://confeccionesdagro.com/,
node,13765557456,Pulpas La Mona,6.0865664,-75.6335769,frozen_food,,,,,,Carrera 47,135B Sur-23,,,Venta de pulpas de fruta congeladas,,
node,13765557473,Panadería Manupan,6.0864375,-75.6340995,bakery,,,,,,,,,,,,panaderia
node,13765557474,Asadero Damar,6.0865137,-75.6341042,,,fast_food,,,,,,,chicken,,,comidas
node,13768991991,Agro Insumos Caldas,6.0862613,-75.6358699,agrarian,,,,,,Carrera 50,135A Sur-53,,,,,
node,13768991992,Almacén Cicloturismo,6.0870622,-75.6358983,bicycle,,,,,,,,,,,,
node,13772032283,Ventas de la Parroquia,6.307304,-75.5825501,,,cafe,,,,,,,,,,comidas
node,13773128686,La Casita de la Abuela,6.0925536,-75.6344748,,,restaurant,,,,Carrera 48,128 Sur-59,,regional,,,comidas
node,13773128687,Granero Los Soto,6.0923653,-75.6344763,convenience,,,,,,Calle 129 Sur,48-2,,,,,tienda_viveres
node,13793034688,Panadería Pablo Pastelero,6.0931554,-75.6342095,bakery,,,,,,Calle 128 Sur,46-104,,,,,panaderia
node,13793034689,Dulces Tradicionales El Buen Sabor,6.093186,-75.6333047,confectionery,,,,,,Calle 128 Sur,46-14,,,,,panaderia
node,13793034690,Todo En Uno,6.0931561,-75.6342529,wholesale,,,,,,Calle 128 Sur,46-112,,,,,
node,13793128198,Granero Mixto La Patada de la Mula,6.0935371,-75.6343925,convenience,,,,,,,,,,,,tienda_viveres
node,13797207972,D1,6.0931371,-75.6346072,supermarket,,,,,,Calle 128 Sur,48-12,,,,,tienda_viveres
node,13797304836,Gana,6.0931214,-75.6349229,lottery,,,,,,Calle 128 Sur,48A-2,,,,,
node,13797642895,Visual Plus,6.093094,-75.6353828,optician,,,,,,Calle 128 Sur,49-4,,,,,salud_bienestar
node,13797642896,Koaj,6.093073,-75.6358532,clothes,,,,,,Calle 128 Sur,49-54,,,,https://www.koaj.co/,ropa_calzado
node,13797642898,Gimnasio Vir Fit,6.0930672,-75.6359976,,,,,fitness_centre,,Calle 128 Sur,49-60,,,,,salud_bienestar
node,13797642899,Agaval,6.0930656,-75.6360515,department_store,,,,,,Calle 128 Sur,49-72,,,,,
node,13797656501,Restaurante Chop Suey,6.0932338,-75.6360733,,,restaurant,,,,,,,chinese,,,comidas
node,13797687152,Asadero Anita,6.0934872,-75.636235,,,fast_food,,,,,,,chicken,,,comidas
node,13797687153,Floristeria la 50,6.0935457,-75.6362381,florist,,,,,,Carrera 50,127 Sur-27,,,,,
node,13797687155,Compraventa El Vencedor,6.0936768,-75.6362466,pawnbroker,,,,,,Carrera 50,127 Sur-9,,,,,
node,13797687156,Medicaldas,6.0931966,-75.6368952,,,doctors,,,,Carrera 51,127 Sur-62,,,,,salud_bienestar
node,13797687157,La Canoa,6.0930256,-75.6368832,bakery,,,,,,,,,,,,panaderia
node,13797687158,Ara,6.0930478,-75.6364849,supermarket,,,,,,Calle 128 Sur,50-28,,,,,tienda_viveres
node,13797687159,Empanadas del Atrio,6.0930535,-75.6363232,,,fast_food,,,,,,,empanada,,,comidas
node,13797687160,Carnes Mayoritario,6.0930642,-75.6362105,butcher,,,,,,,,,,,,tienda_viveres
node,13797687162,Funeraria Renacer,6.0931784,-75.6362167,funeral_directors,,,,,,Carrera 50,127-53,,,,,
node,13802234592,Mellow Sky,6.2482473,-75.5675342,cannabis,,,,,,Cra. 49 Junín #48-59 Of 904,,Mo-Fr 09:00-18:00,,,,
node,13802308165,Muzarella’s,6.1759212,-75.5811759,,,cafe,,,,tv32a sur # 31d 49 zona 9,,Mo-Su 09:00-21:00,coffee_shop;burger;grill;pizza,,https://www.instagram.com/Muzarellas__,comidas
node,13802476029,La Piñata,6.1713276,-75.5854328,confectionery,,,,,,Calle 35 sur 41 24,,Mo-Su 09:00-21:00,,,,panaderia
node,13802476030,Fonda la Santamaria,6.1730622,-75.5854631,alcohol,,,,,,Diagonal 40 #33 sur 95,,Tu-Sa 18:00-04:00,,,,tienda_viveres
node,13802484187,La Licorera,6.1731518,-75.5854691,alcohol,,,,,,Diagonal 40 #33 sur 25,,Tu-Su 18:00-04:00,,,,tienda_viveres
node,13805274591,Mar Adentro,6.0923647,-75.6361752,,,restaurant,,,,Carrera 50,,,fish,,,comidas
node,13805274593,Casa Eléctricos del Sur,6.092469,-75.6361819,hardware,,,,,,Carrera 50,128 Sur-53,,,,,construccion
node,13805274595,Droguería Principal Mystic 3,6.0925263,-75.6361855,,,pharmacy,,,,Carrera 50,128 Sur-43,,,,,salud_bienestar
node,13805274596,Mil Cacharros,6.0925901,-75.6361896,variety_store,,,,,,Carrera 50,128 Sur-35,,,,,papeleria
node,13805274597,Feria del Brasier Solo Kukos,6.0926601,-75.6361941,clothes,,,,,,Carrera 50,128 Sur-29,,,,,ropa_calzado
node,13805274599,Todo al 50%,6.0928414,-75.6362057,clothes,,,,,,,,,,,,ropa_calzado
node,13805274600,Carrera,6.0929062,-75.6362098,clothes,,,,,,Carrera 50,127 Sur-5,,,,,ropa_calzado
node,13805357350,Legumbrería Los Morales,6.092253,-75.6367657,greengrocer,,,,,,Calle 129 Sur,50-72,,,,,tienda_viveres
node,13805357351,Frisby,6.0922584,-75.6365926,,,fast_food,,,,,,,chicken,,,comidas
node,13805357352,Licorera Sol Mayor,6.0922614,-75.6364764,alcohol,,,,,,,,,,,,tienda_viveres
node,13805357353,Droguería Gelicca,6.0922616,-75.6364495,,,pharmacy,,,,Calle 129 Sur,50-34,,,,,salud_bienestar
node,13805357354,Donde Sebas,6.0922622,-75.6364272,,,ice_cream,,,,,,,,,,comidas
node,13805357357,Gana,6.0922709,-75.6363284,lottery,,,,,,Calle 129 Sur,50-18,,,,,
node,13805357358,Carnes El Trebol,6.092272,-75.6362761,butcher,,,,,,,,,,,,tienda_viveres
node,13805357359,Concel del Sur,6.0922735,-75.6362334,mobile_phone,,,,,,,,,,,,tecnologia_celulares
node,13806722758,La Sazon de Natalia,6.2492318,-75.6214853,,,restaurant,,,,Carrera 109 #36 118,,Mo-Su 09:00-17:00,colombian,,https://www.instagram.com/lasazonnatalialamejor?igsh=eXlyZWJiNTNnZWJ1,comidas
node,13806742476,Chilocheladas,6.2492164,-75.6214971,beverages,,,,,,Carrera 109 # 36 - 118,,Mo-Su 10:00-19:00,,,,tienda_viveres
node,13811214584,Jaspe Spa,6.2404898,-75.6065328,beauty,,,,,,,,,,,,belleza_peluqueria
node,13811214587,El Amigazo,6.2412702,-75.6050775,convenience,,,,,,,,,,,,tienda_viveres
node,13816338698,Burana,6.2413825,-75.6045269,beauty,,,,,,,,,,,,belleza_peluqueria
node,13816644474,Cruz Verde,6.08972,-75.6360743,,,pharmacy,,,,Carrera 50,132 Sur-1,,,,,salud_bienestar
node,13819882455,Droguería Pronto Alivio,6.0905077,-75.636731,,,pharmacy,,,,Calle 131 Sur,50-75,,,,,salud_bienestar
node,13819882456,San Gabriel,6.0905059,-75.636619,mall,,,,,,Calle 131 Sur,50-59,,,,,
node,13819882457,Tú Fruver,6.0904488,-75.636125,supermarket,,,,,,,,,,,,tienda_viveres
node,13819882458,Supermercado Imperial,6.0900064,-75.6361102,convenience,,,,,,,,,,,,tienda_viveres
node,13819882459,Cookipan,6.0901683,-75.6361148,bakery,,,,,,,,,,,,panaderia
node,13819882460,Merka Caldas,6.0902897,-75.6361167,supermarket,,,,,,Carrera 50,,,,,https://merkacaldas.com/,tienda_viveres
node,13819961569,Variedades Siquem,6.0913552,-75.6361189,variety_store,,,,,,Carrera 50,,,,,,papeleria
node,13819961570,Mr. Tamal,6.0906482,-75.6367095,,,restaurant,,,,Calle 131 Sur,50-74,,regional,,,comidas
node,13819961571,Ofisex,6.0906581,-75.6364655,stationery,,,,,,Calle 131 Sur,50-46,,,,,papeleria
node,13819961572,Pasaje Alejandrino,6.0906574,-75.6364973,mall,,,,,,Calle 131 Sur,50-46,,,,,
node,13819961573,Santo Pan,6.0906597,-75.6360803,bakery,,,,,,,,,,,,panaderia
node,13819961574,Bariedades y Adornos Asia,6.0907625,-75.6360833,variety_store,,,,,,Carrera 50,130 Sur-77,,,,,papeleria
node,13819961575,Mercados Suroeste,6.0907952,-75.6360884,convenience,,,,,,Carrera 50,130 Sur-73,,,,,tienda_viveres
node,13819961576,Bebés & Niños,6.0909034,-75.6360945,baby_goods,,,,,,,,,,,,
node,13819961577,PicoRico,6.0908616,-75.636093,,,restaurant,,,,Carrera 50,130 Sur-69,,chicken;regional,,,comidas
node,13819961580,Merka Caldas,6.0909806,-75.6361019,supermarket,,,,,,Carrera 50,130 Sur-53,,,,https://merkacaldas.com/,tienda_viveres
node,13819961581,Farmacia Pasteur,6.0910328,-75.6361038,,,pharmacy,,,,Carrera 50,130 Sur-47,24/7,,,,salud_bienestar
node,13819961582,La Dayana,6.0911007,-75.6361142,bakery,,,,,,Carrera 50,130 Sur-33,,,,,panaderia
node,13819961583,La Vaquita,6.0913276,-75.6365246,supermarket,,,,,,Calle 130 Sur,50-45,,,,https://vaquitaexpress.com.co/,tienda_viveres
node,13825482355,Sushi Light,6.1983235,-75.5789783,,,restaurant,,,,,,,sushi,,,comidas
node,13825482356,Nativos,6.1986996,-75.5789783,,,fast_food,,,,,,,juice,,,comidas
node,13825482357,La Bodeguita,6.1991157,-75.578985,convenience,,,,,,,,,,,,tienda_viveres
node,13825482358,Aldea Nikkei,6.1993911,-75.5784317,,,restaurant,,,,,,,sushi,,,comidas
node,13825482359,Hood,6.1992943,-75.5784412,,,restaurant,,,,,,,,,,comidas
node,13825482360,Frisby,6.1990666,-75.5783513,,,fast_food,,,,,,,chicken,,,comidas
node,13825482361,Bigos,6.199178,-75.5783557,,,restaurant,,,,,,,,,,comidas
node,13825482362,Dunkin',6.1991227,-75.5785312,,,fast_food,,,,,,,donut;coffee_shop,,,comidas
node,13825482363,El Corral,6.1994418,-75.5784263,,,fast_food,,,,,,,burger,,,comidas
node,13825482364,Taco Factory,6.1993638,-75.5784316,,,fast_food,,,,,,,mexican,,,comidas
node,13825482365,Farmacia Pasteur,6.1989153,-75.5781661,chemist,,,,,,,,,,,,salud_bienestar
node,13828505751,Restaurante la Posada de Posada,6.1739401,-75.4917897,,,restaurant,,,,,,,,,,comidas
node,13831008501,Variedades la fortuna,6.2792299,-75.5387888,fashion_accessories,,,,,,,,,,,,ropa_calzado
node,13831023301,Legumbreria,6.2796356,-75.5389823,greengrocer,,,,,,,,,,,,tienda_viveres
node,13832159954,Miguel Antonio Uribe,6.292081,-75.5825674,,,doctors,doctor,,,,,,,,,salud_bienestar
node,13842130041,Charcutería La Alianza,6.0846344,-75.6331733,convenience,,,,,,,,,,,,tienda_viveres
node,13842148100,Maloka,6.0839676,-75.6338132,convenience,,,,,,,,,,,,tienda_viveres
node,13846804693,Distribuidora Estancoficial,6.0913937,-75.6351698,alcohol,,,,,,Carrera 49,130 Sur-27,,,,,tienda_viveres
node,13846804700,Merka Bueno,6.0911846,-75.6361125,supermarket,,,,,,Carrera 50,130 Sur-27,,,,,tienda_viveres
node,13846851802,Stop Jeans,6.0921326,-75.636173,clothes,,,,,,Carrera 50,129 Sur-7,,,,,ropa_calzado
node,13846851803,Crediópticas,6.0919935,-75.6361659,optician,,,,,,Carrera 50,129 Sur-31,,,,,salud_bienestar
node,13846851804,Radianty,6.0919253,-75.6361615,shoes,,,,,,Carrera 50,129 Sur-35,,,,,ropa_calzado
node,13846851805,Galax,6.0916072,-75.6361445,clothes,,,,,,Carrera 50,129 Sur-69,,,,,ropa_calzado
node,13846851806,Helados & Frutas,6.0914637,-75.6361356,,,ice_cream,,,,,,,,,,comidas
node,13846851807,Droguería Alemana,6.0913508,-75.6359761,,,pharmacy,,,,Calle 130 Sur,49-75,,,,,salud_bienestar
node,13846851809,Migote,6.0913577,-75.6358546,bakery,,,,,,,,,,,,panaderia
node,13846851810,Pollos Mario,6.0913599,-75.6358166,,,fast_food,,,,,,,chicken,,,comidas
node,13846851814,Droguería,6.0913723,-75.6356004,,,pharmacy,,,,Calle 130 Sur,49-37,,,,,salud_bienestar
node,13846851815,Bahía Frappe,6.0913741,-75.63557,,,fast_food,,,,Calle 130 Sur,49-33,,juice,,,comidas
node,13846851820,La Nebraska,6.0913858,-75.6353649,,,restaurant,,,,Calle 130 Sur,49-11,,,,,comidas
node,13846851822,Gana,6.0913895,-75.6352841,lottery,,,,,,Calle 130 Sur,49-1,,,,,
node,13846851824,La Bonita,6.0921313,-75.6352348,alcohol,,,,,,,,,,,,tienda_viveres
node,13846851826,Freshia,6.0922276,-75.6352268,pastry,,,,,,Calle 129 Sur,48-91,,,,,panaderia
node,13846851827,Grano a Grano,6.0922276,-75.6352048,coffee,,,,,,Calle 129 Sur,48-79,,,,https://granoagrano.co/,
node,13846851828,Pasterlería Diana,6.0922278,-75.6351752,bakery,,,,,,Calle 129 Sur,48-73,,,,,panaderia
node,13846851829,Papelería y Variedades One Eleven,6.0922274,-75.6351368,stationery,,,,,,Calle 129 Sur,48-69,,,,,papeleria
node,13846851830,Amaasando,6.0922132,-75.6352402,bakery,,,,,,Carrera 49,129 Sur-2,,,,,panaderia
node,13846851831,Wom,6.0920679,-75.6352313,mobile_phone,,,,,,,,,,,,tecnologia_celulares
node,13846851832,Cruz Verde,6.0919102,-75.6352268,,,pharmacy,,,,Carrera 49,129 Sur-36,,,,,salud_bienestar
node,13846851852,CIS Comfama,6.0923346,-75.6354576,,,clinic,,,,Calle 129 Sur,49-24,,,,,salud_bienestar
node,13846851854,Mordiscos Express,6.0923096,-75.6360154,bakery,,,,,,,,,,,,panaderia
node,13847155765,Mario Alitas,6.0861188,-75.6349465,,,fast_food,,,,Carrera 49,136 Sur-2,,chicken;fries,,,comidas
node,13847155766,Mandi Chips,6.0860814,-75.6349404,,,fast_food,,,,Carrera 49,136 Sur-6,,fries,,,comidas
node,13847155767,Quesu2,6.0860545,-75.6349343,,,fast_food,,,,Carrera 49,136 Sur-8,,burger;fries;hot_dog,,,comidas
node,13847155792,Charcutería y Licores La 48,6.0854404,-75.6342078,convenience,,,,,,Carrera 48,136 Sur-83,,,,,tienda_viveres
node,13847155795,CRC Competente,6.0861464,-75.6348155,,,doctors,,,,Calle 136 Sur,48-63,,,,,salud_bienestar
node,13847156325,Mistral,6.0862723,-75.6349571,,,restaurant,,,,Carrera 49,135 Sur-130,,,,,comidas
node,13847210565,Ricuras del Machetico,6.0842476,-75.6340684,,,fast_food,,,,,,,,,,comidas
node,13847210566,Corazón Animal,6.0843504,-75.6341032,pet,,,,,,Carrera 49,,,,,,mascotas
node,13847210567,La Familia de los Pingüinos,6.0844908,-75.6341437,,,ice_cream,,,,,,,,,,comidas
node,13848007588,Kiosko Los Pensionados,6.0838219,-75.6339519,convenience,,,,,,Calle 139 Sur,,,,,,tienda_viveres
node,13854367432,RASTALLER Bike Love,6.2445086,-75.5832119,bicycle,,,,,,,,Mo-Fr 08:00-17:00; Sa 08:00-14:00,,,,
node,13858305595,Otis Tierra de Mascotas,6.2503312,-75.5727818,pet,,,,,,,,Mo-Sa off,,,,mascotas
node,13861053574,Artes Colibri,6.2493102,-75.6215038,art,,,,,,carrera 109 # 36-49,,Mo-Su 10:00-19:00,,,,papeleria
node,13861148123,Chips&Crunch,6.1629419,-75.5819703,,,fast_food,,,,Carrera 30# 39bsur-65,,Mo-Su 17:00-22:00,,,https://www.instagram.com/ChipsyCrunch,comidas
node,13861179905,La burbuja de la tecnología,6.1705431,-75.5859369,mobile_phone,,,,,,Calle 36sur #41-21,,Mo-Sa 08:00-19:00,,,,tecnologia_celulares
node,13861197663,Frozen Mix,6.2386346,-75.5702051,beverages,,,,,,Cr 46#38-56,,Mo-Su 08:00-18:00,,,,tienda_viveres
node,13869617401,Phillyzon,6.2099058,-75.5667459,,,fast_food,,,,Calle 10A,37-23,,,,,comidas
node,13875292102,Santo Daime Colombia - Céu Condor-Águia,6.2560261,-75.4933895,,,,alternative,,,,,24/7,,,https://t.me/incailsd,salud_bienestar
node,13898076577,Martinesco,6.0837275,-75.6348982,convenience,,,,,,Carrera 50,,,,,,tienda_viveres
node,13898076578,Gana,6.0836985,-75.6348885,lottery,,,,,,Carrera 50,,,,,,
node,13898076579,Riko Pollo J. J. García,6.0836755,-75.6348802,,,fast_food,,,,Carrera 50,,,chicken,,,comidas
node,13898076580,Deposito y Ferretería La Constancia,6.0838223,-75.634931,hardware,,,,,,Carrera 50,138B Sur-30,,,,,construccion
node,13898076581,Delicias Horneadas,6.0840375,-75.6350014,bakery,,,,,,Carrera 50,,,,,,panaderia
node,13900306045,Hot Cheese,6.1523004,-75.6229961,,,fast_food,,,,Calle 76B Sur,47C-50,,burger;hot_dog,,,comidas
node,13903003862,Doxxis Licorera,6.2933613,-75.5828602,alcohol,,,,,,,,,,,,tienda_viveres
node,13903003878,Billares La Estrella De Miramar,6.2933169,-75.5829141,alcohol,,,,,,,,,,,,tienda_viveres
node,13908479538,Salsas & Desechables Gore,6.2920318,-75.5830088,general,,,,,,,,,,,,tienda_viveres
node,13908482903,Pinturas y Materiales Full Kolors,6.2930429,-75.5823984,paint,,,,,,,,,,,,construccion
node,13908482917,Centro cosmetico Divinas Miradas,6.2931807,-75.5827281,cosmetics,,,,,,,,,,,,belleza_peluqueria
node,13908482918,Taller De Motocicletas Alex,6.293124,-75.5828054,motorcycle_repair,,,,,,,,,,,,mecanica_motos
node,13908482923,TATTOOS,6.2929393,-75.5828154,tattoo,,,,,,,,,,,,
node,13912534301,Tanqueo,6.2050931,-75.4863138,,,restaurant,,,,,,,,,,comidas
node,13912534304,Minimercado los González,6.2791109,-75.54023,convenience,,,,,,,,,,,,tienda_viveres
node,13912536601,TuboPan,6.2792136,-75.5388782,bakery,,,,,,,,,,,,panaderia
node,13912536603,La finquita,6.2850655,-75.5407885,convenience,,,,,,,,,,,,tienda_viveres
node,13912925618,Yireth,6.2662897,-75.6130312,,,restaurant,,,,,,,,,,comidas
node,13912925619,Yuli Rojas Nail,6.2664291,-75.6129149,beauty,,,,,,,,,,,,belleza_peluqueria
node,13912925620,Acuarella Nails,6.2660833,-75.6133928,beauty,,,,,,,,,,,,belleza_peluqueria
node,13912925621,El Trigal,6.2662171,-75.6131897,bakery,,,,,,,,,,,,panaderia
node,13912925624,El Mercadito,6.2671871,-75.6130498,convenience,,,,,,,,,,,,tienda_viveres
node,13912925625,Variedades Carla,6.2672416,-75.6130731,convenience,,,,,,,,,,,,tienda_viveres
node,13912925627,Los Tigrillos,6.267317,-75.6135039,convenience,,,,,,,,,,,,tienda_viveres
node,13912925629,Río,6.2673581,-75.61354,hairdresser,,,,,,,,,,,,belleza_peluqueria
node,13912925630,La Promesa,6.267359,-75.6134971,bakery,,,,,,,,,,,,panaderia
node,13912925631,Erika Yepes Estilista,6.2674067,-75.6135796,hairdresser,,,,,,,,,,,,belleza_peluqueria
node,13912925632,La Calidad,6.2676238,-75.6137206,convenience,,,,,,,,,,,,tienda_viveres
node,13912925634,La 49,6.2679587,-75.6136812,car_repair,,,,,,,,,,,,mecanica_motos
node,13912925635,Esmeralda,6.2682712,-75.614214,,,fast_food,,,,,,,,,,comidas
node,13912927625,Carne a la Llanera,6.2989894,-75.5997714,,,restaurant,,,,,,,,,,comidas
node,13912953563,8amotos,6.2789785,-75.6377953,motorcycle,,,,,,,,,,,https://www.facebook.com/profile.php?id=100066393039967,mecanica_motos
node,13912953564,Brasas,6.2789517,-75.637752,,,fast_food,,,,,,,chicken,,,comidas
node,13919224976,Frutas y Verduras FN,6.0843559,-75.6346577,greengrocer,,,,,,Carrera 49,138 Sur-51,,,,,tienda_viveres
node,13919224977,Cheff Mon,6.0846786,-75.6347542,,,fast_food,,,,Calle 138 Sur,49-13,,barbecue;burger,,,comidas
node,13920665225,Víveres y Legumbres R. J.,6.0846271,-75.6354381,convenience,,,,,,Carrera 50,,,,,,tienda_viveres
node,13920965368,Papelería Jugadi,6.0850264,-75.6347182,stationery,,,,,,Carrera 49,,,,,,papeleria
node,13920965369,Granero Pérez Mar,6.084956,-75.6346972,convenience,,,,,,Carrera 49,,,,,,tienda_viveres
node,13920965370,Mandi Chips,6.0849219,-75.6346865,,,fast_food,,,,Carrera 49,,,fries,,,comidas
node,13921229729,Gana,6.0854264,-75.6358207,lottery,,,,,,Carrera 50,,,,,,
node,13921229730,Granero El Padrino,6.0853214,-75.6358136,convenience,,,,,,Carrera 50,137 Sur-13,,,,,tienda_viveres
node,13924571692,Trigo y Aromas,6.0882259,-75.6367398,,,cafe,,,,Carrera 54,133B Sur-26,,,,,comidas
node,13929497535,biomedical esthetic center,6.2039658,-75.5767924,,,clinic,clinic,,,calle 2 sur 46-55,,Mo-Fr 08:00-16:00,,,,salud_bienestar
node,13929539259,Connectapeople,6.3390035,-75.5484852,mobile_phone,,,,,,diagonal 55 #42-35,,Mo-Sa 08:00-18:00,,,,tecnologia_celulares
node,13929629033,Alma Silva,6.1514153,-75.6146538,clothes,,,,,,Cr 43c # 68a sur 20,,Mo-Su 09:00-19:00,,,,ropa_calzado
node,13930318180,Gana,6.0895345,-75.6368123,lottery,,,,,,,,,,,,
node,13930318182,Café Bar Pamplonita Premium,6.089689,-75.6370063,,,cafe,,,,Calle 132 Sur,51-25,,,,,comidas
node,13931760627,Severo Catering,6.1731722,-75.6417315,,caterer,,,,,cll 58 sur # 60 a 40,,Mo-Fr 08:00-17:00,regional;barbecue;italian;japanese,,https://www.instagram.com/severocatering?,
node,13931762952,Elastimedias,6.251623,-75.5630561,medical_supply,,,,,,Kr 46 # 54 14 edificio comedal consultorío 1502,,Mo-Fr 08:00-17:00,,,,salud_bienestar
node,13936986170,Papekas,6.0904773,-75.6377906,,,fast_food,,,,Carrera 53,,,fries,,,comidas
node,13936986171,Pielrojita Taquería del Pueblo,6.0904399,-75.6377664,,,fast_food,,,,Carrera 53,,,mexican,,,comidas
node,13936986183,Snoopy Shop,6.0896259,-75.6375735,pet,,,,,,Carrera 52,131 Sur-113,,,,,mascotas
node,13936986184,Charcutería de Ara,6.089728,-75.6375811,convenience,,,,,,Carrera 52,131 Sur-103,,,,,tienda_viveres
node,13937521215,Somos Prótesis,6.0909729,-75.638104,,dental_technician,,,,,Carrera 53,130 Sur-31,,,,,
node,13937521216,Agro Chacuru,6.0910704,-75.6381614,agrarian,,,,,,Carrera 53,,,,,,
node,13937521218,Gana,6.091195,-75.6382479,lottery,,,,,,,,,,,,
node,13937521221,Sabores de mi Tierra,6.0911143,-75.6383756,,,restaurant,,,,Calle 130 Sur,,,regional,,,comidas
node,13937825663,Piñatas,6.0905023,-75.6369687,party,,,,,,Calle 131 Sur,51-11,,,,,
node,13937825664,Sabor Ambrosía,6.0903804,-75.6374923,,,restaurant,,,,Carrera 52,131 Sur-20,,,,,comidas
node,13937825665,Distribuidora El Carrusel,6.0900707,-75.6374768,seafood,,,,,,Carrera 52,131 Sur-60,,,,,tienda_viveres
node,13937825666,Mandingas de la Mafia,6.0898853,-75.6374675,,,fast_food,,,,Carrera 52,131 Sur-82,,fries,,,comidas
node,13937825667,Chunchulines,6.0898436,-75.6374654,,,fast_food,,,,Calle 132 Sur,51-70,,friture,,,comidas
node,13937825668,Momentos Celestes,6.0898438,-75.6374215,,,restaurant,,,,Calle 132 Sur,51-68,,,,,comidas
node,13937825669,Ajedrez,6.0898439,-75.6374113,,,fast_food,,,,,,,pizza,,,comidas
node,13937825670,Trolly food,6.0898441,-75.6373586,,,fast_food,,,,Calle 132 Sur,51-58,,burger;friture,,,comidas
node,13937825671,Kazkitos,6.0898442,-75.6373313,,,fast_food,,,,Calle 132 Sur,51-57,,fries,,,comidas
node,13937825673,Agropecuaría El Carrusel,6.0898451,-75.6370982,agrarian,,,,,,Calle 132 Sur,51-34,,,,,
node,13937825674,Helados Merlín,6.0899255,-75.6369862,,,ice_cream,,,,Calle 132 Sur,51-18,,,,,comidas
node,13937825675,Cafetería La Dicha,6.0898455,-75.6370117,,,cafe,,,,Calle 132 Sur,51-22,,,,,comidas
node,13937825676,Dolce,6.090006,-75.6368896,,,restaurant,,,,Calle 132 Sur,51-6,,italian,,,comidas
node,13937825677,Veterinaría El Carrusel,6.0900667,-75.6368456,,,veterinary,,,,Carrera 51,131 Sur-53,,,,,mascotas
node,13937825680,Dimoga,6.0903544,-75.6368669,clothes,,,,,,Carrera 51,131 Sur-31,,,,,ropa_calzado
node,13937825681,La Comercializadora,6.0905023,-75.636878,wholesale,,,,,,Calle 131 Sur,51-7,,,,,
node,13939145478,Pinturas Arango,6.0906908,-75.6376053,paint,,,,,,Carrera 52,130 Sur-75,,,,,construccion
node,13939145479,Mueblería-Tapicería Caldas,6.090772,-75.637609,furniture,upholsterer,,,,,Carrera 52,130 Sur-63,,,,,
node,13939145480,Consuhogar,6.0908075,-75.6376107,houseware,,,,,,Carrera 52,130 Sur-59,,,,,
node,13939145481,TK la Bodega,6.0908417,-75.6376122,clothes,,,,,,Carrera 52,130 Sur-53,,,,,ropa_calzado
node,13939145482,Lemar,6.0908887,-75.6376144,optician,,,,,,Carrera 52,130 Sur-47,,,,,salud_bienestar
node,13939145483,Reina Roja,6.0909512,-75.6376173,clothes,,,,,,Carrera 52,130 Sur-41,,,,,ropa_calzado
node,13939145484,Confecciones y Sastrería Arboleda,6.0910234,-75.6376206,tailor,,,,,,Carrera 52,130 Sur-31,,,,,
node,13939145486,Enfoque Visual,6.0910605,-75.6376223,optician,,,,,,Carrera 52,130 Sur-25,,,,,salud_bienestar
node,13939145488,Droguería Latina,6.0911446,-75.6376262,,,pharmacy,,,,Carrera 52,130 Sur-15,,,,,salud_bienestar
node,13939145489,Grex,6.0911615,-75.637627,clothes,,,,,,Carrera 52,130 Sur-13,,,,,ropa_calzado
node,13939145490,Calzado Punto Outlet,6.0912608,-75.6376516,shoes,,,,,,Calle 130 Sur,52-3,,,,,ropa_calzado
node,13939145491,Variedades Molis,6.0912592,-75.6377047,variety_store,,,,,,Calle 130 Sur,52-13,,,,,papeleria
node,13939145492,D1,6.0912583,-75.6377368,supermarket,,,,,,Calle 130 Sur,52-13,,,,,tienda_viveres
node,13939145493,La Esquina del Sabor,6.0912185,-75.638111,bakery,,,,,,Carrera 53,130 Sur-2,,,,,panaderia
node,13939154302,Chamán,6.0905978,-75.6376287,,,fast_food,,,,Calle 131 Sur,52-10,,burger,,,comidas
node,13939264063,Arte y Decoración L&L,6.0911129,-75.6375042,furniture,,,,,,Carrera 51,130 Sur-20,,,,,
node,13939264070,Almacén Felectros,6.0910622,-75.6375025,electronics,,,,,,Carrera 51,130 Sur-26,,,,,tecnologia_celulares
node,13939264071,Óptik Alejandría,6.0909938,-75.6375002,optician,,,,,,Carrera 51,130 Sur-40,,,,,salud_bienestar
node,13939264072,Órbita,6.0909601,-75.6374991,hairdresser,,,,,,Carrera 51,130 Sur-44,,,,,belleza_peluqueria
node,13939264073,Dipro,6.0909372,-75.6374984,printing,,,,,,Carrera 51,130 Sur-48,,,,,
node,13939264074,Ba' Esco,6.0907714,-75.6374928,stationery,,,,,,Carrera 52,130 Sur-64,,,,,papeleria
node,13939264075,Ruiseñor,6.0907343,-75.6374916,musical_instrument,,,,,,Carrera 52,130 Sur-72,,,,,
node,13939264076,Latinoamerica de vidrios,6.090698,-75.6374904,,glaziery,,,,,Carrera 52,130 Sur-76,,,,,construccion
node,13939264077,Cafetería Madiluz,6.0906238,-75.6374879,,,cafe,,,,Calle 131 Sur,51-74,,,,,comidas
node,13939264079,Stylo Decorativo,6.0906243,-75.6369294,houseware,,,,,,Calle 131 Sur,51-10,,,,,
node,13939264082,El Tinajero,6.0906244,-75.636871,pastry,,,,,,Calle 131 Sur,51-4,,,,,panaderia
node,13939571919,Centro Comercial Ruiseñor,6.0912338,-75.6371268,mall,,,,,,Calle 130 Sur,51-29,,,,,
node,13939571920,Almacén Toto Hogar,6.0912711,-75.6375182,furniture,,,,,,Calle 130 Sur,51-69,,,,,
node,13940736518,Droguería Bombay,6.0920911,-75.6375488,,,pharmacy,,,,Calle 129 Sur,51-73,,,,,salud_bienestar
node,13940736519,Totto,6.0920423,-75.6375487,bag,,,,,,Carrera 52,129 Sur-12,,,,,ropa_calzado
node,13940736520,Asociación Mutual El Porvenir,6.0919903,-75.6375486,funeral_directors,,,,,,Carrera 52,129 Sur-16,,,,,
node,13940736521,Almacén Electroger,6.0918551,-75.637539,,electronics_repair,,,,,Carrera 52,129 Sur-34,,,,,tecnologia_celulares
node,13940736522,Botero Bikes,6.0917407,-75.6375332,bicycle,,,,,,Carrera 52,129 Sur-46,,,,,
node,13940736523,Ganhesha,6.0916739,-75.6375298,,,restaurant,,,,Carrera 52,129 Sur-56,,,,,comidas
node,13940736524,Almacén Alfonso Posada C.,6.091409,-75.6375478,houseware,,,,,,Carrera 52,129 Sur-84,,,,,
node,13940736526,La Despensa de Baco,6.0913795,-75.6373944,wholesale,,,,,,Calle 130 Sur,51-58,,,,,
node,13940736527,Paches,6.0914058,-75.6368998,bakery,,,,,,Calle 130 Sur,,,,,,panaderia
node,13944329747,Almacén Neptuno,6.0913559,-75.637746,clothes,,,,,,Calle 130 Sur,,,,,,ropa_calzado
node,13944329749,Porcicarnes,6.0913384,-75.638152,butcher,,,,,,Calle 130 Sur,52-60,,,,,tienda_viveres
node,13944329750,La Estación,6.0914165,-75.6381849,convenience,,,,,,Carrera 53,129 Sur-80,,,,,tienda_viveres
node,13944329751,Los Velez,6.091473,-75.6381894,convenience,,,,,,Carrera 53,129 Sur-76,,,,,tienda_viveres
node,13944329752,Eléctricos Melecth,6.091507,-75.6381921,electrical,,,,,,Carrera 53,129 Sur-70,,,,,construccion
node,13944329754,Alomas,6.0917586,-75.6382119,bakery,,,,,,Carrera 53,129 Sur-38,,,,,panaderia
node,13944329755,Clínica Veterinaria Caldas,6.0918236,-75.638217,,,veterinary,,,,Carrera 53,129 Sur-34,,,,,mascotas
node,13944329756,Sr. Barbero,6.0918511,-75.6382192,hairdresser,,,,,,Carrera 53,129 Sur-30,,,,,belleza_peluqueria
node,13944329757,Servifruver,6.0920829,-75.6380207,greengrocer,,,,,,Calle 129 Sur,52-39,,,,,tienda_viveres
node,13944329758,Papelería el Clip,6.0920846,-75.6379778,stationery,,,,,,Calle 129 Sur,52-35,,,,,papeleria
node,13944329762,San Sebastián,6.0920935,-75.6377444,optician,,,,,,Calle 129 Sur,52-7,,,,,salud_bienestar
node,13944329763,El Carretel,6.0920959,-75.6376815,sewing,,,,,,Carrera 52,129 Sur-1,,,,,
node,13944329764,Plastic Sur,6.0920111,-75.6376779,wholesale,,,,,,Carrera 52,129 Sur-11,,,,,
node,13944329765,The King Barber Master,6.0918824,-75.6376723,hairdresser,,,,,,Carrera 52,129 Sur-27,,,,,belleza_peluqueria
node,13944329767,Meraki,6.0917684,-75.6376673,beauty,,,,,,Carrera 52,129 Sur-39,,,,,belleza_peluqueria
node,13944329768,Papelería y Variedades Marels,6.091568,-75.6376586,stationery,,,,,,Carrera 52,129 Sur-67,,,,,papeleria
node,13944329769,Almacén Tata Croaaa,6.091516,-75.6376564,clothes,,,,,,Carrera 52,129 Sur-73,,,,,ropa_calzado
node,13944329770,Frestyle Fashion,6.0914766,-75.6376547,clothes,,,,,,Carrera 52,,,,,,ropa_calzado
node,13944329771,Amarillo y Punto,6.0914102,-75.6376518,clothes,,,,,,Carrera 52,,,,,,ropa_calzado
node,13949009528,Casa Blanca,6.0899628,-75.6359088,furniture,,,,,,Carrera 50,131 Sur-68,,,,,
node,13949009530,Licores Dubay,6.0900562,-75.6359148,alcohol,,,,,,Carrera 50,,,,,,tienda_viveres
node,13949009531,Restaurante y Cafetería Dandy,6.0902049,-75.6359244,,,restaurant,,,,Carrera 50,,,,,,comidas
node,13949009532,Frutas y Verduras René K'mileja,6.0903919,-75.6359364,greengrocer,,,,,,Carrera 50,,,,,,tienda_viveres
node,13949009533,Textiles Caldas,6.0905235,-75.6359448,fabric,,,,,,Carrera 50,,,,,,
node,13949009534,Distribuidora del Suroeste,6.0906519,-75.6359513,agrarian,,,,,,Carrera 50,,,,,,
node,13949009535,El Ángel,6.0906927,-75.6359533,stationery,,,,,,Carrera 50,130 Sur-88,,,,,papeleria
node,13949009536,La Papelería Ángel,6.0907188,-75.6359545,stationery,,,,,,Carrera 50,,,,,,papeleria
node,13949009537,San Martín,6.0907452,-75.6359557,butcher,,,,,,Carrera 50,130 Sur-82,,,,,tienda_viveres
node,13949009538,Fruver Guayaquilito,6.0907871,-75.6359577,greengrocer,,,,,,Carrera 50,,,,,,tienda_viveres
node,13949009539,La Perla,6.0908229,-75.6359594,butcher,,,,,,Carrera 50,130 Sur-72,,,,,tienda_viveres
node,13949009540,Cebú Caldas,6.0908623,-75.6359612,butcher,,,,,,Carrera 50,,,,,,tienda_viveres
node,13949009541,Carnes Chispas,6.090889,-75.6359625,butcher,,,,,,Carrera 50,,,,,,tienda_viveres
node,13949009543,Hogar y Moda,6.0909425,-75.635965,electronics,,,,,,Carrera 50,130 Sur-56,,,,,tecnologia_celulares
node,13949009544,Mac Pollo,6.0909753,-75.6359666,butcher,,,,,,Carrera 50,130 Sur-52,,,,,tienda_viveres
node,13949009545,Delifamily,6.091012,-75.6359683,,,restaurant,,,,Carrera 50,130 Sur-48,,,,,comidas
node,13949009546,Expendio de Carnes JV,6.0910327,-75.6359693,butcher,,,,,,Carrera 50,,,,,,tienda_viveres
node,13949009547,Gana,6.0911015,-75.6359725,lottery,,,,,,Carrera 50,130 Sur-38,,,,,
node,13949009548,Combos Broster,6.0912207,-75.6359781,,,fast_food,,,,Carrera 50,,,chicken,,,comidas
node,13949009549,Son Cazuelas,6.0911813,-75.6359763,,,restaurant,,,,Carrera 50,,,regional,,,comidas
node,13950528865,Celest Dog,6.3480421,-75.5509794,pet,,,,,,Diagonal 67C # 44b-09,,Mo-Fr 08:00-18:00,,,,mascotas
node,13950556280,Mahalo Tropical,6.1977909,-75.57487,beverages,,,,,,Carrera 43A,,Mo-Su 10:00-20:00,,,,tienda_viveres
node,13954237832,D1 El Carmelo,6.1841029,-75.5936031,supermarket,,,,,,,,,,,,tienda_viveres
node,13956798138,Del Sur,6.0938368,-75.6370513,,,veterinary,,,,Carrera 51,126A Sur-121,,,,,mascotas
node,13956798139,Mundo Hamburguesa,6.0939033,-75.6370535,,,fast_food,,,,Carrera 51,126A Sur-117,,burger,,,comidas
node,13956798140,Yammar Autos,6.0938687,-75.6370524,,,car_wash,,,,Carrera 51,126A Sur-119,,,,,mecanica_motos
node,13956798141,CasaQuímica,6.0940103,-75.6370569,chemist,,,,,,Carrera 51,126A Sur-99,,,,,salud_bienestar
node,13956798143,El Atornillador,6.0941156,-75.6370603,hardware,,,,,,Carrera 51,126A Sur-93,,,,,construccion
node,13956798144,Patatas Home,6.0941525,-75.6370615,,,fast_food,,,,Diagonal 53,,,fries,,,comidas
node,13956798145,Sabor Popular,6.0940535,-75.6371161,,,restaurant,,,,Diagonal 53,,,,,,comidas
node,13956798146,AnimalX,6.0938795,-75.6372118,,,,,fitness_centre,,Diagonal 53,126A Sur-128,,,,,salud_bienestar
node,13958565099,Cocora Perfumes,6.2492713,-75.6215644,perfumery,,,,,,Cra 109 No. 36 - 105,,Mo-Su 09:00-19:00,,,,
node,13958591725,Cocora Perfumes,6.2467467,-75.5937243,perfumery,,,,,,Cra 74 # 39 D – 28,,Mo-Sa 09:00-18:00,,,,
node,13958592534,Cocora Perfumes,6.2078723,-75.5666155,perfumery,,,,,,Cra 36 # 8ª - 96,,Mo-Sa 10:00-19:00,,,,
node,13958633314,Café Escobar,6.229855,-75.5813657,coffee,,,,,,Cl. 29B # 56-80,,24/7,,,,
node,13960804063,Tiendas ARA - Belén Rincón,6.2135819,-75.6017593,supermarket,,,,,,,,,,,https://aratiendas.com/,tienda_viveres
node,13960804064,Tiendas ARA - La Colinita,6.2018319,-75.5937501,supermarket,,,,,,,,,,,https://aratiendas.com/,tienda_viveres
node,13963046501,Olivia,6.1772598,-75.5856833,,,restaurant,,,,Calle 30 Sur,43a-39,Su-Th 12:00-21:30; Fr-Sa 12:00-22:30,mediterranean,,,comidas
node,13963822245,El Colmena,6.2581872,-75.5529718,yes,,,,,,Calle 65BB-17,cr 40,Lu-Do 08.00 - 22.00,,,,
node,13965791754,Ópticas Visión Éxito,6.3390081,-75.5485427,optician,,,,,,Diagonal 55 # 42 35,,Mo-Fr 08:00-19:00,,,,salud_bienestar
node,13965831386,Panadería Yesspan,6.1642296,-75.625604,,,cafe,,,,Carerra 53AB,31-03,,,,,comidas
node,13966555774,Mi Barquito,6.2674394,-75.5656085,bakery,,,,,,,,,,,,panaderia
node,13968486421,D1,6.159471,-75.6363643,supermarket,,,,,,,,,,,,tienda_viveres
node,13969276621,Metrosalud Trinidad,6.2287565,-75.5865253,,,hospital,hospital,,,,,,,,,salud_bienestar
node,13976231824,brooklyn barbershop,6.1713953,-75.5833941,hairdresser,,,,,barber,,,,,,,barberia
node,13978252309,Jers Visual,6.2521866,-75.5649526,optician,,,,,,calle 54#47-105 LC 125,,Mo-Sa 08:00-18:00,,,,salud_bienestar
node,13978346009,Yazen Vespa Racer,6.3392131,-75.5423793,,,cafe,,,,aut norte #34-67,,Mo-Sa 09:30-19:00,coffee_shop,,https://www.instagram.com/cafezendaya/,comidas
node,13978409241,Yazen Coffee Studio - París,6.1490765,-75.6092826,,,cafe,,,,Calle 64 sur #39 - 67. Torre Paris,,Mo-Sa 12:00-22:00,coffee_shop;coworking,,https://www.instagram.com/cafezendaya/,comidas
node,13978418626,Yazen Coffe Studio 2,6.1490286,-75.6174102,,,cafe,,,,Calle 75 Sur #43 A-202,,Mo-Sa 08:00-21:30,coffee_shop,,https://www.instagram.com/cafezendaya/,comidas
node,13978427227,Yazen Coffe Studio 1,6.1496248,-75.6161845,,,cafe,,,,Calle 43b #72sur-50,,Mo-Su 08:00-21:30,coffee_shop,,https://www.instagram.com/cafezendaya/,comidas
node,13978448148,Yazen Dolce Helados,6.1489238,-75.6173906,,,ice_cream,,,,Calle 75 Sur #43 A-202,,Mo-Su 15:00-21:30,,,,comidas
node,13981514571,Culturas bar y restaurante,6.2495284,-75.6214712,,,restaurant,,,,cra 109#36-79,,Mo-Su 09:00-20:00,regional,,https://www.instagram.com/culturasbaryrestaurant?igsh=ajRzZzEycDd6eG9h,comidas
node,13981526175,Artesanias las 4 b,6.2482421,-75.6228535,craft,,,,,,cra 111 # 34 cc - 94,,Mo-Su 09:00-20:00,,,,
node,13982141930,Papas La 49,6.0829092,-75.634016,,,fast_food,,,,Carrera 49,140 Sur-52,,burger;fries;hot_dog,,,comidas
node,13983475240,Las delicias de Martha,6.2514572,-75.6212531,,,restaurant,,,,Calle 39 # 108-32,,Mo-Su 08:00-17:30,regional;colombian,,https://www.instagram.com/_deliciasdemartha13?igsh=NmF5YmpubjVzdnVw&utm_source=qr,comidas
node,13984813298,By Lucy,6.0928892,-75.6370941,beauty,,,,,,Calle 128 Sur,51-13,,,,,belleza_peluqueria
node,13984813299,Luced,6.0928862,-75.6371592,beauty,,,,,,Calle 128 Sur,51-23,,,,,belleza_peluqueria
node,13984819104,Frida,6.0922286,-75.6373108,clothes,,,,,,Calle 129 Sur,51-42,,,,,ropa_calzado
node,13984819105,Punto de Huevo del Sur,6.0922304,-75.6372827,farm,,,,,,Calle 129 Sur,51-40,,,,,tienda_viveres
node,13984819107,Kivnon,6.0922496,-75.6371207,clothes,,,,,,Calle 129 Sur,51-22,,,,https://kivnonwear.com/,ropa_calzado
node,13984819109,La Boquería,6.0924231,-75.6369628,,,cafe,,,,Carrera 51,128 Sur-55,,,,,comidas
node,13984819110,Arepas de Chocolo de La Tolva,6.0927014,-75.6369841,,,fast_food,,,,Carrera 51,128 Sur-27,,arepa,,,comidas
node,13984819111,Diamond,6.0927316,-75.6369864,beauty,,,,,,Carrera 51,128 Sur-23,,,,,belleza_peluqueria
node,13984819112,Alaska,6.0927634,-75.6369888,sewing,,,,,,Carrera 51,128 Sur-19,,,,,
node,13984819113,Consultorio Médico Del Sur,6.092806,-75.6369921,,,clinic,,,,Carrera 51,128 Sur-17,,,,,salud_bienestar
node,13984819114,Treebol,6.0928603,-75.6369962,hairdresser,,,,,,Carrera 51,128 Sur-9,,,,,belleza_peluqueria
node,13986264867,Supernova Studio,6.2414941,-75.5515859,beauty,,,,,,Carrera 29 # 50-29,,Mo-Sa 10:00-18:30,,,,belleza_peluqueria
node,13986277295,Edward chef,6.207501,-75.5653872,,caterer,,,,,Calle 8 # 34 - 33,,Mo-Su 09:00-21:00,regional;italian,,,
node,13987515360,Friko,6.1017395,-75.6182427,butcher,,,,,,,,,,,,tienda_viveres
node,13997448401,Centro psicológico DinámicaMente,6.2488106,-75.5658736,,,,psychotherapist,,,Calle 50,46-36 of 806,Mo-Sa 09:00-17:30,,,https://www.dinamicamente.com.co/,salud_bienestar
node,14007362670,Tienda de Hernan,6.2214212,-75.6146184,convenience,,,,,,,,,,,,tienda_viveres
node,14007362671,Farmacia Escudero No 2,6.2206477,-75.6141128,,,pharmacy,pharmacy,,,,,,,,,salud_bienestar
node,14007362672,Tienda el Buen vecino,6.2205507,-75.6143335,convenience,,,,,,,,,,,,tienda_viveres
node,14015505790,Cote Gourmand,6.2170513,-75.556345,,,restaurant,,,,calle 17 # 27b - 22,,Mo-Su 10:00-22:00,barbecue;steak_house,,https://www.instagram.com/cotegourmandd?igsh=MWEzZGdtOHc0aWVmMA==,comidas
node,14015732961,Tienda el rinconcito,6.2580856,-75.5701266,convenience,,,,,,Calle 58A # 54 - 59,,Mo-Su 09:00-21:00,,,,tienda_viveres
node,14015738359,Salsamentaria Anís,6.258074,-75.5694926,yes,,,,,,Carrera 54 # 58a - 17,,Mo-Fr 17:00-22:00,,,,
node,14015741611,Cafeteria Mita,6.2577985,-75.5698479,,,cafe,,,,Calle 58 # 54-64,,Mo-Sa 08:00-18:00,,,,comidas
node,14015758328,Granero Entre Amigos,6.1517876,-75.6187036,yes,,,,,,Carrera 46B # 73 sur - 03,,Mo-Su 09:00-21:00,,,,
node,14015842513,Veloce Cycling,6.1858508,-75.5696928,bicycle,,,,,,Calle 16A Sur,32B-38,Mo-Fr 10:00-19:00; Sa 09:00-18:00; PH off,,,https://www.bicicletasveloce.com/,
node,14039733501,Sushi Service,6.1657917,-75.5892411,,,restaurant,,,,Carrera 41,#40D Sur - 37,,japanese,,https://www.instagram.com/sushiservicebarra,comidas
node,14054124589,Afrotrece Camisas,6.248116,-75.6221501,clothes,,,,,,Carrera 110 # 36a 27,,Mo-Su 09:00-19:00,,,,ropa_calzado
node,14054130965,Galeria de Arte Afrotrece,6.2480872,-75.6222646,art,,,,,,Carrera 110 # 34cc 29,,Mo-Su 09:00-19:00,,,,papeleria
node,14054221538,Viajes Bon Air,6.2254074,-75.5745657,travel_agency,,,,,,Carrera 48 # 20-114 torre 2 ofc735,,Mo-Fr 09:00-18:00,,,,
node,14054522622,Deluxe Men,6.151545,-75.6144475,hairdresser,,,,,,Carrera 43C # 68 sur -43,,Mo-Sa 09:00-19:00,,,,belleza_peluqueria
node,14054530233,Dra Kelly Torres,6.1547963,-75.5849389,,,dentist,dentist,,,Calle 41B Sur # 25 - 124,,Mo-Sa 09:00-21:00,,,,salud_bienestar
node,14054536238,Tienda de Aleja,6.2604693,-75.5707653,supermarket,,,,,,Calle 61 # 56-22,,Mo-Sa 09:00-21:00,,,,tienda_viveres
node,14060068845,Gama Alta Dental,6.2371381,-75.5976165,,,dentist,dentist,,,Calle 32E # 76-103 ofc 201,,Mo-Fr 09:00-18:00,,,,salud_bienestar
node,14060086161,Territorio Gastro Bar,6.1287014,-75.5846286,,,restaurant,,,,Via a la catedral 5KM,,Tu-Su 12:00-21:00,burger;regional;steak_house,,https://maps.app.goo.gl/xbPixVqCd75NGLDg7,comidas
node,14066177601,Origin Café 777,6.2244494,-75.5654205,,,cafe,,,,Calle 26,38-21,Mo-Fr 07:00-18:00; Sa-Su 08:00-14:00,breakfast;coffee_shop,,https://origincafemenu.netlify.app,comidas
node,14073248798,Agencia L Pulpo fotografía,6.2373417,-75.5973811,,photographer,,,,,Cl. 32E #76-48,,Mo-Sa 08:00-17:00,,,https://www.instagram.com/cesarcarrillofotografo?igsh=MTZ6cDF4YjhrcWsydg%3D%3D&utm_source=qr,
node,14073322819,Natural Dent Odontologia Integral,6.250526,-75.5968857,,,dentist,dentist,,,cra 78 # 44-41,,Mo-Fr 08:00-17:00,,,,salud_bienestar
node,14075372310,D' Andre,6.20936,-75.5666445,,,restaurant,,,,Carrera 37 # 10-15,,Mo-Su 07:30-15:00,breakfast;coffee_shop,,https://www.dandre.com.co/,comidas
node,14075377083,Moni Zuluaga Coach Terapeuta,6.1491373,-75.6171638,,,,counselling,,,centro comercial aves maria local 344,,,,,,salud_bienestar
node,14075524014,Montana Barbershop,6.2459533,-75.5885222,hairdresser,,,,,barber,Carrera 69 #c3-25,,Mo-Su 09:00-20:00,,,,barberia
node,14077493477,La Nacional,6.2704484,-75.5767775,,,restaurant,,,,Florida Parque Comercial Piso 4 etapa 2,,Mo-Su 11:00-22:00,burger,,https://linktr.ee/La_Nacional,comidas
node,14077501077,Origen Gastro Cultura,6.1479416,-75.6163185,,,restaurant,,,,Calle 75 Sur # 43A 90,,Mo-Sa 10:00-22:00,grill;coffee_shop,,,comidas
node,14077533233,Grama Cafe,6.1765047,-75.5912555,,,cafe,,,,Cc Viva Envigado Piso 4,,Mo-Su 09:00-21:00,coffee_shop,,,comidas
node,14077537999,La Rosticeria San Diego,6.2338041,-75.5692581,,,restaurant,,,,Calle 33 # 43 - 66 local 3371,,Mo-Fr 09:00-18:00,,,,comidas
node,14077545513,La Nacional,6.1764049,-75.5913175,,,restaurant,,,,Cc Viva Envigado Piso 4,,Mo-Su 11:00-22:00,burger,,https://linktr.ee/La_Nacional,comidas
node,14090367661,Ekibalente Cafe,6.1824342,-75.6057591,coffee,,,,,,Carrera 58A # 65-43,,Mo-Fr 09:00-17:00,,,,
node,14095866664,Ritmo Vivo Café-Bar & Coworking,6.1675082,-75.5873172,,,cafe,,,,Calle 39 Sur,40-55,,,,,comidas
node,14103601475,Oléamor,6.22311,-75.6016916,,,,psychotherapist,,,Carrera 80B # 17 - 32,,,,,,salud_bienestar
node,14106674416,cafeti.co,6.1586279,-75.5928629,coffee,,,,,,Calle 46E Sur,39B 35,,,,https://www.cafeti.co,
node,14107650181,Sauna Space,6.2082444,-75.5653205,massage,,,,,,Carrera 34 #8a-15 INT 401,,"Mon - Fri : 4–10 pm, Sat : 9 am–8 pm, Sun : 9 am–9 pm",,Sauna Space is Medellín's first social club built around wellness a place where heat and cold become a shared ritual. We created an intenti…,,salud_bienestar
node,14107880878,La Parrilla,6.2558872,-75.6176188,,,restaurant,,,,Calle 42 # 102- 41,,Mo-Su 12:00-21:00,steak_house,,https://www.instagram.com/alaparrillaasados,comidas
node,14107945951,Bordados y Dotaciones,6.249907,-75.6160274,fabric,,,,,,Calle 35D #96a - 16,,Mo-Fr 08:00-18:00,,,,
node,14122100360,Colombia Rice Box,6.1734063,-75.6273036,,,restaurant,,,,Calle 39,,,,,,comidas
node,14122443726,Mi niño Café,6.1362332,-75.5732239,,,cafe,,,,,,,,,,comidas
node,14125492336,Cafe Alegria,6.2153741,-75.5977461,,,cafe,,,,cll 5 #75b-65 local 3 Zona C,,Mo-Su 08:00-20:00,coffee_shop,,https://www.instagram.com/cafealegria.medellin?igsi=MXNuYmhrMnZuMnhtZA==,comidas
node,14133917202,Restaurante La Mayoría,6.157263,-75.5686927,,,restaurant,,,,,,,,,,comidas
node,14138080410,Licorera Medellin,6.2503405,-75.6215163,alcohol,,,,,,Calle 38 # 109 - 13,,Mo-Su 10:00-22:00,,,,tienda_viveres
node,14142674598,Ave Maria Nail Spa,6.2826099,-75.5893715,beauty,,,,,,,,,,,,belleza_peluqueria
node,14142674599,Tienda Mixta Mary Pas,6.2827418,-75.5892419,convenience,,,,,,,,,,,,tienda_viveres
node,14142674600,Drogueria Tricolor,6.2827839,-75.5891726,,,pharmacy,pharmacy,,,,,,,,,salud_bienestar
node,14142694840,pizza express,6.2830675,-75.5897298,,,restaurant,,,,,,,pizza,,,comidas
node,14142694841,Daniel_tattoo,6.2831195,-75.589475,tattoo,,,,,,,,,,,,
node,14142694842,Vascan Papeleria,6.2827502,-75.5895179,stationery,,,,,,,,,,,,papeleria
node,14142694843,Optica Espejo Visual,6.2828009,-75.5894629,optician,,,,,,,,,,,,salud_bienestar
node,14142694844,Helados Amapola,6.2829022,-75.5893288,,,ice_cream,,,,,,,,,,comidas
node,14142694848,Strong Mind Strong Body,6.2828114,-75.5890285,,,,,fitness_centre,,,,,,,,salud_bienestar
node,14142697957,Sol Martinez Beauty,6.2827791,-75.5889741,beauty,,,,,,,,,,,,belleza_peluqueria
node,14142716944,Activos Gymnasio,6.2829442,-75.5889741,,,,,fitness_centre,,,,,,,,salud_bienestar
node,14142727755,Soluciones Tec,6.28272,-75.5889629,computer,,,,,,,,,,,,tecnologia_celulares
node,14142727760,Ser Spa,6.2829917,-75.5889202,,,doctors,doctor,,,,,,,,,salud_bienestar
node,14142732141,Emerta Reposteria,6.2833596,-75.5887981,,confectionery,,,,,,,,,,,panaderia
node,14142736212,Jobby Pets,6.2830468,-75.5891494,pet,,,,,,,,,,,,mascotas
node,14142741880,Tienda Mixta el Eden,6.2831921,-75.5889938,convenience,,,,,,,,,,,,tienda_viveres
node,14142783979,MC Caps,6.2834172,-75.5888743,clothes,,,,,,,,,,,,ropa_calzado
node,14142783989,Cells Mobil,6.2832244,-75.5886416,mobile_phone,,,,,,,,,,,,tecnologia_celulares
node,14142783992,Zafira Studio,6.2832587,-75.5885788,beauty,,,,,,,,,,,,belleza_peluqueria
node,14142783996,Pain & Bee Tattoo,6.2832983,-75.5884965,tattoo,,,,,,,,,,,,
node,14142783998,Tienda la 85A,6.2833396,-75.5885398,convenience,,,,,,,,,,,,tienda_viveres
node,14142787503,Storfa Clothing,6.283264,-75.5882761,clothes,,,,,,,,,,,,ropa_calzado
node,14142787513,Basiliko,6.2829131,-75.58817,,caterer,,,,,,,,,,,
node,14142787518,Delicias de la Mona,6.2824558,-75.5878041,,,restaurant,,,,,,,,,,comidas
node,14142787528,Marguz Sala de Estetica & Barberia,6.2825843,-75.5890677,hairdresser,,,,,barber,,,,,,,barberia
node,14142787533,Mero Taller,6.2821864,-75.5888239,clothes,,,,,,,,,,,,ropa_calzado
node,14142787538,Restaurante Las Delicias de Cris,6.2823303,-75.5889302,,,restaurant,,,,,,,,,,comidas
node,14144955474,El Paraiso de la Comuna 13,6.2494858,-75.6214971,clothes,,,,,,Carrera 109 #36-97,,Mo-Su 10:00-21:00,,,,ropa_calzado
node,14144956488,Ocean Green,6.2493622,-75.6216799,jewelry,,,,,,Carrera 110 # 36-5,,Mo-Su 10:00-19:00,,,,ropa_calzado
node,14158772732,Gigo Underwear,6.233677,-75.5914261,clothes,,,,,,Carrera 70,30A-144,Mo-Fr 08:00-16:30,,,https://www.gigo.com.co/,ropa_calzado
node,14159873354,Babette Woodfire Bistro,6.2078498,-75.5642083,,,restaurant,,,,Carrera 32D,Calle 9,"Tu-Th 17:30-21:30; Fr-Sa 12:30-15:00,18:00-22:30",barbecue;grill;european,,https://bistrobabette.com/,comidas
node,14160151183,El rincon de venus,6.132227,-75.5308216,psychic,,,,,,Bosque de Salamanca,,Mo-Fr 09:00-19:00,,,,
node,14160176081,Camisetas Toreto,6.2503057,-75.6216322,clothes,,,,,,Calle 38 # 109-15,,Mo-Su 09:00-19:00,,,,ropa_calzado
node,14166681301,Vacasan.com,6.2827108,-75.5896836,stationery,,,,,,Calle 77CC,85B-17,Mo-Fr 10:00-18:00; Sa 11:00-18:00,,,,papeleria
node,14170744891,Retro Smash Laureles,6.241933,-75.5927645,,,fast_food,,,,Transversal 33B,74-11,"Mo-Sa 12:00-22:00, Su 16:00-22:00",burger;hot_dog;fries,,,comidas
node,14219908701,parador restaurante de puro chocolo,6.0447155,-75.6614605,,,restaurant,,,,,,24/7,,,,comidas
node,14227966701,Punto de riesgo de electricidad,6.2796256,-75.5390443,electronics,,,,,,,,,,,,tecnologia_celulares
node,14227966801,Punto riesgo cables eléctricos enredados cerca a viviend,6.279965,-75.5391871,electronics,,,,,,,,,,,,tecnologia_celulares
node,14227979701,Punto de riesgo eléctrico cerca a vivienda,6.280647,-75.5394029,electronics,,,,,,,,,,,,tecnologia_celulares
node,14227983501,Riesgo eléctrico cercano vivienda,6.2813226,-75.5395884,electronics,,,,,,,,,,,,tecnologia_celulares
node,14227986101,Riesgo eléctrico cercano vegetación,6.2817169,-75.5393764,electronics,,,,,,,,,,,,tecnologia_celulares
node,14227989701,Riesgo eléctrico cercano a vivienda,6.2821313,-75.5394047,electronics,,,,,,,,,,,,tecnologia_celulares
node,14227993701,Riesgo eléctrico cercano a vivienda,6.2823031,-75.5394091,electronics,,,,,,,,,,,,tecnologia_celulares
node,14228000201,Caja electrica cercana al suelo y riesgo vivienda,6.282561,-75.5389997,electronics,,,,,,,,,,,,tecnologia_celulares
node,14228002501,Riesgo eléctrico cercano a vivienda,6.2828139,-75.5387073,electronics,,,,,,,,,,,,tecnologia_celulares
node,14228003701,Riesgo eléctrico cercano a vivienda,6.2830753,-75.5387691,electronics,,,,,,,,,,,,tecnologia_celulares
node,14228004101,Riesgo eléctrico cercano a vivienda,6.2832108,-75.5387939,electronics,,,,,,,,,,,,tecnologia_celulares
node,14235545291,Tiendas D1,6.2794764,-75.6030445,supermarket,,,,,,,,,,,,tienda_viveres
node,14235545292,Pura Carne - Tienda de Carnes,6.2792084,-75.6029159,butcher,,,,,,,,,,,,tienda_viveres
node,14240509657,ferretería AC,6.2508067,-75.5723362,convenience,,,,,,,,,,,,tienda_viveres
node,14240542149,telas tenerife,6.2505675,-75.5724955,clothes,,,,,,,,"Mo-We,Fr,Sa off",,,,ropa_calzado
node,14240542150,plásticos lopez,6.2506342,-75.5724402,convenience,,,,,,,,,,,,tienda_viveres
node,14240548001,Otis,6.2504651,-75.5727174,pet,,,,,,,,,,,,mascotas
node,14240548119,cc.galerias Ayacucho,6.2507286,-75.5723995,convenience,,,,,,,,,,,,tienda_viveres
node,14240550501,E&C Industrias Plásticas,6.2507897,-75.5723241,trade,,,,,,Carrera 55,49-46,,,,,construccion
node,14240554173,tragadero,6.2514299,-75.5720009,,,cafe,,,,,,,,,,comidas
node,14240554664,almacen plasticol,6.2508914,-75.5723136,convenience,,,,,,,,,,,,tienda_viveres
node,14240554801,Textiles 20 20,6.2499576,-75.5727517,fabric,,,,,,Carrera 55,20-20,,,,,
node,14240555383,tienda de mascotas,6.2495904,-75.5733703,convenience,,,,,,,,,,,,tienda_viveres
node,14240555401,Textiles Ramitex,6.2502525,-75.5727933,fabric,,,,,,,,,,,,
node,14240555501,Charcutería Jupiter,6.2501698,-75.5726753,confectionery,,,,,,,,,,,,panaderia
node,14240569201,Yoyo gangas,6.2502256,-75.572795,fabric,,,,,,,,,,,,
node,14240569301,Yeratex textiles,6.2502618,-75.5726424,fabric,,,,,,,,,,,,
node,14240569302,Inversiones 111,6.2493523,-75.5726573,cosmetics,,,,,,,,,,,,belleza_peluqueria
node,14240570201,Molino textil sas,6.2502879,-75.5726201,fabric,,,,,,,,,,,,
node,14240570301,Electrocromos,6.2498554,-75.572822,hardware,,,,,,,,,,,,construccion
node,14240570302,La Candelaria 1,6.2495628,-75.5729356,bakery,,,,,,,,,,,,panaderia
node,14240570701,Decocrema,6.2494362,-75.5729825,,,ice_cream,,,,,,,,,,comidas
node,14240570702,Falena,6.2493301,-75.5725691,houseware,,,,,,,,,,,,
node,14240570901,La pulga,6.249127,-75.5723574,cosmetics,,,,,,,,Mo-Sa 00:00-24:00,,,,belleza_peluqueria
node,14240575203,distribuidora carolo,6.2470179,-75.5736727,convenience,,,,,,,,,,,,tienda_viveres
node,14240577701,Mundo magico,6.2479454,-75.5727138,toys,,,,,,,,,,,,
node,14240579701,Inversiones Verona,6.2480818,-75.5726899,houseware,,,,,,,,,,,,
node,14240579703,El valentinazo,6.2480587,-75.5726176,variety_store,,,,,,Carrera 54,,,,,,papeleria
node,14240773401,Otis,6.2468422,-75.5733058,pet,,,,,,,,,,,,mascotas
node,14240773402,Gigante,6.2468904,-75.5729907,florist,,,,,,,,,,,,
node,14240773801,Jaza tape tienda de cintas,6.2470083,-75.5732385,stationery,,,,,,,,,,,,papeleria
relation,3498645,Éxito,6.2555509,-75.5831213,department_store,,,,,,Carrera 66,49-01,,,,,
relation,5499088,IPS Universitaria - Clínica León XIII,6.2666391,-75.5642517,,,clinic,clinic,,,Calle 69,,,,,https://www.ipsuniversitaria.com.co/es/,salud_bienestar
relation,6592273,San Diego centro comercial,6.2351359,-75.5692359,mall,,,,,,Calle 33,# 42B - 06,Mo-Su 10:00-20:00,,,https://www.sandiego.com.co,
relation,8617012,Centro Comercial Villanueva,6.255244,-75.5640939,mall,,,,,,,,,,,,
relation,9130970,Oasis de la Moda,6.2499305,-75.5760849,mall,,,,,,,,,,,,
relation,9528026,Centro Comercial Indiana Mall,6.1542441,-75.5331458,mall,,,,,,,,,,,,
relation,17912554,Centro Comercial Caldas,6.0919517,-75.6363645,mall,,,,,,Carrera 50,129 Sur-33,,,,,
relation,19108905,Centro Comercial Outlet Mayorca Etapa II,6.1604485,-75.6044897,mall,,,,,,,,,,,,
relation,19231854,Tienda D1,6.2679122,-75.6283604,supermarket,,,,,,,,,,,,tienda_viveres
relation,20704849,ESE Hospital San Vicente de Paúl Caldas,6.0856736,-75.6345215,,,hospital,hospital,,,Carrera 48,135 Sur-41,,,,https://esehospicaldas.gov.co,salud_bienestar
way,29275853,Centro Comercial Los Molinos,6.2328294,-75.6038884,mall,,,,,,,,,,,,
way,31973366,Palacio Nacional,6.2490095,-75.5704016,mall,,,,,,,,,,,,
way,32774024,Pabellón de Salud Mental,6.2622682,-75.564473,,,hospital,,,,,,,,,,salud_bienestar
way,32774053,Policlínica,6.263886,-75.5655879,,,clinic,hospital,,,,,,,,,salud_bienestar
way,35584086,El Tesoro Parque Comercial,6.1972727,-75.5592353,mall,,,,,,Carrera 25 A,1 Sur - 45,"Mo-Th 08:00-22:30, Fr-Su 10:00-23:59",,,https://eltesoro.com.co/,
way,44923582,Jumbo,6.1869279,-75.5827266,supermarket,,,,,,,,,,,,tienda_viveres
way,44923703,Éxito,6.1753702,-75.59217,department_store,,,,,,,,"Mo-Sa 08:30-21:00; Su,PH 09:00-20:00",,,,
way,44923912,La Casona,6.1780556,-75.5836714,mall,,,,,,,,,,,,
way,45416287,Depositos Aristi,6.2639264,-75.6079193,trade,,,,,,,,,,,,construccion
way,48616108,Centro de Salud La Loma,6.2719055,-75.6310701,,,hospital,hospital,,,,,,,,,salud_bienestar
way,52469057,Centro Comercial Puerta del Norte,6.339513,-75.5431291,mall,,,,,,,,,,,,
way,52514672,Hospital Zamora,6.3094961,-75.5518507,,,hospital,,,,,,,,,,salud_bienestar
way,88060929,Carulla,6.1977249,-75.5749655,supermarket,,,,,,,,,,,,tienda_viveres
way,88060930,Rio Sur,6.1988329,-75.5733077,mall,,,,,,,,,,,,
way,89578676,Unidad Hospitalaria San Javier,6.2542939,-75.620306,,,hospital,hospital,,,,,,,,,salud_bienestar
way,92975733,Centro Comercial Santafé,6.1964287,-75.5738189,mall,,,,,,,,,,,,
way,93288427,La Strada,6.2019819,-75.5718613,mall,,,,,,,,,,,,
way,109200128,Clínica Victoriana,6.2559798,-75.5634311,,,hospital,hospital,,,,,,,,,salud_bienestar
way,112578023,Complex las Vegas,6.1828723,-75.585192,mall,,,,,,,,,,,,
way,113053216,Centro de salud florencia,6.3083655,-75.569631,,,hospital,,,,,,,,,,salud_bienestar
way,116372322,Restaurante La terminal,6.2711946,-75.6305933,,,restaurant,,,,,,05:00-21:00,regional,,,comidas
way,116380794,Legumbreria La Loma,6.2708947,-75.63033,convenience,,,,,,,,07:00-20:30,,,,tienda_viveres
way,116380795,Salón de Belleza y barbería Diana,6.2708947,-75.63033,hairdresser,,,,,,,,Mo-Sa 13:00-20:00,,,,belleza_peluqueria
way,118456943,Tienda Don José,6.2704144,-75.6303193,confectionery,,,,,,,,,,,,panaderia
way,120374270,Unidad Hospitalaria de Buenos Aires,6.2417488,-75.5537389,,,hospital,hospital,,,,,,,,,salud_bienestar
way,122265556,La Orquidia,6.2714798,-75.6264495,convenience,,,,,,,,Tu-Su 08:00-15:00;Sa 08:00-12:00,,,,tienda_viveres
way,122271582,Embajada China,6.257893,-75.6139883,,,restaurant,,,,,,Mo-Su 10:00-22:00,chinese,,,comidas
way,122553367,Funeraria la Paz,6.2553462,-75.5781311,funeral_directors,,,,,,Carrera 64,51-64,,,,,
way,122726424,Hospital Concejo de Medellín,6.2683059,-75.5583297,,,hospital,hospital,,,,,,,,,salud_bienestar
way,123231641,Tienda de Ilda,6.2691695,-75.6322569,convenience,,,,,,,,,,,,tienda_viveres
way,123747328,El Granero,6.2713324,-75.6264393,convenience,,,,,,,,,,,,tienda_viveres
way,123992407,Clínica El Sagrado Corazón,6.2427225,-75.5572768,,,hospital,hospital,,,Calle 49,,,,,,salud_bienestar
way,123992408,MerColanta Buenos aires,6.2415893,-75.5548016,supermarket,,,,,,,,,,,,tienda_viveres
way,128207289,Puesto de empanadas,6.2688816,-75.6281749,kiosk,,,,,,,,24/7,,,,tienda_viveres
way,132455126,Casa de Brayan,6.2868633,-75.6434542,,,fast_food,,,,,,,,,,comidas
way,134543871,Centro Comercial Sabaneta Plaza,6.1520211,-75.6157505,mall,,,,,,,,,,,,
way,134543874,Merkepaisa Sabaneta,6.152292,-75.6159834,supermarket,,,,,,,,,,,,tienda_viveres
way,134646950,Hospital Venancio Díaz Díaz,6.147996,-75.6218066,,,hospital,hospital,,,Calle 77A Sur,,,,,http://www.esevenanciodiaz-sabaneta-antioquia.gov.co/,salud_bienestar
way,135712358,Éxito Poblado,6.2116779,-75.5748737,supermarket,,,,,,Calle 10,43E - 135,"Mo-Sa 08:30-21:00, Su 09:00-20:00, PH 09:00-20:00",,,https://www.exito.com/,tienda_viveres
way,137616805,EMO Materiales,6.173892,-75.6004959,hardware,,,,,,,,,,,,construccion
way,137622127,Éxito,6.1689443,-75.6159907,department_store,,,,,,,,,,,,
way,137622711,Centro Comercial Outlet Mayorca Etapa I,6.1615609,-75.6055188,mall,,,,,,Carrera 48,,,,,,
way,142331887,Autollantas Nutibara,6.2391809,-75.5820504,car_repair,,,,,,,,,,,,mecanica_motos
way,142638989,Homecenter,6.2495803,-75.583961,department_store,,,,,,,,,,,,
way,142638995,Jumbo,6.2515,-75.5853528,supermarket,,,,,,,,,,,,tienda_viveres
way,142643493,Éxito San Antonio,6.2469029,-75.5673414,supermarket,,,,,,Calle 48,46-115,"Mo-Sa 08:30-21:00; Su,PH 09:00-18:00",,,,tienda_viveres
way,142708889,Los Sauces,6.2560508,-75.5816923,mall,,,,,,,,,,,,
way,151943833,Centro de Salud Villa Laura,6.2460175,-75.6197524,,,hospital,,,,,,,,,,salud_bienestar
way,152942892,Panamericana,6.1980021,-75.5737529,department_store,,,,,,,,,,,,
way,152942893,Centro Comercial Oviedo,6.1991859,-75.5750453,mall,,,,,,,,Mo-Su 07:00-23:00,,,,
way,153413633,Premium Plaza,6.2294549,-75.5706048,mall,,,,,,Carrera 43A,# 30-25,Mo-Th 10:00-20:00; Fr-Sa 10:00-21:00; Su 11:00-19:00,,,https://www.ccpremiumplaza.com/,
way,153413635,Punto Clave,6.2297853,-75.5737626,mall,,,,,,,,Mo-Fr 08:00-19:00; Sa 08:00-16:00,,,,
way,153413637,Office Depot,6.2010641,-75.5728612,stationery,,,,,,,,,,,,papeleria
way,153466192,City Plaza,6.1634446,-75.5734844,mall,,,,,,,,,,,,
way,153466193,Mall Villa Grande,6.1817027,-75.5823124,mall,,,,,,,,,,,,
way,154893178,Exito envigado centro,6.1717617,-75.5872996,supermarket,,,,,,,,,,,,tienda_viveres
way,154893744,Consumo Envigado,6.1746918,-75.5857083,supermarket,,,,,,,,,,,,tienda_viveres
way,155204287,Euro,6.1831042,-75.5793108,supermarket,,,,,,,,Mo-Su 07:00-20:00,,,,tienda_viveres
way,155204706,San Fernando Plaza,6.20417,-75.570944,mall,,,,,,Carrera 43 A con Calle 7,,,,,,
way,155205082,Centro Comercial Monterrey,6.2143059,-75.5767737,mall,,,,,,,,,,,,
way,155205468,Homecenter,6.2164755,-75.5765386,department_store,,,,,,,,,,,,
way,155524575,Supermú,6.2560109,-75.6009049,supermarket,,,,,,Carrera 84,45F 28,"Mo-Sa 07:00-21:00; Su, PH 07:00-16:00",,,,tienda_viveres
way,156486972,Merkepaisa La América,6.2499259,-75.6005897,supermarket,,,,,,,,,,,,tienda_viveres
way,159359616,Tienda de Doña Luz,6.2864674,-75.6431305,convenience,,,,,,,,,,,,tienda_viveres
way,159366233,El Casino de Lucia,6.2862584,-75.6424989,kiosk,,,,,,,,,,,,tienda_viveres
way,159366601,Bomba Gasolina Rancho Grande,6.2796416,-75.6331057,convenience,,fuel,,,,,,24/7,,,,tienda_viveres
way,179221628,Hospital Pablo Tobón Uribe,6.2773157,-75.5797119,,,hospital,hospital,,,Calle 78B,69-240,,,"El Hospital Pablo Tobón Uribe es una institución hospitalaria de carácter privado, de origen testamentario, sin ánimo de lucro. Se encuentr…",https://www.hptu.org.co/,salud_bienestar
way,189378012,Sabor Gourmet,6.2429913,-75.5565668,,,restaurant,,,,Calle 49 - Ayacucho,35-14,24/7,,,,comidas
way,189467967,Tienda de Doña Consuelo,6.1896802,-75.6174863,convenience,,,,,,,,24/7,,,,tienda_viveres
way,201201456,Jalisco,6.3140624,-75.5969404,,,restaurant,,,,,,,regional,,,comidas
way,204562888,Panchocha El Oríginal,6.3274545,-75.597256,,,restaurant,,,,,,,,,,comidas
way,204834894,Ropa de segunda,6.2983188,-75.5857119,clothes,,,,,,,,,,,,ropa_calzado
way,219157026,Centro Comercial del Este,6.198643,-75.5568473,mall,,,,,,Carrera 25,1-45,,,,,
way,220964665,Clínica de Oftalmología Sandiego,6.2289005,-75.5692414,,,clinic,clinic,,,Calle 29-25,Carrera 43,"Mo-Fr 07:00-18:00, Sa 07:00-14:00",,,,salud_bienestar
way,233417754,Homecenter,6.1773155,-75.5920108,doityourself,,,,,,,,,,,,construccion
way,233418988,La Cascada,6.251167,-75.5703577,mall,,,,,,Carrera 53,50-51,Mo-Sa 08:00-18:00,,,,
way,236153791,Clínica del Prado - Sede Ciudad del Río,6.2224098,-75.5748752,,,hospital,hospital,,,Carrera 48,44-25,,,,,salud_bienestar
way,238527414,Cooperativa de Salud San Esteban,6.2782611,-75.6361545,,,hospital,,,,,,,,,,salud_bienestar
way,238806028,Centro Médico Génesis. Dr. Mario León Uribe.,6.2779116,-75.6354295,,,hospital,,,,,,,,,,salud_bienestar
way,238806029,Droguería La Economía,6.2781334,-75.6354541,chemist,,,,,,,,,,,,salud_bienestar
way,260857787,Florida Parque Comercial,6.2722944,-75.5770383,mall,,,,,,Calle 71,65-150,,,,https://www.facebook.com/FloridaPQOficial,
way,269428912,Surtimax,6.2853046,-75.58403,supermarket,,,,,,,,,,,,tienda_viveres
way,271178305,Mall La Frontera,6.1842164,-75.5786694,mall,,,,,,,,,,,,
way,271178928,Mall Sao Paulo,6.1847837,-75.5795143,mall,,,,,,,,Mo-Su 07:00-20:00,,,,
way,271284725,Clínica Cardio Vid,6.279388,-75.5846937,,,hospital,hospital,,,,,,,,,salud_bienestar
way,271287360,Centro de Salud Civiton,6.2851734,-75.5932213,,,clinic,clinic,,,,,,,,,salud_bienestar
way,273610634,Torre Médica Ciudad del Río,6.223244,-75.574839,,,clinic,clinic,,,,,,,,,salud_bienestar
way,274845654,Hospital Universitario Pontificia Bolivariana,6.2769431,-75.5823273,,,hospital,hospital,,,,,,,,,salud_bienestar
way,275091329,tienda,6.2848658,-75.5775574,convenience,,,,,,,,,,,,tienda_viveres
way,275091330,todo a 2.000,6.2847958,-75.5772528,beverages,,,,,,,,,,,,tienda_viveres
way,275091515,D1,6.2843193,-75.5771755,convenience,,,,,,,,,,,,tienda_viveres
way,275094121,Licoreria El Ventiadero,6.2855567,-75.5783381,alcohol,,,,,,,,,,,,tienda_viveres
way,275096206,Supermercado Don Carlos,6.2857663,-75.5800093,alcohol,,,,,,,,sunrise-sunset,,,,tienda_viveres
way,275096207,SUPER MERCADO ENIND,6.2854664,-75.578061,alcohol,,,,,,,,,,,,tienda_viveres
way,275096208,La Especial,6.2858522,-75.5796944,convenience,,,,,,,,Fr-Su 05:00-12:00,,,,tienda_viveres
way,275096484,EL REMATE,6.2853901,-75.5782315,stationery,,,,,,,,,,,,papeleria
way,281151680,alvani,6.2876294,-75.581036,convenience,,,,,,,,,,,,tienda_viveres
way,283698408,Los Colores del mar,6.277282,-75.6354419,,,restaurant,,,,,,"Mo-Fr 06:00-19:00, Sa-Su 06:00-20:00",regional,,,comidas
way,293780205,Restaurante la Suegra,6.2428871,-75.5396827,,,restaurant,,,,,,,,,,comidas
way,294740282,Clínica las Americas del Sur,6.1785787,-75.5834448,,,hospital,hospital,,,,,,,,https://clinicalasamericas.lasamericas.com.co/Sedes/Sede-Sur,salud_bienestar
way,300064788,Unidad Hospitalaria Doce de Octubre,6.3023657,-75.578408,,,hospital,,,,,,,,,,salud_bienestar
way,304704619,San Lucas Plaza,6.1807948,-75.5689026,mall,,,,,,Calle 20 Sur,27-55,,,,,
way,304798257,Terracina Plaza,6.1676796,-75.5689024,mall,,,,,,Carrera 27,36 Sur - 162,Mo-Sa 07:00-22:00,,,,
way,304913544,Campestre Drive In,6.1860096,-75.5696216,mall,,,,,,Calle 16A Sur,32B-38,,,,https://campestredrivein.com/,
way,308290612,Olímpica San Lucas,6.1830927,-75.5709581,supermarket,,,,,,Carrera 34,16A Sur,,,,https://www.olimpica.com/,tienda_viveres
way,308290614,Carulla San Lucas,6.1818111,-75.5693239,supermarket,,,,,,Calle 20 Sur,27-124,,,,https://www.carulla.com/,tienda_viveres
way,308311550,Café Vallejo,6.2463238,-75.5947578,,,cafe,,,,,,,cafés y pastelería,,,comidas
way,315015125,PriceSmart,6.21215,-75.5933673,wholesale,,,,,,Carrera 70,1-20,"Mo-Sa 09:00-20:30; Su,PH 09:00-20:00",,,https://www.pricesmart.com/site/co/en/club-locations/club/medellin,
way,320914857,cafetería principal,6.1991976,-75.5784803,,,cafe,,,,,,,,,,comidas
way,321574017,Pasarela comercial,6.2663845,-75.5695226,,,food_court,,,,,,,,,,comidas
way,321574018,Pasarela comercial,6.2659992,-75.5693706,,,food_court,,,,,,,,,,comidas
way,322269704,Mall Palms Avenue,6.2175047,-75.5650705,mall,,,,,,Vía Las Palmas,,,,,,
way,323902877,Clínica del Norte,6.34292,-75.5459203,,,clinic,clinic,,,,,,,,,salud_bienestar
way,329329355,Milla de Oro,6.1999712,-75.5723441,mall,,,,,,,,,,,,
way,338422365,Pinar del Río Mall,6.2092357,-75.5594941,mall,,,,,,Calle 10,30-30,,,,https://pinardelriomall.com/,
way,339231702,Centro de Salud Santo Domingo Savio,6.2954895,-75.5433504,,,clinic,clinic,,,Carrera 33,,,,,,salud_bienestar
way,340039206,Easy,6.2593205,-75.5709339,doityourself,,,,,,Calle 60,56-77,07:00-21:00,,,,construccion
way,343221170,Hospital Universitario San Vicente Paul,6.2628386,-75.5652201,,,hospital,hospital,,,,,,,,,salud_bienestar
way,344595649,Via Baloto Tienda Lulin Medellin,6.2340274,-75.6146989,yes,,,,,,,,,,,,
way,344598675,Drogueria Aguas Frias,6.2331973,-75.629033,chemist,,,,,,,,,,,,salud_bienestar
way,344812014,Carisma Centro de Rehabilitación,6.2423025,-75.6186297,,,hospital,,,,Carrera 93,34AA-01,,,,,salud_bienestar
way,344830243,Billares A.s.d,6.247734,-75.6371401,yes,,,,,,,,,,,,
way,344866076,Drigas San Javier La 115,6.2559787,-75.6255796,chemist,,,,,,,,,,,,salud_bienestar
way,346618018,Centro De Salud Picacho,6.2971042,-75.5830432,,,hospital,,,,,,,,,,salud_bienestar
way,346623968,Unidad Hospitalaria Doce De Octubre Luis Carlos Galán Sarmiento,6.3082528,-75.5744993,,,hospital,,,,,,,,,,salud_bienestar
way,346654414,Unidad Intermedia de Castilla,6.2944983,-75.5688209,,,hospital,,,,,,,,,,salud_bienestar
way,346654417,Unidad Hospitalaria Castilla Jaime Tobón Arbeláez,6.294202,-75.5688505,,,hospital,,,,,,,,,,salud_bienestar
way,349899321,Platino Plaza Centro Comercial,6.1881333,-75.5977956,mall,,,,,,,,,,,,
way,349899327,Cemev IPS Itagüí,6.1895845,-75.5952423,,,hospital,,,,,,,,,,salud_bienestar
way,355199716,Centro de Salud Santa Rosa de Lima,6.2628455,-75.6042611,,,hospital,hospital,,,,,,,,,salud_bienestar
way,356643729,Exito,6.2563985,-75.6165036,supermarket,,,,,,,,Mo-Su 08:00-20:00,,,,tienda_viveres
way,358531547,Aroma y armonía,6.2453464,-75.5876784,hairdresser,,,,,,,,Mo-Su 08:00-18:00; Apr 10-15 off; Jun 08:00-14:00; Aug off; Dec 25 off,,,,belleza_peluqueria
way,358531548,Déjame que te cuente,6.2453306,-75.5890802,,,restaurant,,,,,,Sa-Su 00:00-24:00,regional,,,comidas
way,358531550,Fermat,6.2444009,-75.5872474,supermarket,,,,,,,,,,,,tienda_viveres
way,358531552,Lácteos y cárnicos San Joaquín,6.2450691,-75.5875602,butcher,,,,,,,,,,,,tienda_viveres
way,358531553,Paella Don Paco,6.2449155,-75.5867803,convenience,,,,,,,,,,,,tienda_viveres
way,358531555,Tienda,6.2452367,-75.5875188,convenience,,,,,,,,,,,,tienda_viveres
way,358565068,Mall Señorial,6.1595163,-75.5980512,mall,,,,,,,,,,,,
way,358571758,Centro Comercial Automotriz,6.2229134,-75.5703942,mall,,,,,,,,,,,,
way,358572326,Almacentro,6.2351687,-75.5707815,mall,,,,,,Carrera 43A,# 34 - 95,Mo-Sa 06:00-21:00,,,https://almacentro.com.co/,
way,367492886,Makro,6.2497931,-75.5856912,wholesale,,,,,,,,,,,,
way,367492903,Sodimac,6.2496684,-75.5839156,doityourself,,,,,,,,,,,,construccion
way,374040555,Supermercado D1 San Lucas,6.1800923,-75.5614537,supermarket,,,,,,Carrera 22,18A Sur - 135,Mo-Sa 08:00-21:00; Su 09:00-20:00,,,http://www.tiendasd1.com,tienda_viveres
way,374748914,Mixy Mall Los Colores,6.2697788,-75.5949684,mall,,,,,,,,,,,,
way,374783544,Centro Comercial Viva Laureles,6.2460168,-75.6017877,mall,,,,,,Avenida 80,,"Mo-Th 08:30-21:00, Fr,Sa 08:30-11:00, Su,PH 09:00-20:00",,,,
way,375989646,El Bosque Hostal & Campsite,6.2293285,-75.4901745,no,,,,,,,,,,"Big, grassy terrain with excellent, newly built ablutions, well equipped kitchen, facilities for manual or machine washing, fireplace in la…",,
way,377765003,Subway,6.2403391,-75.6026965,,,fast_food,,,,Carrera 81,,,sandwich,,,comidas
way,377765720,Mall Laureles,6.2452497,-75.6005765,mall,,,,,,,,,,,,
way,377765989,D1,6.2487673,-75.6085715,supermarket,,,,,,,,,,,,tienda_viveres
way,377766013,Centro Comercial Itagüí,6.1728264,-75.6086253,mall,,,,,,,,,,,,
way,377766324,Clínica Antioquia,6.1697834,-75.6127429,,,clinic,,,,Carrera 49,,24/7,,,,salud_bienestar
way,378852542,Ahi Songo Sorongo,6.2452521,-75.5866082,convenience,,,,,,,,,,,,tienda_viveres
way,380006756,Bocado de reina,6.244739,-75.5861374,,,restaurant,,,,,,,,,,comidas
way,380006764,Peluquería Amparo,6.2459726,-75.5860045,hairdresser,,,,,,,,,,,,belleza_peluqueria
way,380006767,Soria Creaciones,6.2466104,-75.585308,yes,,,,,,,,,,,,
way,380006770,Tienda de Doña Clara,6.2449284,-75.5863887,kiosk,,,,,,,,,,,,tienda_viveres
way,380006774,Nueva Imagen,6.2469789,-75.5866687,hairdresser,,,,,,,,,,,,belleza_peluqueria
way,380010042,Autoservicio Mana,6.2456634,-75.588262,supermarket,,,,,,Circular 3,68c - 12,,,,,tienda_viveres
way,380010044,Centro de Estetica,6.2456284,-75.5881645,hairdresser,,,,,,,,,,,,belleza_peluqueria
way,380010045,Cigarreria Baco,6.2459225,-75.5887631,confectionery,,,,,,,,,,,,panaderia
way,380016666,Fotocopias San Joaquin,6.2452981,-75.5879542,stationery,,,,,,,,,,,,papeleria
way,380016667,Tienda de Cueros (Bolsos),6.2451869,-75.587719,clothes,,,,,,,,,,,,ropa_calzado
way,380017718,Compra-Venta de usados,6.2450749,-75.5846993,variety_store,,,,,,,,,,,,papeleria
way,380017719,Condimentos Primavera,6.2458208,-75.5848149,convenience,,,,,,,,,,,,tienda_viveres
way,380017720,Doña Bertha,6.2453493,-75.5844727,kiosk,,,,,,,,,,,,tienda_viveres
way,380017721,Marquetería,6.2455105,-75.5844032,frame,,,,,,,,,,,,
way,380017722,Mensajería,6.2455468,-75.5845067,yes,,,,,,,,,,,,
way,380017723,Punto Verde,6.2454685,-75.5843682,kiosk,,,,,,,,,,,,tienda_viveres
way,380017724,Tortas del Gordo,6.2455021,-75.5843697,bakery,,,,,,,,,,,,panaderia
way,380017725,Uñas Mágicas,6.2457057,-75.5846374,beauty,,,,,,,,,,,,belleza_peluqueria
way,380020461,Dika Pets,6.2459317,-75.5867574,clothes,,,,,,,,,,,,ropa_calzado
way,380020463,Impresiones Rotamnundo,6.2461488,-75.5849105,copyshop,,,,,,,,,,,,papeleria
way,380073792,Luna Moré,6.2438221,-75.5869453,,,restaurant,,,,,,,regional,,,comidas
way,380089960,Consumo,6.2476714,-75.5879452,supermarket,,,,,,Carrera 69,,,,,,tienda_viveres
way,380106206,Terpel San Juan,6.2485973,-75.5861561,no,,fuel,,,,,,24/7,,,,
way,380118442,Gourmet Sabana,6.2452813,-75.5889959,,,restaurant,,,,,,,regional,,,comidas
way,398763806,El Rancherito,6.3614389,-75.4953316,,,restaurant,,,,,,,regional,,,comidas
way,400263549,Auteco,6.2788357,-75.6335575,motorcycle,,,,,,,,Mo-Sa 08:00-18:00,,,,mecanica_motos
way,402783967,Centro de Salud La Maruchenga,6.31243,-75.5728204,,,clinic,,,,,,,,,,salud_bienestar
way,403351374,Éxito,6.334909,-75.5575943,department_store,,,,,,,,,,,,
way,403531382,La Fonda del Ciclista,6.1479474,-75.6360176,kiosk,,,,,,,,,,,,tienda_viveres
way,403843980,Andar Chevrolet Laureles,6.238828,-75.5916713,car,,,,,,Calle 33,,,,,,mecanica_motos
way,403843981,Renault Casa Britanica,6.2388161,-75.5922124,car,,,,,,,,,,,,mecanica_motos
way,407180366,Dinámica IPS,6.2332848,-75.6047745,,,clinic,clinic,,,,,,,,,salud_bienestar
way,418106809,EL sabor de resortes,6.3000987,-75.5738401,,,restaurant,,,,,,08:00-20:00,,,,comidas
way,418106810,La kz de Orlando,6.2998115,-75.573939,kiosk,,,,,,,,,,,,tienda_viveres
way,419343051,Consumo Pedregal,6.3017945,-75.5722732,supermarket,,,,,,,,,,,,tienda_viveres
way,428270437,Compraventas Pedregal,6.3018683,-75.5733555,pawnbroker,,,,,,,,24/7,,,,
way,428270442,ferreteria,6.3017686,-75.5732075,hardware,,,,,,,,,,,,construccion
way,428270445,Mutual,6.3018016,-75.5733149,funeral_directors,,,,,,,,24/7,,,,
way,428270449,Tienda Naturista,6.3017666,-75.5731643,chemist,,,,,,,,,,,,salud_bienestar
way,428521526,naruto,6.3038904,-75.5707022,,,fast_food,,,,,,,american,,,comidas
way,428537187,Remate La Curva,6.3034665,-75.5705617,department_store,,,,,,,,,,,,
way,428551219,Pinturas y Latonerias,6.3033272,-75.5688167,car_repair,,,,,,,,,,,,mecanica_motos
way,430406427,Supermercado Buenos Aires,6.3019554,-75.5735934,supermarket,,,,,,,,,,,,tienda_viveres
way,430616760,U de C,6.2981163,-75.5719103,kiosk,,,,,,,,,,,,tienda_viveres
way,430616761,pedregal,6.3011488,-75.5723059,,,doctors,,,,,,,,,,salud_bienestar
way,430623308,Haiverde,6.3023089,-75.5724064,greengrocer,,,,,,,,,,,,tienda_viveres
way,431067733,Granero Buenos Aires,6.301984,-75.5736482,farm,,,,,,,,,,,,tienda_viveres
way,431892123,mita,6.292836,-75.5367329,yes,,,,,,,,,,,,
way,434580936,Fundación Medico Preventiva,6.2532509,-75.5740963,,,clinic,,,,Carrera 56 C,,,,,,salud_bienestar
way,434582069,Te La Voragine,6.2536471,-75.5730206,,,cafe,,,,Carrera 56 A,,,coffee_shop,,,comidas
way,435175380,Éxito,6.1493471,-75.6178212,department_store,,,,,,,,,,,,
way,435205181,Clínica El Rosario,6.1938575,-75.5575023,,,hospital,,,,Carrera 20,2 Sur - 85,,,,https://www.clinicaelrosario.com/,salud_bienestar
way,435302978,Los Tablones,6.2901646,-75.5380841,,,car_wash,,,,,,,,,,mecanica_motos
way,435305767,Super mercado valentina,6.2869653,-75.5382978,supermarket,,,,,,,,,,,,tienda_viveres
way,437428683,Hospital del Ejercito Nacional Cuarta Brigada,6.2630107,-75.5930623,,,hospital,hospital,,,,,,,,,salud_bienestar
way,438908407,Megapizza,6.2392995,-75.6027199,,,fast_food,,,,,,,pizza,,,comidas
way,440269601,Porcicarnes,6.2395926,-75.5873066,butcher,,,,,,Calle 33,,,,,,tienda_viveres
way,440415319,D1,6.2434132,-75.5940576,supermarket,,,,,,,,,,,,tienda_viveres
way,440529001,Plaza 77,6.1568167,-75.6269059,mall,,,,,,,,,,,,
way,441444011,Mall Zona Dos,6.1984383,-75.5658495,mall,,,,,,,,,,,,
way,441723549,Ilforno,6.2622118,-75.5873391,,,restaurant,,,,,,,,,,comidas
way,441723550,Smart fit- Los Colores,6.2620827,-75.587029,,,,,fitness_centre,,,,,,,,salud_bienestar
way,441794789,Centro de Salud de Robledo,6.2759926,-75.5881332,,,hospital,hospital,,,,,,,,,salud_bienestar
way,442952004,Action Black Sabaneta,6.1600104,-75.6056779,,,,,fitness_centre,,,,,,,,salud_bienestar
way,443499833,Hospital Rosalpi,6.3390106,-75.5638132,,,hospital,hospital,,,,,,,,,salud_bienestar
way,444281382,Feria de Ganado de Medellín,6.3006349,-75.5621474,butcher,,,,,,,,Mo-Fr 08:00-16:00,,,,tienda_viveres
way,446871171,Terpel Zenú,6.3011568,-75.5643649,yes,,fuel,,,,,,24/7,,,,
way,447241277,Total Fit,6.2733334,-75.5947675,,,,,fitness_centre,,Calle 63,,,,,,salud_bienestar
way,447764350,Supermercado Bonanza,6.2796157,-75.5785027,supermarket,,,,,,,,Mo-Su 08:00-20:00,,,,tienda_viveres
way,447851667,Hospital La María,6.2864391,-75.5744341,,,hospital,,,,Calle 92EE,67-61,,,,,salud_bienestar
way,448567418,Dragón Fenix,6.2390344,-75.6025232,,,fast_food,,,,,,,chinese,,,comidas
way,448567419,Grand House,6.2392019,-75.6027235,furniture,,,,,,,,,,,,
way,448567420,Pabolli,6.2390809,-75.602752,hardware,,,,,,,,,,,,construccion
way,448950288,El Laboratorio del Café,6.1987038,-75.587583,,,cafe,,,,,10b sur # 51-52,,,Sitio de tueste y empaque de Café,,comidas
way,453806993,Centro Clinico Hospitalario SALUTEM,6.2404441,-75.591606,,,clinic,clinic,,,Circular 70A-72,Transversal 39A,,,,,salud_bienestar
way,453807023,Matiz | Mobiliario - Decoración - Diseño de Interiores,6.2413642,-75.5921752,furniture,,,,,,Transversal 39B,71-69,Mo-Sa 09:30-19:00,,,https://www.galeriamatiz.com/,
way,455475421,Chorizos,6.2856115,-75.5844173,,,restaurant,,,,,,,barbecue,,,comidas
way,455592992,Tienda de la esquina,6.2817692,-75.5892459,convenience,,,,,,,,Mo-Su 08:00-20:00,,,,tienda_viveres
way,455594784,Tienda,6.2816609,-75.5893395,convenience,,,,,,,,,,,,tienda_viveres
way,455877831,Centro Comercial Aves Maria,6.1489897,-75.617195,mall,,,,,,,,"Mo-Sa 07:30-21:00; PH,Su 09:00-20:00",,,,
way,458950995,San Vicente de Paul,6.4364245,-75.332776,,,hospital,,,,,,,,,,salud_bienestar
way,490559510,Mega Storage - Minibodegas en Medellin,6.2152456,-75.5892667,storage_rental,,,,,,Calle 8B #65-251,,,,,,
way,490563154,Gimnasio Santillana,6.2028263,-75.5744309,,,,,fitness_centre,,,,,,,,salud_bienestar
way,504572150,Intermedia de Santa Cruz,6.2934873,-75.5603249,,,hospital,hospital,,,,,,,,,salud_bienestar
way,505902009,Vizcaya,6.2079821,-75.5633373,mall,,,,,,,,,,,,
way,506502588,Mercado del Río,6.22612,-75.5754252,,,food_court,,,,Calle 24,48 - 28,,,,https://www.mercadodelrio.com/,comidas
way,520045784,Supertienda EASY,6.202908,-75.5813683,doityourself,,,,,,Carrera 50,2 Sur - 189,Mo-Sa 07:00-20:00; Su 10:00-20:00,,,https://www.easy.com.co/,construccion
way,525223202,Tienda La Luz,6.2466819,-75.6273344,convenience,,,,,,,,,,,,tienda_viveres
way,533036871,Comfama de Aranjuez,6.2832364,-75.5621753,,,hospital,hospital,,,Carrera 51B,,,,,,salud_bienestar
way,540958304,Tienda El Pescadero,6.2258877,-75.4901702,convenience,,,,,,,,,,,,tienda_viveres
way,540958321,Punto de vente La Granga,6.234005,-75.4957444,convenience,,,,,,,,,,"Convenience store, bakery, butcher, greengrocer",,tienda_viveres
way,540969291,Éxito Express,6.3835292,-75.4625009,department_store,,,,,,Doble calzada Niquia - Hatillo,,"Mo-Sa 06:00-21:00, 09:00-18:00; Su 10:00-18:00",,,,
way,541550614,Sancho Paisa,6.1531749,-75.5331986,,,restaurant,,,,,,Mo-Su 06:00-23:00,regional,,,comidas
way,541552089,Mercajuste,6.1540795,-75.5356436,supermarket,,,,,,,,Mo-Su 08:00-21:00,,,,tienda_viveres
way,542648397,Clínica Diagnóstica Especializada Congregación Mariana,6.2487699,-75.5606986,,,clinic,,,,,,,,,,salud_bienestar
way,542648400,Centro de Fracturas La Orienta,6.2522961,-75.5625835,,,clinic,,,,Calle 56,45-121,,,,,salud_bienestar
way,542648405,Sala de Velación Villanueva,6.2534739,-75.5617438,funeral_directors,,,,,,,,,,,,
way,543112930,Metrosalud La Cruz,6.2699394,-75.5367617,,,hospital,hospital,,,Carrera 25,75c-06,,,,,salud_bienestar
way,544836145,Mercados la Chinca,6.3433442,-75.5499956,supermarket,,,,,,Diagonal 61,,,,,,tienda_viveres
way,544836151,Gimnasio la Chinca,6.3433614,-75.5490254,,,,,fitness_centre,,Diagonal 61,,,,,,salud_bienestar
way,546258844,MercaCatalina,6.2452231,-75.6208049,supermarket,,,,,,,,,,,,tienda_viveres
way,546258846,Panadría la Sexta,6.2447305,-75.6198299,bakery,,,,,,,,,,,,panaderia
way,546260433,El papá de belencito,6.2453591,-75.6209933,variety_store,,,,,,,,Mo-Sa 08:00-20:00,,,,papeleria
way,546263208,D1,6.2448132,-75.617481,supermarket,,,,,,,,,,,,tienda_viveres
way,546264386,Mandingas,6.2454484,-75.6169364,,,fast_food,,,,,,,american,,,comidas
way,546449305,El Garaje de Alfredo,6.2445296,-75.6220508,alcohol,,,,,,,,,,,,tienda_viveres
way,546449307,La Tienda de Olga,6.2442953,-75.6210972,convenience,,,,,,,,,,,,tienda_viveres
way,546453407,Fabrica Textil de los Arango,6.2435287,-75.6223934,fabric,,,,,,,,,,,,
way,548592309,Merque Paisa,6.1847747,-75.6558629,supermarket,,,,,,,,,,,,tienda_viveres
way,548899887,D1,6.1859346,-75.653324,supermarket,,,,,,,,,,,,tienda_viveres
way,549603451,Ara,6.3456333,-75.5661294,supermarket,,,,,,,,,,,,tienda_viveres
way,550978302,Gimnasio público Barrio Cristóbal - Santa Mónica,6.2508212,-75.6137915,,,,,fitness_centre,,,,,,,,salud_bienestar
way,550982979,Los Reyes,6.2494278,-75.6099884,supermarket,,,,,,,,,,,,tienda_viveres
way,550983249,Gimnasio social,6.2518366,-75.6135132,,,,,fitness_centre,,,,,,,,salud_bienestar
way,551081154,Centro comercial MetroCentro I,6.2436821,-75.5715744,mall,,,,,,,,,,,,
way,551081672,Centro Comercial Gran Plaza,6.2471087,-75.5723118,mall,,,,,,,,,,,,
way,551686399,Centro de Salud San Camilo,6.2887954,-75.5868812,,,hospital,hospital,,,,,,,,,salud_bienestar
way,551692346,Pisende,6.2643932,-75.5700087,doityourself,,,,,,Calle 67,56-5,Mo-Sa 08:00-21:00; Su 09:00-17:00,,,https://www.pisende.com,construccion
way,570099261,Andar,6.2301005,-75.5718358,car,,,,,,Calle 29,,,,,,mecanica_motos
way,570099262,La Nacional,6.2296251,-75.5717149,yes,,,,,,Calle 29,44-60,,,,,
way,570311101,Santa Ana Hospital Infantil,6.2152267,-75.5715127,,,hospital,hospital,,,Carrera 43B,,,,,,salud_bienestar
way,570334896,Burger King,6.2451576,-75.59648,,,fast_food,,,,Avenida 37,,,burger,,,comidas
way,571089115,Tecnicarnes,6.2505291,-75.5967026,deli,,,,,,Carrera 76,,,,,,tienda_viveres
way,571089140,Clinica Colombiana de Implantes Dentales,6.2406213,-75.5966006,,,dentist,dentist,,,Diagonal 75E,33A-160,,,,https://www.clinicacolombianadeimplantes.com/,salud_bienestar
way,571089144,Clap Burgers,6.2385456,-75.5965166,,,restaurant,,,,,,,burger,,,comidas
way,571136747,Éxito,6.2560494,-75.5826914,department_store,,,,,,Carrera 66,,"Mo-Sa 08:00-20:30; Su,PH 08:30-20:00",,,,
way,571159880,Primax,6.2786137,-75.5885784,no,,fuel,,,,Diagonal 80,,24/7,,,,
way,571159881,Primax,6.2784877,-75.5887881,no,,fuel,,,,Diagonal 80,,24/7,,,,
way,571749045,Texaco Autopista,6.1572673,-75.6224167,yes,,fuel,,,,Carrera 42,,,,,,
way,571855800,Los Colores,6.2617786,-75.5875143,car_repair,,,,,,Calle 53,,,,,,mecanica_motos
way,572096397,Clinica Sanitas,6.1908488,-75.5777503,,,clinic,clinic,,,Calle 16 Sur,,,,,,salud_bienestar
way,572105041,ESSO Envigado,6.1769355,-75.5854087,kiosk,,fuel,,,,Carrera 43A,,24/7,,,,tienda_viveres
way,572200093,El Jordan,6.2738892,-75.5956436,,,pharmacy,,,,Calle 63,,,,,,salud_bienestar
way,572234793,marlon Becerra,6.2615791,-75.5973877,,,dentist,,,,Carrera 80,,,,,,salud_bienestar
way,572983890,Centro Comercial Bosque Plaza,6.2686323,-75.565145,mall,,,,,,,,,,,,
way,573377183,Centro Logístico Humanitario Cruz Roja Colombiana,6.2280515,-75.57704,,,clinic,clinic,,,Carrera 52,,,,,,salud_bienestar
way,573377190,Makro,6.2134617,-75.5803465,wholesale,,,,,,Calle 10,,,,,,
way,573767454,Clínica Veterinaria,6.3465768,-75.5060898,,,veterinary,,,,Calle 49,,,,,,mascotas
way,573767455,Droguería Clarines Naturismo,6.3475632,-75.505772,,,pharmacy,pharmacy,,,Calle 50,,,,,,salud_bienestar
way,573767456,Tasmania Tienda,6.3393173,-75.5044877,convenience,,,,,,Carrera 49,,,,,,tienda_viveres
way,573767458,Drogueria Y Perfumería Copacabana,6.3453905,-75.5084901,,,pharmacy,pharmacy,,,Carrera 51,,,,,,salud_bienestar
way,573767462,Panadería Y Repostería Marcos Pan,6.3460613,-75.5076471,bakery,,,,,,Calle 49,,,,,,panaderia
way,573797358,Tiendas de Todos,6.1962429,-75.5921131,supermarket,,,,,,Carrera 53,,,,,,tienda_viveres
way,573797699,Brasas Pan,6.3463902,-75.5082781,bakery,,,,,,Calle 50,,,,,,panaderia
way,574214609,Santa Lucia,6.2583968,-75.6037274,,,restaurant,,,,Calle 47DD,,,,,,comidas
way,574224557,Tienda La Sazón de la Negra,6.3449824,-75.5081202,convenience,,,,,,Calle 48,,,,,,tienda_viveres
way,574224559,Panaderia Berna,6.3489014,-75.5073658,bakery,,,,,,Carrera 48,,,,,,panaderia
way,574224562,Droguería Farma Expertos,6.3490393,-75.5063361,,,pharmacy,pharmacy,,,Calle 52,,,,,,salud_bienestar
way,574224564,Consultorio Clinico,6.3466963,-75.5087676,,,doctors,,,,Carrera 51,,,,,,salud_bienestar
way,574246149,Restaurante Chino,6.2383022,-75.607182,,,restaurant,,,,Calle 33,,,,,,comidas
way,574246152,Tuferretero,6.2492696,-75.6081368,hardware,,,,,,Carrera 88,40-27,,,,,construccion
way,574246156,Laboratorio Clínico VID Sede La América,6.2500689,-75.6049182,,,,laboratory,,,Carrera 84,43-11,,,,,salud_bienestar
way,574246158,La Vaquita,6.2388122,-75.6070551,supermarket,,,,,,,,Mo-Sa 07:00-21:00; Su 07:00-20:00,,,,tienda_viveres
way,574246159,Farmacia Pasteur Simon Bolivar,6.2444619,-75.6075641,,,pharmacy,pharmacy,,,Calle 35,84 AA - 04,Mo-Fr 08:00-20:00; Sa 08:00-19:00; Su 09:00-18:00,,,,salud_bienestar
way,574257354,Drogueria Medifarmax,6.3365623,-75.5541439,,,pharmacy,pharmacy,,,Carrera 45,,,,,,salud_bienestar
way,574640768,Drogueria El Carmen,6.3440907,-75.5640114,,,pharmacy,pharmacy,,,Calle 62A,,,,,,salud_bienestar
way,574640769,Carniceria Familiar,6.3440317,-75.5637749,butcher,,,,,,Transversal 56A,,,,,,tienda_viveres
way,574646337,Droguería,6.3470107,-75.5627686,,,pharmacy,pharmacy,,,Calle 66,,,,,,salud_bienestar
way,574657722,Droguría Farmax's,6.3422678,-75.5671801,,,pharmacy,pharmacy,,,Calle 58,,,,,,salud_bienestar
way,574658017,Capira Papitas,6.2452512,-75.5974854,,,restaurant,,,,Calle 38,,Su-Th 15:30-22:00; Fr-Sa 15:30-23:00,,,,comidas
way,574658026,Guadalupe,6.2460885,-75.5972812,,,restaurant,,,,Transversal 39,,,mexican,,,comidas
way,575735354,La Perla,6.3481744,-75.5669344,convenience,,,,,,Calle 68,,,,,,tienda_viveres
way,575737138,El Buen Sabor,6.337384,-75.5554372,convenience,,,,,,Calle 53,,,,,,tienda_viveres
way,575745658,Carniceria La Chinca,6.3431655,-75.550415,butcher,,,,,,Diagonal 61,,,,,,tienda_viveres
way,575745659,Crisss Pollosss,6.3459192,-75.5473009,,,restaurant,,,,Diagonal 65,,,,,,comidas
way,575776579,Droguería,6.3424214,-75.5487977,,,pharmacy,pharmacy,,,Avenida 42,,,,,,salud_bienestar
way,575776585,Droguería La 4Z De Bello,6.3465608,-75.549325,,,pharmacy,pharmacy,,,Carrera 42A,,,,,,salud_bienestar
way,575776592,Droguería Pharma-Plus,6.3440299,-75.5528694,,,pharmacy,pharmacy,,,Diagonal 61,,,,,,salud_bienestar
way,576479707,Sport Fitness,6.2307307,-75.5690525,sports,,,,,,Carrera 43,,,,,,
way,576479709,Strongman Bicicletas,6.2305985,-75.5690458,bicycle,,,,,,Carrera 43,,,,,,
way,576485679,Malanga del Trópico,6.2457465,-75.5998018,,,restaurant,,,,Calle 38,79-46,,seafood;caribbean,,https://www.malangadeltropico.com/,comidas
way,576485680,La Pampa,6.2463153,-75.5978917,,,restaurant,,,,Transversal 39,,,,,,comidas
way,576485682,Juanamar,6.2428086,-75.60006,clothes,,,,,,Carrera 80,,,,,,ropa_calzado
way,576504558,Droguería Comercial,6.2385364,-75.6003712,,,pharmacy,pharmacy,,,Calle 33,,,,,,salud_bienestar
way,576504560,Five Star Burger & Hot's,6.2371423,-75.6028526,,,restaurant,,,,Carrera 81,,,,,,comidas
way,576533555,Drogueria,6.1731261,-75.5790407,,,pharmacy,pharmacy,,,Diagonal 31,,,,,,salud_bienestar
way,576533557,Carnes la Sebastiana,6.16968,-75.5805104,butcher,,,,,,Diagonal 31C,,,,,,tienda_viveres
way,576533560,Drogueria Xara,6.1717067,-75.5793106,,,pharmacy,pharmacy,,,Diagonal 31,,,,,,salud_bienestar
way,576533575,Drogueria Positiva,6.1672129,-75.5838502,,,pharmacy,,,,Calle 38 Sur,,,,,,salud_bienestar
way,576920915,Droguerías Buendia,6.177072,-75.58005,,,pharmacy,,,,Carrera 42A,,,,,,salud_bienestar
way,576920918,Kittys,6.1736567,-75.5791434,,,restaurant,,,,Diagonal 31,,,,,,comidas
way,576920921,Drogueria Uribe Angel,6.170186,-75.5797572,,,pharmacy,,,,Diagonal 31,,,,,,salud_bienestar
way,576920922,Supermercado La Paz,6.168004,-75.5799458,supermarket,,,,,,Transversal 36 Sur,,,,,,tienda_viveres
way,576928828,Ferretería Vícuña,6.2312039,-75.605004,hardware,,,,,,Carrera 28C,,,,,,construccion
way,577205571,Vehículos del Camino,6.2309397,-75.5701024,car,,,,,,Carrera 43A,30-91,,,,,mecanica_motos
way,578270386,Rincón Tamesino,6.1539415,-75.6100008,,,restaurant,,,,Carrera 43A,,,,,,comidas
way,578295781,Las Vegas,6.1504195,-75.6235039,,,restaurant,,,,Calle 77 Sur,,,,,,comidas
way,578680343,AGR Market,6.1563831,-75.6121111,convenience,,,,,,Calle 61 Sur,,,,,,tienda_viveres
way,578687447,Farmacenter,6.1510394,-75.6145549,,,pharmacy,pharmacy,,,Carrera 43B,,,,,,salud_bienestar
way,578687448,Consultorio Odontologico,6.1508919,-75.6147872,,,dentist,dentist,,,Carrera 43B,,,,,,salud_bienestar
way,578687452,Tatiana Otero,6.1528499,-75.6149956,,,dentist,dentist,,,Calle 68 Sur,,,,,,salud_bienestar
way,578687454,Drogueria Bombay,6.1520328,-75.6142717,,,pharmacy,pharmacy,,,Calle 68 Sur,,,,,,salud_bienestar
way,578687455,farmacias Plus,6.150108,-75.6154025,,,pharmacy,pharmacy,,,Carrera 43B,,,,,,salud_bienestar
way,579071772,Mgsalud,6.2564505,-75.563561,,,doctors,,,,,,,,,,salud_bienestar
way,579078182,Tiendos D1,6.2925496,-75.5695323,supermarket,,,,,,Carrera 65,,,,,,tienda_viveres
way,579426273,Terpel,6.2839521,-75.5707896,kiosk,,fuel,,,,Carrera 64,,24/7,,,,tienda_viveres
way,579440532,Dental Arte,6.3064218,-75.5535071,,,dentist,,,,Calle 123,,,,,,salud_bienestar
way,579440534,Pio Pollo #2,6.3002651,-75.5568469,,,restaurant,,,,Calle 109,,,,,,comidas
way,579440541,Drogueria Natali,6.3014813,-75.5487471,,,pharmacy,,,,Carrera 46,,,,,,salud_bienestar
way,579440544,El Playon,6.3063645,-75.5540305,,,restaurant,,,,Calle 123,,,,,,comidas
way,579440545,Drogueria Misión Vida,6.3000492,-75.5567591,,,pharmacy,pharmacy,,,Calle 109,,,,,,salud_bienestar
way,580591112,Unicentro Medelllín,6.240882,-75.5870814,mall,,,,,,Carrera 66B,34A - 76,Mo-Sa 10:00-21:00; Su 11:00-20:00,,,https://www.unicentromedellin.com.co/,
way,580616602,Monachos,6.2669476,-75.5617764,,,restaurant,,,,Carrera 51,70-34,,,,,comidas
way,580672220,Drogueria,6.2928466,-75.5618762,,,pharmacy,,,,Carrera 52,,,,,,salud_bienestar
way,580672231,Mercafruver,6.306398,-75.5554598,supermarket,,,,,,Carrera 52,,,,,,tienda_viveres
way,580672232,Melao,6.3051668,-75.5556957,,,restaurant,,,,Carrera 52,,,,,,comidas
way,580672233,Frity Broos,6.3009198,-75.5564939,,,restaurant,,,,Carrera 52,,,,,,comidas
way,580672242,SurtiMax,6.2911059,-75.5621343,supermarket,,,,,,Carrera 52,,,,,,tienda_viveres
way,588401275,Salud SURA,6.2287433,-75.574097,,,hospital,hospital,,,,,,,Clinica SURA industriales,,salud_bienestar
way,588402164,Savia salud EPS,6.2271867,-75.5744281,,,hospital,hospital,,,,,,,,,salud_bienestar
way,590310986,Parmenio,6.2631358,-75.5762469,greengrocer,,,,,,,,Mo-Fr 06:00-19:00; Sa 08:00-17:00,,,,tienda_viveres
way,619825813,Coomeva Medicina Prepagada,6.2377016,-75.586697,,,,yes,,,,,,,,,salud_bienestar
way,620211653,Mini Mercado Punto Verde,6.2498941,-75.5898809,supermarket,,,,,,,,,,MINIMERCADO DOMICILIOS GRATIS,,tienda_viveres
way,620214382,Florida Nueva,6.2500281,-75.5913828,,,clinic,clinic,,,Calle 44-57,CRA 72,,,,,salud_bienestar
way,620313742,Mall La Visitación,6.1964441,-75.5655107,mall,,,,,,,,,,,,
way,620313810,Supermercados Supermú,6.1918061,-75.5663861,supermarket,,,,,,Calle 9 Sur,29D-76,Mo-Su 08:00-21:00,,,,tienda_viveres
way,621092914,Los Puentes,6.2567783,-75.5656938,mall,,,,,,,,,,,,
way,627851222,Colombia Moto Adventures,6.2885525,-75.6121703,motorcycle,,,,,,,,Mo-Su 00:00-12:00,,"Rentals include helmet, medical insurance, liability reduction insurance and SOAT",https://www.colombiamotoadventures.com,mecanica_motos
way,633552302,Centro de Salud del Limonar,6.1781268,-75.6441089,,,clinic,clinic,,,,,,,,,salud_bienestar
way,644507527,Justo y bueno,6.1751635,-75.6350125,supermarket,,,,,,,,,,,,tienda_viveres
way,644515636,Complex ditaires,6.1702571,-75.6285391,mall,,,,,,,,,,,,
way,644515638,Complex ditaires,6.1711299,-75.6283207,mall,,,,,,,,,,,,
way,652294035,Merkahorro,6.3467635,-75.5097183,supermarket,,,,,,,,,,,,tienda_viveres
way,658013403,Frechibar,6.1543631,-75.5376681,,,restaurant,,,,,,,colombian,,,comidas
way,658013404,Granero Morales,6.1712392,-75.5272834,supermarket,,,,,,,,,,,,tienda_viveres
way,658237688,Montallantas,6.1529726,-75.5325702,motorcycle,,,,,,,,,,,,mecanica_motos
way,667688995,RESTAURANTE LA GUADA,6.2617485,-75.5855951,,,restaurant,,,,,,,,,,comidas
way,673647384,Carulla,6.2114325,-75.5697848,supermarket,,,,,,Carrera 43A,108A-10,"Mo-Sa 08:00-20:00,09:00-18:00; Su 08:00-21:00",,,,tienda_viveres
way,678811969,El nacional,6.3018731,-75.5823754,supermarket,,,,,,,,,,,,tienda_viveres
way,682788559,Urgencias Leon XIII,6.2668359,-75.5654957,,,hospital,hospital,,,,,,,,,salud_bienestar
way,689002645,Spa ZaZen,6.2012199,-75.5711686,beauty,,,,,,,,,,,,belleza_peluqueria
way,689360795,EMMSA,6.3390428,-75.5421563,,,hospital,hospital,,,,,,,,,salud_bienestar
way,689362352,Zona de Comidas Puerta del Norte 1,6.339217,-75.5440529,,,food_court,,,,,,,,,,comidas
way,689362353,Zona de Comidas Puerta del Norte 2,6.3389628,-75.5422609,,,food_court,,,,,,,,,,comidas
way,689362354,Zona de Comidas Puerta del Norte 3,6.3402225,-75.542816,,,food_court,,,,,,,,,,comidas
way,689362355,Zona de Comidas Puerta del Norte 4,6.3396096,-75.5420663,,,food_court,,,,,,,,,,comidas
way,689362356,Almacenes Éxito,6.3393336,-75.5433618,department_store,,,,,,,,,,,,
way,689582999,club deportivo Haceb,6.351517,-75.5112768,,,,,fitness_centre,,,,,,,,salud_bienestar
way,689583523,Marco Fidel Suarez,6.3426489,-75.5480809,,,hospital,hospital,,,,,,,,,salud_bienestar
way,689583537,gimnasio al aire libre,6.3427938,-75.549798,,,,,fitness_centre,,,,,,,,salud_bienestar
way,701710051,Jardineria Elduvis,6.2772532,-75.5678283,garden_centre,,,,,,,,Mo-Fr 08:00-17:00,,,,
way,702561398,comida,6.2789364,-75.5673882,yes,,,,,,,,,,,,
way,735003901,El Vergel,6.2610581,-75.5768817,,,restaurant,,,,,,,,,,comidas
way,755136997,Asados Candela,6.2338842,-75.5956194,,,restaurant,,,,,,,,,,comidas
way,755137673,Bodytech,6.2339403,-75.5959359,,,,,fitness_centre,,,,,,,,salud_bienestar
way,757263178,Cafeteria La buena esperanza,6.2349865,-75.5913728,,,cafe,,,,,,"PH,Mo-Su 05:30-19:29",,,,comidas
way,757263236,Mi Buñuelo,6.2350889,-75.5913687,bakery,,,,,,,,,,,,panaderia
way,771657079,Aceros & Domos,6.2350385,-75.5899007,,metal_construction,,,,,,,,,,,construccion
way,771672415,Auto Bulerias,6.237878,-75.5909827,car,,,,,,,,,,,,mecanica_motos
way,771717600,Viva Envigado,6.1763588,-75.5917948,mall,,,,,,,,,,,,
way,774940559,Kumho Tire,6.2322281,-75.5833705,car_repair,,,,,,,,,,,,mecanica_motos
way,774940560,Franco Aleman,6.232222,-75.5835567,car_repair,,,,,,,,,,,,mecanica_motos
way,774940561,Auteco,6.232003,-75.5837324,motorcycle_repair,,,,,,,,,,,,mecanica_motos
way,775220740,Mas Frenos S.A.S,6.2334973,-75.5847975,car_repair,,,,,,,,,,,,mecanica_motos
way,775222606,Saludcoop - Cafesalud,6.2390074,-75.5865773,,,,yes,,,,,,,,,salud_bienestar
way,775431576,Renault,6.1581373,-75.608522,car_repair,,,,,,,,,,,,mecanica_motos
way,775918443,Salud Rent,6.2379808,-75.5830916,,,,yes,,,,,,,,,salud_bienestar
way,775955657,Bodytech,6.2379838,-75.586629,,,,,fitness_centre,,,,,,,,salud_bienestar
way,775994250,Todo en Artes,6.240588,-75.588281,craft,,,,,,,,,,,,
way,776467003,El Corral,6.2100577,-75.5941251,,,fast_food,,,,,,,burger,,,comidas
way,776469581,Grease Monkey,6.2105529,-75.5941343,car_repair,,,,,,,,,,,,mecanica_motos
way,778684464,Centro Comercial Arkadia,6.2121181,-75.5947149,mall,,,,,,Carrera 70,# 1-141,Mo-Sa 09:00-22:00; Su 10:00-21:00,,,https://www.arkadiacentrocomercial.com,
way,779552757,supermú,6.239299,-75.5962829,supermarket,,,,,,,,,,,,tienda_viveres
way,780501051,Pacho Carburadores,6.2339654,-75.582874,car_repair,,,,,,,,,,,,mecanica_motos
way,780501052,Carlos Mofles,6.2339753,-75.5829301,car_repair,,,,,,,,,,,,mecanica_motos
way,782047722,Terpel El Rodeo,6.2084627,-75.5915232,no,,fuel,,,,,,24/7,,,,
way,784628271,Restaurante Okus,6.2143473,-75.5622501,,,restaurant,,,,Calle 14 #30-190,,,,,,comidas
way,784629859,Balance,6.2116693,-75.5598575,,,clinic,clinic,,,,,,,,,salud_bienestar
way,784631519,Clínica Bioforma,6.1824447,-75.5645504,,,clinic,clinic,,,,,,,,https://www.bioforma.com.co/,salud_bienestar
way,784632334,Smart Fit El Tesoro,6.1961088,-75.5627084,,,,,fitness_centre,,Carrera 25A,#1A Sur 45,,,,,salud_bienestar
way,784638254,Centro medico Buenos Aires,6.242017,-75.5556743,,,hospital,hospital,,,,,,,,,salud_bienestar
way,784675127,Centro de Salud de Aranjuez,6.2850771,-75.5586784,,,clinic,centre,,,Carrera 50B,93-40,,,,,salud_bienestar
way,784926746,Exito de Belén,6.2304032,-75.5965374,supermarket,,,,,,,,,,,,tienda_viveres
way,784929655,Merkemos+,6.2679407,-75.5567039,supermarket,,,,,,,,,,,,tienda_viveres
way,784946245,D1,6.2330271,-75.5970517,supermarket,,,,,,,,,,,,tienda_viveres
way,784950560,D1,6.2196539,-75.6028702,supermarket,,,,,,,,,,,,tienda_viveres
way,784950561,Droguería Los Bernal,6.2200237,-75.6059472,,,pharmacy,pharmacy,,,,,,,,,salud_bienestar
way,784976271,Metrosalud- Unidad Hospitalaria,6.2291366,-75.5983056,,,hospital,hospital,,,,,,,,,salud_bienestar
way,784976272,Metrosalud- Unidad Hospitalaria,6.2293909,-75.5979057,,,hospital,hospital,,,Calle 28,77-124,,,,,salud_bienestar
way,784981127,Coopsana IPS -Sede Estadio,6.2584063,-75.5929938,,,clinic,clinic,,,,,,,,,salud_bienestar
way,785092507,Centro Médico Narabema,6.2530114,-75.5910744,,,clinic,alternative,,,Calle 47 # 72-80,,,,,,salud_bienestar
way,785092508,Visión Total,6.2508197,-75.5911899,,,clinic,clinic,,,Calle 44-57,Carrera 72,Mo-Fr 07:00-18:00,,,,salud_bienestar
way,785092509,Coosalud EPS,6.2506291,-75.5882102,,,clinic,clinic,,,Bulevar Libertadores de Ámerica # 44B-22,,,,,,salud_bienestar
way,785092510,CafeSalud,6.25303,-75.5887611,,,clinic,clinic,,,Carrera 70-95,Calle 47D,,,,,salud_bienestar
way,785117927,Sofina Clinic,6.2108519,-75.5729561,,,clinic,clinic,,,Carrera 43C-70,Calle 9,Mo-Fr 08:00-18:00,,,,salud_bienestar
way,785117928,Edifico Medical,6.2063546,-75.5701143,,,clinic,clinic,,,Carrera 39-107,Calle 7,Mo-Sa 08:00-18:00,,,,salud_bienestar
way,785117929,INTERMEDICA Centro de Especialistas,6.2061813,-75.5705264,,,clinic,clinic,,,Carrera 39-107,Calle 7,Mo-Sa 06:00-20:00,,,,salud_bienestar
way,785117930,Consultorios Clínica Medellín Torre Fundadores,6.2067991,-75.5710178,,,clinic,clinic,,,Calle 7-50,Carrera 43A,,,,,salud_bienestar
way,785117932,Laboratorio Clínico Hematológico,6.2063822,-75.573195,,,clinic,clinic,,,Calle 5-33,Carrera 43C,Mo-Fr 06:15-18:30,,,,salud_bienestar
way,785117933,Umma Especialistas,6.2088259,-75.5748123,,,clinic,clinic,,,Calle 6-95,Carrera 45,Mo-Fr 07:45-18:00,,,,salud_bienestar
way,785128778,Torre Médica Las Américas,6.2139529,-75.595759,,,clinic,clinic,,,Avenida 80,Diagonal 75B,,,,https://torremedica.lasamericas.com.co/,salud_bienestar
way,785147487,Instituto del Corazón,6.2430592,-75.5942378,,,clinic,clinic,,,Circular 73,Transversal 39,Mo-Fr 06:00-19:00,,,,salud_bienestar
way,785147488,Dentix,6.244149,-75.5947379,,,clinic,clinic,,,#39-84,Circular 73B,Mo-Fr 07:00-20:00; Sa 08:00-18:00,,,,salud_bienestar
way,785147492,Clínica del Amor,6.2397694,-75.5953721,,,clinic,clinic,,,Circular 72-15,Transversal 35,,,,https://www.clinicadelamor.com,salud_bienestar
way,785147493,Centro Médico Canes,6.2394461,-75.5957334,,,clinic,clinic,,,#71A-127,Calle 33A,,,,,salud_bienestar
way,785147494,Omnisalud,6.2392913,-75.5939302,,,clinic,clinic,,,#74E-56,Avenida 33,,,,,salud_bienestar
way,785147495,Laboratorio Médico Echavarria,6.2393064,-75.5928928,,,,laboratory,,,#74B-278,Avenida 33,,,,https://laboratorioechavarria.com/,salud_bienestar
way,785147496,Laboratorio Clínico Biolab,6.2393635,-75.5922971,,,,laboratory,,,#74B-202,Avenida 33,,,,https://laboratoriobiolab.com.co/,salud_bienestar
way,785147497,Central Medical Group S.A.S,6.2393587,-75.5916424,,,clinic,clinic,,,#74B-130,Avenidad 33,,,,,salud_bienestar
way,785147498,CliniQ Dermoestetica & Laser,6.2405961,-75.592159,,,clinic,clinic,,,Transversal 39-33,Circular 71,,,,,salud_bienestar
way,785147500,IPS Confamilliar Laureles,6.2436236,-75.593186,,,clinic,clinic,,,Transversal 74-52,Circular 3,,,,,salud_bienestar
way,785161711,Laboratorio Clinico Belen,6.2322185,-75.5973221,,,hospital,hospital,,,,,,,,,salud_bienestar
way,785173405,Los Alamos Clinica de Especialistas,6.2385301,-75.5977664,,,clinic,clinic,,,,,,,,,salud_bienestar
way,785173889,SALUD VITAL Y RIESGOS PROFESIONALES IPS SAS,6.2378936,-75.5985088,,,clinic,clinic,,,,,,,,,salud_bienestar
way,785177350,HOCICOS Y BIGOTES,6.2368155,-75.5996805,,,veterinary,,,,,,,,,,mascotas
way,785199468,Mall 80- 30,6.2308832,-75.602565,mall,,,,,,,,,,,,
way,785228374,Centro Comercial Los Colores,6.2609771,-75.5894014,mall,,,,,,,,,,,,
way,785235285,kasetas,6.2691706,-75.5447848,,,restaurant,,,,Calle 77,,"Sa,Su",regional,,,comidas
way,785258297,Coopsana IPS,6.2419529,-75.5979195,,,,hospice,,,,,,,,,salud_bienestar
way,785455194,Hogar de paso Dos. Centro de Rehabilitación para Jóvenes,6.2781024,-75.5816581,,,clinic,rehabilitation,,,Calle 78B,# 36,,,,,salud_bienestar
way,785478911,Grogueria Santa Monica,6.2922548,-75.571815,,,pharmacy,pharmacy,,,Carrera 68,96-121,,,,,salud_bienestar
way,785478912,Coopsana Norte IPS,6.2918447,-75.5697242,,,clinic,,,,Carrera 65,97-07,,,,,salud_bienestar
way,785817870,Minimercado El progresso,6.2855407,-75.5468978,supermarket,,,,,,,,,,,,tienda_viveres
way,785960588,Tienda El Mono,6.2139279,-75.6028675,convenience,,,,,,,,,,,,tienda_viveres
way,785960589,Droguería y Perfumería San Bartolomé,6.2136589,-75.6018976,,,pharmacy,pharmacy,,,,,,,,,salud_bienestar
way,785960591,Su Gran Fruver,6.2133543,-75.6019888,greengrocer,,,,,,,,,,,,tienda_viveres
way,785960593,D1,6.2132222,-75.6017681,supermarket,,,,,,,,,,,,tienda_viveres
way,786037039,The Grill Station Burger,6.2435822,-75.5971894,,,restaurant,,,,,,,,,,comidas
way,786072857,Droguería Específica,6.2427658,-75.6021164,chemist,,,,,,,,,,,,salud_bienestar
way,786072858,Quirófanos y especialistas,6.2433743,-75.5987381,,,clinic,clinic,,,,,,,,,salud_bienestar
way,786081074,Supermercado Uber,6.3081071,-75.5680288,yes,,,,,,,,,,,,
way,786247889,EPS Sura San Diego,6.2301685,-75.5685214,,,clinic,clinic,,,Calle 30-28,Carrera 43,"Mo-Fr 06:00-20:00, Sa 06:00-14:00",,,,salud_bienestar
way,786386322,Oficina Programa Aph de Metrosalud,6.2839656,-75.5765739,,,clinic,clinic,,,,,,,,,salud_bienestar
way,786388430,Centro de comercio El Rodeo,6.2053049,-75.5876935,mall,,,,,,,,,,,,
way,786600402,Billar Alberio,6.2993765,-75.5399885,,,restaurant,,,,,,,,,,comidas
way,786959588,Gimnasio al aire libre La Cruz,6.2694569,-75.5362757,,,,,fitness_centre,,,,,,,,salud_bienestar
way,787001074,Spazio,6.239162,-75.5994075,,,clinic,clinic,,,,,,,,,salud_bienestar
way,787001395,Clínica oftalmologica nueva vision,6.239113,-75.5988046,,,clinic,clinic,,,,,,,,,salud_bienestar
way,787004688,EMCO S.A,6.2417801,-75.6011072,,,doctors,doctor,,,,,,,,,salud_bienestar
way,787371525,Helados Violetta,6.2929085,-75.5586679,,,restaurant,,,,,,,ice_cream,,heladosvioletta.com,comidas
way,787828536,Vía Baloto Drogueria Sert Medellin,6.2926564,-75.5529825,yes,,,,,,Carrera 46A,#102-10,,,,https://www.via.com.co/,
way,787893460,De Moda Outlet,6.2191496,-75.5836388,mall,,,,,,Calle 16,55-129,11:00-19:00,,,https://demodaoutlet.com/,
way,787961634,Adala,6.2532464,-75.5922161,,,clinic,clinic,,,,,,,,,salud_bienestar
way,787961635,Centro de salud más cerca,6.2513625,-75.5963555,,,clinic,clinic,,,,,,,,,salud_bienestar
way,788071556,Estímulos IPS,6.2458002,-75.598068,,,clinic,clinic,,,,,,,,,salud_bienestar
way,788073656,Hospital Universitario de San Vicente Fundación,6.2792644,-75.6019926,,,hospital,,,,,,,,,,salud_bienestar
way,788259765,Imperio Barber Jms,6.2862964,-75.5475319,hairdresser,,,,,,Calle 95A,##3782,,,,,belleza_peluqueria
way,788327227,IPS Integrados,6.2803303,-75.5857385,,,clinic,clinic,,,,,,,,,salud_bienestar
way,791065382,La carbonera,6.2921685,-75.5588245,,,restaurant,,,,Calle 99,#50B-02,Mo-Fr 09:00-24:00,,,,comidas
way,792704465,KFC,6.2594004,-75.5972836,,,fast_food,,,,,,,chicken,,,comidas
way,793260372,Lucilda Alimentari,6.2091004,-75.5586755,,,restaurant,,,,Calle 10,#29-34,,,,,comidas
way,793890500,inSer,6.2132157,-75.5671943,,,clinic,clinic,,,,,,,,https://www.inser.com.co/en/,salud_bienestar
way,796488900,Unidad Intermedia Santa Cruz,6.2900806,-75.5616842,,,hospital,hospital,,,,,,,,,salud_bienestar
way,801457122,Centro de Ortopedia y Traumatologia,6.2587064,-75.5912915,,,clinic,clinic,,,,,,,,,salud_bienestar
way,812501828,Clínica Las Américas Promotora,6.2140356,-75.5949308,,,clinic,clinic,,,Calle 2A-80/140,Diagonal 75B,24/7,,,lasamericas.com.co,salud_bienestar
way,814491794,Clínica de Medellín - Sede Occidente,6.2326354,-75.584429,,,clinic,clinic,,,Carrera 65B,30-95,,,,https://www.clinicamedellin.com/sedes/,salud_bienestar
way,820010493,Éxito Aranjuez,6.2855823,-75.555713,supermarket,,,,,,Calle 94,#48-13,Mo-Su 07:30-20:30,,,,tienda_viveres
way,824411188,Centro Comercial La Central,6.238802,-75.5478411,mall,,,,,,,,,,,,
way,825484875,Drogueria Cruz Verde Mall Suramerica,6.1608781,-75.6278872,,,pharmacy,pharmacy,,,Carrera 52D #75AA SUR 250 LOCAL 120,,,,,,salud_bienestar
way,834197665,Clínica Medellín,6.2513184,-75.563963,,,hospital,hospital,,,,,,,,,salud_bienestar
way,851608887,ru,6.2533202,-75.5480459,,,restaurant,,,,,,,,,,comidas
way,854090374,Clínica Las Vegas,6.2033285,-75.5764497,,,hospital,hospital,,,,,,,,,salud_bienestar
way,859059771,Cruz Blanca EPS,6.2471793,-75.602749,,,clinic,clinic,,,,,,,,,salud_bienestar
way,878916067,Square Plaza,6.194682,-75.5755314,mall,,,,,,Carrera 43A,,,,,,
way,913151396,Viva Las Palmas,6.1530373,-75.5415679,mall,,parking,,,,Vía Las Palmas,,,,,https://www.ccviva.com/palmas,
way,913151397,Viva Las Palmas,6.1529717,-75.5413858,mall,,parking,,,,Vía Las Palmas,,,,,https://www.ccviva.com/palmas,
way,913151398,Viva Las Palmas,6.1525549,-75.5405558,mall,,parking,,,,Vía Las Palmas,,,,,https://www.ccviva.com/palmas,
way,913480942,Parque La Reserva,6.1552235,-75.5318775,mall,,,,,,,,,,,,
way,913758682,Viva Las Palmas,6.1532262,-75.5420831,mall,,parking,,,,Vía Las Palmas,,,,,https://www.ccviva.com/palmas,
way,918758235,McDonald's,6.2446227,-75.5952949,,,fast_food,,,,Transversal 39B,Circular 73B 67,24/7,burger,,,comidas
way,926708031,NICE CAR Lavado y embellecimiento de Autos,6.2474551,-75.598619,,,car_wash,,,,,,,,,,mecanica_motos
way,927803294,Vista Al Vuelo,6.3252003,-75.5963437,,,restaurant,,,,,,,,,,comidas
way,927805448,Waira,6.324174,-75.595854,,,restaurant,,,,,,,regional,,,comidas
way,927805449,San Ateo,6.3235061,-75.5955881,,,restaurant,,,,,,,regional,,,comidas
way,927805451,Mirador San Ateo,6.3228785,-75.5952066,,,restaurant,,,,,,,pizza;coffee_shop,,,comidas
way,931879130,Mercado Arví,6.2816573,-75.5026481,gift,,,,,,,,,,,,papeleria
way,947160026,Clínica Universitaria Bolivariana,6.2768309,-75.5823405,,,clinic,clinic,,,,,,,,,salud_bienestar
way,957265791,MASCOTECNO,6.2600847,-75.59544,pet,,,,,,Calle 49,78A 43,Mo-Sa 08:00-20:00,,,www.mascotecno.com,mascotas
way,957269979,PRADA SABINC,6.2600353,-75.5952969,,,veterinary,,,,Calle 49,78A 43,Mo-Sa 08:00-20:00,,,,mascotas
way,957422254,Hospital General de Medellin,6.2342892,-75.5726499,,,hospital,hospital,,,,,,,,,salud_bienestar
way,960139853,El Chuscal,6.2011162,-75.6992497,,,restaurant,,,,,,,regional,,,comidas
way,972968675,Plaza Arrayanes,6.1671293,-75.6192458,mall,,,,,,,,,,,,
way,986451527,trulipan,6.3405547,-75.5428799,bakery,,,,,,,,,,,,panaderia
way,986452042,La Carreta,6.3404595,-75.5431617,,,restaurant,,,,,,,,,,comidas
way,986452434,Bello sastres,6.3408065,-75.5429788,tailor,,,,,,,,,,,,
way,986453323,heladería la carreta,6.3405019,-75.5431625,,,ice_cream,,,,,,,,,,comidas
way,986784961,Tienda la gloria,6.2793891,-75.5916046,general,,,,,,,,,,,,tienda_viveres
way,999574345,FoodMart,6.1536075,-75.5449693,convenience,,,,,,,,,,,,tienda_viveres
way,1024730118,Centro Comercial Parque Fabricato,6.3260454,-75.5585651,mall,,,,,,,,,,,,
way,1024730145,Hospital Mental de Antioquia,6.3250245,-75.5650501,,,hospital,hospital,,,,,,,,,salud_bienestar
way,1040948202,Gimnasio ITM Robledo,6.2755794,-75.5881517,,,,,fitness_centre,,,,Mo-Fr 08:00-20:30,,,,salud_bienestar
way,1042104962,Gimnasio 2D fitness,6.3043365,-75.5704385,,,,,fitness_centre,,Carrera 74 #106-24,,,,,,salud_bienestar
way,1042463959,Yony Perros,6.27376,-75.5887666,,,restaurant,,,,,,,hog_dog,,,comidas
way,1042464468,Parador Santa Rosa,6.3612104,-75.4969284,,,restaurant,,,,,Km 14,Mo-Su 07:00-20:00,regional,,https://www.paradorsantarosacopacabana.com/,comidas
way,1042465454,Sr Dog,6.2579942,-75.5833705,,,restaurant,,,,,,,burger;hog_dog;papas_fritas,,,comidas
way,1042480483,D1,6.3593769,-75.4982879,supermarket,,,,,,Autopista Norte,,,,,,tienda_viveres
way,1042697609,Restaurante EL MEKATEADERO,6.3441629,-75.5297471,,,restaurant,,,,Diagonal 52 #15a-351,,12:00-22:00,regional;steak_house,,http://mekatiadero.com/,comidas
way,1042753316,Centro Veterinario Salud Animal,6.2562073,-75.5541555,,,veterinary,,,,,Cra. 40 # 64 - 02,,,,,mascotas
way,1042756533,Ocean Pets,6.2386546,-75.5497965,pet,,,,,,,Cr26 #48 40,,,,,mascotas
way,1042764365,Ambar Café Boutique,6.170704,-75.61359,,,restaurant,,,,,Cra. 50A #44 - 43,,,,,comidas
way,1043599754,PAPOTAS,6.2835196,-75.5815684,,,restaurant,,,,,,Mo-Su 10:00-21:00,regional,,,comidas
way,1043618182,DEPOSITO EL PERCAL,6.2854065,-75.5911214,hardware,,,,,,,,,,,,construccion
way,1057671323,Compel SA,6.2370852,-75.5918288,electronics,,,,,,,,,,,,tecnologia_celulares
way,1057671820,Club Family Dogs,6.2367911,-75.5918406,pet,,,,,,,,,,,,mascotas
way,1059227630,Don Sancho,6.2366345,-75.5922782,,,restaurant,,,,,,,,,,comidas
way,1060899840,Clínica Universitaria Bolivariana,6.2769702,-75.5825056,,,clinic,clinic,,,,,,,,,salud_bienestar
way,1074636167,CIS Comfama Itagüí,6.17512,-75.607182,,,hospital,hospital,,,Calle 55A,,,,,,salud_bienestar
way,1078675260,Cis La Estrella Edificio Fuente Clara,6.1568026,-75.6428646,,,hospital,hospital,,,Cl. 81 Sur,#N° 59 115,,,"Centro Integral de Salud en La Estrella con capacidad de atención, cuidado y bienestar para los usuarios del territorio.",https://www.comfama.com/salud-y-cuidado/cis-comfama/,salud_bienestar
way,1078676037,CIS Comfama La Estrella,6.1558575,-75.643098,,,hospital,hospital,,,Cra. 60 #82 Sur - 70 Local 102,#82 Sur,,,"Centro Integral de Salud en La Estrella con capacidad de atención, cuidado y bienestar para los usuarios del territorio.",https://www.comfama.com/salud-y-cuidado/cis-comfama/,salud_bienestar
way,1083065537,Terpel de la 80,6.2039129,-75.5858468,kiosk,,fuel,,,,,,24/7,,,,tienda_viveres
way,1090462518,Instituto Neurológico de Colombia,6.2525186,-75.5634342,,,hospital,,,,Calle 55,46-36,,,,https://institutoneurologico.org/,salud_bienestar
way,1090889646,Metrosalud Guayaquil,6.244711,-75.5698963,,,hospital,,,,,,,,,,salud_bienestar
way,1090891446,Salud Total,6.251965,-75.5965748,,,hospital,hospital,,,,,,,,,salud_bienestar
way,1092215730,Tienda de Yeyo,6.2468658,-75.6232828,convenience,,,,,,Calle 34B,,24/7,,,,tienda_viveres
way,1094706074,Unidad Hospitalaria Manrique,6.2618375,-75.5531984,,,hospital,hospital,,,,,,,,,salud_bienestar
way,1094708709,Clínica Conquistadores,6.2406541,-75.5828836,,,hospital,hospital,,,,,,,,,salud_bienestar
way,1098678272,Centro de salud Llanaditas,6.251842,-75.5438044,,,clinic,clinic,,,Calle 58 # 72,,,,,,salud_bienestar
way,1098681650,Metrosalud Nuevo Occidente,6.2808823,-75.6131082,,,hospital,hospital,,,Carrera 102C,63B-65,,,,,salud_bienestar
way,1098681758,Hospital del sur,6.1846853,-75.5980968,,,hospital,hospital,,,,,,,,,salud_bienestar
way,1098681759,Panaderia Don buñuelo,6.1833564,-75.5980625,,,cafe,,,,,,24/7,coffee_shop,,,comidas
way,1098712220,Panaderia la 6,6.2456154,-75.6208733,bakery,,,,,,,,Mo-Su 07:00-22:00,,,,panaderia
way,1098712222,Barberia de Junior,6.2466952,-75.6220155,hairdresser,,,,,,,,Mo-Sa 10:00-21:00,,,,belleza_peluqueria
way,1098900000,La Salida,6.2788416,-75.6313607,,,restaurant,,,,,,Mo-Sa 08:00-18:00,,,,comidas
way,1098969112,El piloncito,6.2456541,-75.621277,,,fast_food,,,,,,,burger;perros;quesadillas;salchipapas,,,comidas
way,1098969435,venezzia,6.18468,-75.5967757,,,restaurant,,,,,,14:00-23:50,pizza,,,comidas
way,1098969735,Agro Mascotas,6.1845427,-75.5972581,pet,,,,,,,,9:00-21:00,,,,mascotas
way,1098969877,Barber Men,6.1844079,-75.5973962,hairdresser,,,,,,,,24/7,,,,belleza_peluqueria
way,1098970022,gurban,6.1849465,-75.5971151,,,fast_food,,,,,,02:00-23:00,burger,,,comidas
way,1131120001,Amsterdam Plaza,6.2016879,-75.5566142,mall,,,,,,Carrera 25 #4-165,,Mo-Su 08:00-23:30,,,,
way,1136247656,Tiendas D1,6.2143332,-75.6017548,supermarket,,,,,,,,,,,,tienda_viveres
way,1136247661,Tiendas D1,6.2149286,-75.6012587,supermarket,,,,,,,,,,,,tienda_viveres
way,1149915985,Cafetería,6.2743675,-75.5917418,,,restaurant,,,,,,,,,,comidas
way,1149918338,Vivero forestal,6.2644038,-75.5741741,garden_centre,,,,,,,,,,,,
way,1149936261,Juguitos,6.2620877,-75.5779677,food,,,,,,UN Medellín,1,Mo-Fr 05:30-19:30,,,,tienda_viveres
way,1149945644,Maduritas,6.2646587,-75.5775002,,,fast_food,,,,,,,empanada,,,comidas
way,1153845686,caseritos,6.2608355,-75.5754842,,,restaurant,,,,,,,,,,comidas
way,1154136080,KALDI café,6.2615025,-75.576303,,,cafe,,,,,,Mo-Fr 07:00-19:00; Sa 08:00-13:30,,,,comidas
way,1175782705,Farmatodo,6.1992686,-75.5730927,,,pharmacy,pharmacy,,,,,,,,,salud_bienestar
way,1175785230,McDonald's,6.1995394,-75.573897,,,fast_food,,,,,,,burger,,,comidas
way,1201128150,Terpel Zenú,6.3014579,-75.5644642,kiosk,,fuel,,,,,,24/7,,,,tienda_viveres
way,1201128151,Terpel Zenú,6.3013922,-75.5645231,kiosk,,fuel,,,,,,24/7,,,,tienda_viveres
way,1211164315,Supermercados La vaquita,6.2250099,-75.595815,supermarket,,,,,,,,,,,,tienda_viveres
way,1212358775,PriceSmart,6.1880654,-75.5669604,wholesale,,,,,,Carrera 32,11 Sur 220,"Mo-Sa 09:00-20:30; Su,PH 08:00-20:00",,,https://www.pricesmart.com/site/co/en/club-locations/club/el-poblado,
way,1215450039,NOVA Cirugía Plástica,6.1969495,-75.5788154,,,clinic,clinic,,,,,,,,https://novacirugiaplastica.com/,salud_bienestar
way,1215450040,Torre Médica Salud Vegas,6.2040503,-75.5766546,,,clinic,clinic,,,,,,,,,salud_bienestar
way,1215450041,Clínica Aurora,6.2093873,-75.5751616,,,clinic,clinic,,,,,,,,https://clinicaaurora.com.co/,salud_bienestar
way,1215450042,Clínica Aurora Sede 2,6.2090817,-75.5750853,,,clinic,clinic,,,,,,,,https://clinicaaurora.com.co/,salud_bienestar
way,1215450043,Clínica Orlant,6.2403671,-75.5795074,,,clinic,clinic,,,,,,,,https://clinicaorlant.com/,salud_bienestar
way,1215450044,Clínica Odontológica PROMTA,6.250777,-75.5594637,,,clinic,clinic,,,,,,,,https://promta.com.co/,salud_bienestar
way,1218035181,Tienda Balboa,6.2646752,-75.5611696,yes,,,,,,,,,,,,
way,1229087109,Tortas y Tortas,6.2818169,-75.5609883,,,cafe,,,,Carrera 49A,92-25,Mo-Su 09:00-21:00,reposteria,,https://www.tortasytortas.com.co/,comidas
way,1242089219,Ricas Mandingas Especiales,6.2496834,-75.5487101,,,restaurant,,,,Calle 58A,28A-9,sunrise-sunset,burger,,,comidas
way,1242089224,Wings and Beer,6.2508975,-75.5483684,,,restaurant,,,,"Carrera 28 ""59a- 02",,Mo-Su 06:00-22:00,coffee_shop,,,comidas
way,1242090433,Panadería 24 hrs,6.2728228,-75.5487432,bakery,,,,,,,,,,,,panaderia
way,1242091367,Los Cachones,6.2268366,-75.5436471,beverages,,,,,,,,,,,,tienda_viveres
way,1242093349,El Coctelazo,6.283655,-75.5615488,,,cafe,,,,Carrera 51A,,Mo-Su 10:00-24:00,cocteles;granizados;micheladas,,,comidas
way,1256765117,Clap Burger,6.1993435,-75.5648033,,,fast_food,,,,,,,burger,,,comidas
way,1275462860,Creaciones Mares,6.1710743,-75.594061,clothes,,,,,,,,,,,,ropa_calzado
way,1276155211,La coneria,6.1849573,-75.6582755,,,ice_cream,,,,,,,,,,comidas
way,1276165563,Jose Domingo parilla,6.1841955,-75.658365,,,restaurant,,,,,,,,,,comidas
way,1276258580,Mordiscos,6.2884717,-75.579852,,,restaurant,,,,,,,,,,comidas
way,1276258581,Panaderia Mil sabrosuras,6.2885275,-75.5794962,bakery,,,,,,,,,,,,panaderia
way,1276258582,Supermercado Ahorro real,6.2885943,-75.5802389,supermarket,,,,,,,,,,,,tienda_viveres
way,1276258583,Tienda granero Kennia,6.2872541,-75.5795986,supermarket,,,,,,,,,,,,tienda_viveres
way,1276258584,Drogueria tricentenaria,6.2888575,-75.5805094,,,pharmacy,pharmacy,,,,,,,,,salud_bienestar
way,1276287910,Smart Fit,6.25521,-75.6126786,,,,,fitness_centre,,Cl 44 #95 - 37,,,,,,salud_bienestar
way,1280737612,Monin,6.2844427,-75.5905743,stationery,,,,,,,,,,,,papeleria
way,1280737613,Patata station,6.2844634,-75.5904319,,,restaurant,,,,,,,,,,comidas
way,1284555636,Asados Company Belén,6.2194869,-75.5975329,,,restaurant,,,,Calle 10,75-6,,steak_house;barbecue;burger,,https://linktr.ee/Asadoscompany,comidas
way,1286666625,Mall Zona Sur,6.1456697,-75.619534,mall,,,,,,,,,,,,
way,1286697201,Hospital La Estrella,6.1553704,-75.6440696,,,hospital,hospital,,,,,,,,,salud_bienestar
way,1302657000,Pasarela comercial,6.2683951,-75.5683724,,,food_court,,,,,,,,,,comidas
way,1304383307,Aventura Centro Comercial,6.2636916,-75.5670102,mall,,,,,,Carrera 52,65-91,Mo-Sa 10:00-21:00; Su 11:00-20:00; PH 11:00-20:00,,,https://ccaventura.com,
way,1306565307,Gimnasio Municipal,6.0879463,-75.6338833,,,,,fitness_centre,,Calle 134 Sur,,Mo-Th 06:00-21:00; Fr 06:00-20:00; Sa-Su 06:00-12:00; PH off,,,,salud_bienestar
way,1308398558,Clínica Veterinaria Lasallista,6.100297,-75.6399592,,,veterinary,,,,,,24/7,,,https://www.unilasallista.edu.co/clinicaveterinaria/,mascotas
way,1349458548,Centro Comercial Venecia,6.1596964,-75.6432265,mall,,,,,,,,Mo-Su 08:00-20:00,,,,
way,1350745385,Supermercado Los Primos,6.3477613,-75.5492652,supermarket,,,,,,,,,,,,tienda_viveres
way,1363178852,Centro comercial Megacentro,6.2485113,-75.5710071,mall,,,,,,Carrera 53,,,,,,
way,1366082006,Doña Reina,6.2698426,-75.536531,garden_centre,,,,,,,,24/7,,Doña Reina una lider del barrio la cruz fundadora del barrio quien habita este lugar y tiene su pequeño negocio que es su sustento diario,,
way,1373586426,Droguería la Rebaja Plus,6.2143933,-75.5971351,chemist,,,,,,,,,,,,salud_bienestar
way,1373870453,Gimnasio ITM Fraternidad,6.2456982,-75.5490898,,,,,fitness_centre,,,,,,,,salud_bienestar
way,1373999597,Trigo Pan Belén,6.2121817,-75.6035313,bakery,,,,,,,,24/7,,,,panaderia
way,1383093477,Clínica Vida -  Sede La 80,6.2246781,-75.5989388,,,clinic,clinic,,,Carrera 80,,24/7,,,,salud_bienestar
way,1384789466,Cocorolló Las Palmas,6.1725,-75.5464017,,,restaurant,,,,,,Mo-Su 06:00-23:00,chicken,,https://www.cocorollo.com/,comidas
way,1390779357,Farmatodo,6.2014629,-75.568081,,,pharmacy,pharmacy,,,Calle 1 Sur,36 71,,,,,salud_bienestar
way,1390806018,Vivero Tierranegra,6.2080226,-75.571737,garden_centre,,,,,,Calle 7D,43A 15,,,,,
way,1390986193,Toyota Autoamérica,6.2392322,-75.5715415,car,,,,,,,,,,,,mecanica_motos
way,1391965695,Mall Bavaria,6.1597359,-75.6370453,mall,,,,,,,,,,,,
way,1410352020,Comedor comunitario,6.2997574,-75.5255941,,,fast_food,,,,,,,,,,comidas
way,1411955698,Zona de Comidas - Derecho,6.2318752,-75.6102214,,,food_court,,,,,,,,,,comidas
way,1417884886,tienda,6.2795209,-75.5387052,yes,,,,,,,,,,,,
way,1423409337,Maxi Ricuras,6.2118197,-75.6040636,bakery,,,,,,Calle 2B,80A-04,,,,,panaderia
way,1423409664,Y. B. Más,6.2116105,-75.6043887,convenience,,,,,,,,,,,,tienda_viveres
way,1423410196,Mercados Nueva Yorik,6.2111279,-75.6050435,convenience,,,,,,,,08:00-22:00,,,,tienda_viveres
way,1424031180,Granero El Darien,6.2117001,-75.6035861,convenience,,,,,,Calle 2B,80-27,,,,,tienda_viveres
way,1424894942,Cafeteria Parroquia San Vicente Ferrer,6.2707994,-75.6293381,,,cafe,,,,,,,,,,comidas
way,1426289311,Éxito,6.2464185,-75.6017392,department_store,,,,,,,,,,,,
way,1427600671,D1,6.3362711,-75.5708067,supermarket,,,,,,,,"Mo-Su,PH 08:00-21:00",,,,tienda_viveres
way,1433174958,Las Hermosas,6.1994872,-75.5793512,,,cafe,,,,,,,coffee_shop,,,comidas
way,1433621841,El silletero,6.2201713,-75.5020871,supermarket,,,,,,,,,,,,tienda_viveres
way,1433622132,Vivero el Silletero,6.2197182,-75.5020458,garden_centre,,,,,,,,,,,,
way,1433622179,El silletero,6.2198882,-75.502059,hardware,,,,,,,,,,,,construccion
way,1433622241,El silletero,6.2200529,-75.5020825,yes,,,,,,,,,,,,
way,1433622356,El silletero,6.2194989,-75.5018932,,,cafe,,,,,,,,,,comidas
way,1434192538,El Pony Pisador,6.2238695,-75.4906391,,,restaurant,,,,,,,,,,comidas
way,1434193300,Tierra Alta,6.2231701,-75.4916616,,,restaurant,,,,,,,,,,comidas
way,1460052479,Taller,6.2637027,-75.5594006,repair,,,,,,,,,,,,
way,1466123031,Case de Nadie,6.1839316,-75.5517439,,,restaurant,,,,,,,,,,comidas
way,1466123204,Redman Nuestra House,6.1837909,-75.5515843,,,restaurant,,,,Calle 16A Sur #9E-157,,,,,https://www.redman.com.co/,comidas
way,1466521593,Ossion Professional Clínica Del Flow,6.2077148,-75.5663804,hairdresser,,,,,barber,Carrera 36 #8A-18,,,,,,barberia
way,1468027991,Hospital Marco Fidel Suarez,6.3306704,-75.5574023,,,hospital,hospital,,,,,,,,,salud_bienestar
way,1474506961,Cafetería y restaurante El Parador del Norte,6.2691404,-75.5739656,,,cafe,,,,,,,,,,comidas
way,1475168890,Centro Comercial Medellín,6.2562489,-75.5737121,mall,,,,,,,,,,,,
way,1475614230,Supermercado Maxioferta,6.1645153,-75.6362359,supermarket,,,,,,Calle 75 Sur # 53-170,,,,,,tienda_viveres
way,1475620196,Supermercado Maxioferta Estrella Parque,6.1569843,-75.6427651,supermarket,,,,,,Calle 81 Sur # 59-101,,,,,,tienda_viveres
way,1475621512,supermercado maxioferta prado 1,6.1846165,-75.6563682,supermarket,,,,,,Calle 42 Sur  # 79 - 17,,,,,,tienda_viveres
way,1475630438,supermercadoo maxioferta prado 3,6.1856133,-75.6566164,supermarket,,,,,,Carrera 80 # 39 SUR-46,,,,,,tienda_viveres
way,1475642493,Supermercado Maxioferta Palmas,6.2269644,-75.5658009,supermarket,,,,,,Carrera 38 #26-279,,,,,,tienda_viveres
way,1475645620,Supermercado Maxioferta Niquia,6.3399833,-75.5449139,supermarket,,,,,,,,,,,,tienda_viveres
way,1476510802,Supermercado Maxioferta Copacabana,6.3457619,-75.5098225,supermarket,,,,,,Calle 50 #48A-30,,,,,,tienda_viveres
way,1476855283,Zona de diferentes comidas rapidas,6.2950778,-75.5872032,,,fast_food,,,,,,,,,,comidas
way,1476859452,Comidas rapidas,6.2939359,-75.5865838,,,fast_food,,,,,,,,,,comidas
way,1476860228,Comuda rapida,6.2934829,-75.5861379,,,fast_food,,,,,,,,,,comidas
way,1476980749,Panaderia Don Tranquilo,6.2918315,-75.5828561,bakery,,,,,,,,,,,,panaderia
way,1477791952,La frutera,6.2991089,-75.5882093,greengrocer,,,,,,,,,,,,tienda_viveres
way,1480354528,Tienda de la autopista,6.2756577,-75.6343255,yes,,,,,,,,,,,,
way,1481437258,Hojaldre,6.2644203,-75.5692661,bakery,,,,,,,,,,,,panaderia
way,1488873215,aa,6.225693,-75.562697,,,cafe,,,,,,,,,,comidas
way,1489197502,Casa El Ramal y Bar Mandarino,6.2118448,-75.57213,,,restaurant,,,,Carrera 43D # 10 - 72,,,,,https://casa-el-ramal.cluvi.co/,comidas
way,1489546633,Mis Joyas,6.2280014,-75.5723665,pawnbroker,,,,,,,,,,,,
way,1491390344,Supermercado CHEO,6.2631705,-75.6099012,supermarket,,,,,,,,,,,,tienda_viveres
way,1492043885,Tienda de Libardo,6.2640222,-75.6073455,yes,,,,,,,,,,,,
way,1493183320,El baratillo,6.2974118,-75.5841765,supermarket,,,,,,,,,,,,tienda_viveres
way,1493206606,Congelados de Amor,6.2981324,-75.5835556,,,ice_cream,,,,,,,,,,comidas
way,1493724071,Gimnasio Virfit,6.1883363,-75.5993584,,,,,fitness_centre,,Carrera 55B,,,,,https://www.google.com/search?q=virfit&oq=virfit&gs_lcrp=EgZjaHJvbWUqCggAEAAY4wIYgAQyCggAEAAY4wIYgAQyDQgBEC4YrwEYxwEYgAQyDQgCEC4YrwEYxwEYgAQyBwgDEAAYgAQyBwgEEAAYgAQyBwgFEAAYgAQyBwgGEAAYgAQyBwgHEAAYgAQyCggIEAAYgAQYogQyBwgJEAAY7wXSAQgyNTc0ajBqN6gCALACAA&sou,salud_bienestar
way,1493725697,La Torre,6.1887843,-75.5966396,mall,,,,,,Carrera 52D,,,,,,
way,1493740119,El Sagrado Corazón,6.2809999,-75.5654392,yes,,,,,,Calle 88A,,Mo-Su 07:00-22:00,,,,
way,1493740216,Spa de Uñas,6.2820786,-75.5639177,beauty,,,,,,Calle 90,,Mo-Sa 08:00-20:00,,,,belleza_peluqueria
way,1493740563,Supermercado La 80 Aranjuez,6.2800508,-75.5635448,supermarket,,,,,,Carrera 52,,Mo-Su 09:00-22:00,,,,tienda_viveres
way,1493741018,D1 Aranjuez Alamos,6.2799603,-75.5636234,supermarket,,,,,,Calle 87,,Mo-Fr 09:00-18:00,,,,tienda_viveres
way,1494280965,D1 Moravia,6.2775508,-75.5646578,supermarket,,,,,,Carrera 55,,Mo-Su 08:00-22:00,,,,tienda_viveres
way,1494282951,Taller Reparación de Moto,6.2803136,-75.5652338,motorcycle_repair,,,,,,Carrera 53,,,,,,mecanica_motos
way,1494287860,Tienda Casera Carabobo,6.2801671,-75.5652051,yes,,,,,,Carrera 55,,,,,,
way,1496365593,SK Rental,6.08209,-75.6309984,rental,,,,,,Carrera 45,134 Sur-605,,,Alquiler de maquinaría pesada.,https://www.skrental.com/,
way,1497571684,Congo Negro Drink & Coffe,6.2324214,-75.5917994,,,cafe,,,,Calle 30A #70-22,,,coffee_shop;steak_house;burger;barbecue,,https://www.instagram.com/congonegrodrinks/,comidas
way,1500884072,Librería Acentos,6.1994082,-75.5788361,books,,,,,,,,Mo-Fr 09:00-17:00; Sa 09:00-13:00,,,,papeleria
way,1500948782,Madelo EAFIT,6.2003186,-75.5781774,,,ice_cream,,,,,,Mo-Fr 10:00-20:30; Sa 10:00-16:00,,,,comidas
way,1500948785,Tienda EAFIT,6.2003151,-75.5780045,general,,,,,,,,,,,,tienda_viveres
way,1501191114,128 s,6.0929585,-75.6337883,mall,,,,,,,,,,,,
way,1501254584,Mis Joyas,6.2280585,-75.5723235,pawnbroker,,,,,,,,,,,,
way,1503771784,Dogger EAFIT,6.2001821,-75.5784158,,,fast_food,,,,,,,hot_dog,,,comidas
way,1507069517,La Locura de Picacho,6.3060341,-75.5827254,yes,,,,,,,,,,,,
way,1509386190,Aserríos del Sur,6.0935659,-75.6356552,,sawmill,,,,,Calle 127 Sur,49-33,,,,https://www.aserriosdelsur.com/,
way,1510178555,Mall Antares,6.0925929,-75.6365893,mall,,,,,,,,,,,,
way,1512360144,Casanare,6.090995,-75.6363745,mall,,,,,,Calle 130 Sur,50-31,,,,,
way,1516687619,Mall Villa Rita,6.0858086,-75.6344461,mall,,,,,,Carrera 48,136 Sur-33,,,,,
way,1525330542,Comidas Rapidas,6.2934442,-75.5828611,,,fast_food,,,,,,,,,,comidas
way,1525330543,Doxxis Licorera,6.2933723,-75.5828705,alcohol,,,,,,,,,,,,tienda_viveres
way,1525950149,Salsas & Desechables Gore,6.2920371,-75.58299,general,,,,,,,,,,,,tienda_viveres
way,1526894300,Turbo Diesel - Centro Avanzado Diesel,6.2323932,-75.5734906,car_repair,,,,,,Calle 31,46-33,,,,,mecanica_motos
way,1529275708,Tienda de emanuel,6.3208857,-75.5821729,yes,,,,,,,,,,,,
way,1529487399,Siruma,6.0911008,-75.6372963,mall,,,,,,Calle 130 Sur,51-43,,,,,
way,1529914841,comidas rápidas,6.3169876,-75.5791081,,,restaurant,,,,,,,,,,comidas
way,1529914845,DIMARI,6.3171938,-75.5786496,car_parts,,,,,,,,,,,,mecanica_motos
way,1533806118,Taller Automotriz Primavera,6.0681791,-75.6330748,car_repair,,,,,,,,,,,,mecanica_motos
way,1554542824,Daniel_Tattoo,6.283117,-75.5894803,tattoo,,,,,,,,,,,,
way,1554543414,Helados Amapola,6.2829069,-75.5893329,ice_cream,,ice_cream,,,,Carrera 85B,#77CC-33,,,,,comidas
way,1554544187,Optica Espejo Visual,6.282789,-75.5894682,,,,optometrist,,,Carrera 85B,#77CC-09,,,,,salud_bienestar
way,1554544528,Vacasan Papeleria,6.282753,-75.5895261,stationery,,,,,,Carrera 85B,#77CC-01,,,,,papeleria
way,1554546643,Drogueria Tricolo,6.2827809,-75.5891761,,,pharmacy,pharmacy,,,Carrera 85B,#77D,,,,,salud_bienestar
way,1554547582,Ave Maria Nail Spa,6.2826151,-75.5893795,beauty,,,,,,Carrera 85B,#77CC-02,,,,,belleza_peluqueria
way,1554549146,Activos Gym,6.2829412,-75.5889724,,,,,fitness_centre,,,,,,,,salud_bienestar
way,1554549451,Sol Martinez Beauty,6.2827725,-75.5889713,beauty,,,,,,,,,,,,belleza_peluqueria
way,1554549890,Ser Spa,6.2829955,-75.5889195,beauty,,,,,,,,,,,,belleza_peluqueria
way,1554550143,Strong Mind Strong Body,6.2828114,-75.5890246,,,,,fitness_centre,,,,,,,,salud_bienestar
way,1554550703,Tienda Mixta el Eden,6.2831977,-75.5889713,convenience,,,,,,,,,,,,tienda_viveres
way,1554555006,MC Caps,6.2834293,-75.5888733,clothes,,,,,,,,,,,,ropa_calzado
way,1554555008,Cells Mobil,6.2832226,-75.588627,mobile_phone,,,,,,,,,,,,tecnologia_celulares
way,1554555010,Pain & Bee Tattoo,6.2832922,-75.5885014,tattoo,,,,,,,,,,,,
way,1554555012,Storfa Tienda,6.2832591,-75.5882664,clothes,,,,,,,,,,,,ropa_calzado
way,1554555014,Basiliko,6.2829078,-75.5881642,,caterer,,,,,,,,,,,
way,1554555015,Delicias de la Mona,6.2824471,-75.5878086,,,restaurant,,,,,,,,,,comidas
way,1554555018,Mero Taller,6.282178,-75.5888301,clothes,,,,,,,,,,,,ropa_calzado
way,1554555019,Restuarante Las Delicias de Cris,6.2823341,-75.588931,,,restaurant,,,,,,,,,,comidas
way,1556481103,restaurante escolar,6.2735083,-75.5490743,,,restaurant,,,,,,,,"Restaurante escolar. Reciben comida preparada por grados. Lugar de conflictos o afinidad con otros grupos, no todos reciben, algunos no les…",,comidas
way,1556482085,sala de tecnología e informática,6.2735148,-75.5491159,computer,,,,,,,,,,"Lugar de aprendizaje, pero también donde muchos se distraen en juegos, redes sociales y causan conflictos.",,tecnologia_celulares
